{
  "type": "FeatureCollection",
  "features": [
    {
      "type": "Feature",
      "id": "S2B_MSIL2A_20230721T080609_R078_T35MRT_20241014T020524",
      "geometry": {
        "type": "Polygon",
        "coordinates": [
          [
            [
              29.6961769,
              -1.8072608
            ],
            [
              30.6818577,
              -1.8055187
            ],
            [
              30.684405,
              -2.796832
            ],
            [
              29.6980446,
              -2.7995317
            ],
            [
              29.6961769,
              -1.8072608
            ]
          ]
        ]
      },
      "properties": {
        "id": "S2B_MSIL2A_20230721T080609_R078_T35MRT_20241014T020524",
        "collection": "sentinel-2-l2a",
        "datetime": "2023-07-21T08:06:09.024000Z",
        "cloud_cover": 0.006805,
        "mgrs_tile": "35MRT",
        "assets": {
          "AOT": "https://sentinel2l2a01.blob.core.windows.net/sentinel2-l2/35/M/RT/2023/07/21/S2B_MSIL2A_20230721T080609_N0510_R078_T35MRT_20241014T020524.SAFE/GRANULE/L2A_T35MRT_A033280_20230721T082518/IMG_DATA/R10m/T35MRT_20230721T080609_AOT_10m.tif",
          "B01": "https://sentinel2l2a01.blob.core.windows.net/sentinel2-l2/35/M/RT/2023/07/21/S2B_MSIL2A_20230721T080609_N0510_R078_T35MRT_20241014T020524.SAFE/GRANULE/L2A_T35MRT_A033280_20230721T082518/IMG_DATA/R60m/T35MRT_20230721T080609_B01_60m.tif",
          "B02": "https://sentinel2l2a01.blob.core.windows.net/sentinel2-l2/35/M/RT/2023/07/21/S2B_MSIL2A_20230721T080609_N0510_R078_T35MRT_20241014T020524.SAFE/GRANULE/L2A_T35MRT_A033280_20230721T082518/IMG_DATA/R10m/T35MRT_20230721T080609_B02_10m.tif",
          "B03": "https://sentinel2l2a01.blob.core.windows.net/sentinel2-l2/35/M/RT/2023/07/21/S2B_MSIL2A_20230721T080609_N0510_R078_T35MRT_20241014T020524.SAFE/GRANULE/L2A_T35MRT_A033280_20230721T082518/IMG_DATA/R10m/T35MRT_20230721T080609_B03_10m.tif",
          "B04": "https://sentinel2l2a01.blob.core.windows.net/sentinel2-l2/35/M/RT/2023/07/21/S2B_MSIL2A_20230721T080609_N0510_R078_T35MRT_20241014T020524.SAFE/GRANULE/L2A_T35MRT_A033280_20230721T082518/IMG_DATA/R10m/T35MRT_20230721T080609_B04_10m.tif",
          "B05": "https://sentinel2l2a01.blob.core.windows.net/sentinel2-l2/35/M/RT/2023/07/21/S2B_MSIL2A_20230721T080609_N0510_R078_T35MRT_20241014T020524.SAFE/GRANULE/L2A_T35MRT_A033280_20230721T082518/IMG_DATA/R20m/T35MRT_20230721T080609_B05_20m.tif",
          "B06": "https://sentinel2l2a01.blob.core.windows.net/sentinel2-l2/35/M/RT/2023/07/21/S2B_MSIL2A_20230721T080609_N0510_R078_T35MRT_20241014T020524.SAFE/GRANULE/L2A_T35MRT_A033280_20230721T082518/IMG_DATA/R20m/T35MRT_20230721T080609_B06_20m.tif",
          "B07": "https://sentinel2l2a01.blob.core.windows.net/sentinel2-l2/35/M/RT/2023/07/21/S2B_MSIL2A_20230721T080609_N0510_R078_T35MRT_20241014T020524.SAFE/GRANULE/L2A_T35MRT_A033280_20230721T082518/IMG_DATA/R20m/T35MRT_20230721T080609_B07_20m.tif",
          "B08": "https://sentinel2l2a01.blob.core.windows.net/sentinel2-l2/35/M/RT/2023/07/21/S2B_MSIL2A_20230721T080609_N0510_R078_T35MRT_20241014T020524.SAFE/GRANULE/L2A_T35MRT_A033280_20230721T082518/IMG_DATA/R10m/T35MRT_20230721T080609_B08_10m.tif",
          "B09": "https://sentinel2l2a01.blob.core.windows.net/sentinel2-l2/35/M/RT/2023/07/21/S2B_MSIL2A_20230721T080609_N0510_R078_T35MRT_20241014T020524.SAFE/GRANULE/L2A_T35MRT_A033280_20230721T082518/IMG_DATA/R60m/T35MRT_20230721T080609_B09_60m.tif",
          "B11": "https://sentinel2l2a01.blob.core.windows.net/sentinel2-l2/35/M/RT/2023/07/21/S2B_MSIL2A_20230721T080609_N0510_R078_T35MRT_20241014T020524.SAFE/GRANULE/L2A_T35MRT_A033280_20230721T082518/IMG_DATA/R20m/T35MRT_20230721T080609_B11_20m.tif",
          "B12": "https://sentinel2l2a01.blob.core.windows.net/sentinel2-l2/35/M/RT/2023/07/21/S2B_MSIL2A_20230721T080609_N0510_R078_T35MRT_20241014T020524.SAFE/GRANULE/L2A_T35MRT_A033280_20230721T082518/IMG_DATA/R20m/T35MRT_20230721T080609_B12_20m.tif",
          "B8A": "https://sentinel2l2a01.blob.core.windows.net/sentinel2-l2/35/M/RT/2023/07/21/S2B_MSIL2A_20230721T080609_N0510_R078_T35MRT_20241014T020524.SAFE/GRANULE/L2A_T35MRT_A033280_20230721T082518/IMG_DATA/R20m/T35MRT_20230721T080609_B8A_20m.tif",
          "SCL": "https://sentinel2l2a01.blob.core.windows.net/sentinel2-l2/35/M/RT/2023/07/21/S2B_MSIL2A_20230721T080609_N0510_R078_T35MRT_20241014T020524.SAFE/GRANULE/L2A_T35MRT_A033280_20230721T082518/IMG_DATA/R20m/T35MRT_20230721T080609_SCL_20m.tif",
          "WVP": "https://sentinel2l2a01.blob.core.windows.net/sentinel2-l2/35/M/RT/2023/07/21/S2B_MSIL2A_20230721T080609_N0510_R078_T35MRT_20241014T020524.SAFE/GRANULE/L2A_T35MRT_A033280_20230721T082518/IMG_DATA/R10m/T35MRT_20230721T080609_WVP_10m.tif",
          "visual": "https://sentinel2l2a01.blob.core.windows.net/sentinel2-l2/35/M/RT/2023/07/21/S2B_MSIL2A_20230721T080609_N0510_R078_T35MRT_20241014T020524.SAFE/GRANULE/L2A_T35MRT_A033280_20230721T082518/IMG_DATA/R10m/T35MRT_20230721T080609_TCI_10m.tif",
          "safe-manifest": "https://sentinel2l2a01.blob.core.windows.net/sentinel2-l2/35/M/RT/2023/07/21/S2B_MSIL2A_20230721T080609_N0510_R078_T35MRT_20241014T020524.SAFE/manifest.safe",
          "granule-metadata": "https://sentinel2l2a01.blob.core.windows.net/sentinel2-l2/35/M/RT/2023/07/21/S2B_MSIL2A_20230721T080609_N0510_R078_T35MRT_20241014T020524.SAFE/GRANULE/L2A_T35MRT_A033280_20230721T082518/MTD_TL.xml",
          "inspire-metadata": "https://sentinel2l2a01.blob.core.windows.net/sentinel2-l2/35/M/RT/2023/07/21/S2B_MSIL2A_20230721T080609_N0510_R078_T35MRT_20241014T020524.SAFE/INSPIRE.xml",
          "product-metadata": "https://sentinel2l2a01.blob.core.windows.net/sentinel2-l2/35/M/RT/2023/07/21/S2B_MSIL2A_20230721T080609_N0510_R078_T35MRT_20241014T020524.SAFE/MTD_MSIL2A.xml",
          "datastrip-metadata": "https://sentinel2l2a01.blob.core.windows.net/sentinel2-l2/35/M/RT/2023/07/21/S2B_MSIL2A_20230721T080609_N0510_R078_T35MRT_20241014T020524.SAFE/DATASTRIP/DS_S2RP_20241014T020524_S20230721T082518/MTD_DS.xml",
          "tilejson": "https://planetarycomputer.microsoft.com/api/data/v1/item/tilejson.json?collection=sentinel-2-l2a&item=S2B_MSIL2A_20230721T080609_R078_T35MRT_20241014T020524&assets=visual&asset_bidx=visual%7C1%2C2%2C3&nodata=0&format=png",
          "rendered_preview": "https://planetarycomputer.microsoft.com/api/data/v1/item/preview.png?collection=sentinel-2-l2a&item=S2B_MSIL2A_20230721T080609_R078_T35MRT_20241014T020524&assets=visual&asset_bidx=visual%7C1%2C2%2C3&nodata=0&format=png"
        },
        "stac_properties": {
          "datetime": "2023-07-21T08:06:09.024000Z",
          "platform": "Sentinel-2B",
          "instruments": [
            "msi"
          ],
          "s2:mgrs_tile": "35MRT",
          "constellation": "Sentinel 2",
          "s2:granule_id": "S2B_OPER_MSI_L2A_TL_S2RP_20241014T020524_A033280_T35MRT_N05.10",
          "eo:cloud_cover": 0.006805,
          "s2:datatake_id": "GS2B_20230721T080609_033280_N05.10",
          "s2:product_uri": "S2B_MSIL2A_20230721T080609_N0510_R078_T35MRT_20241014T020524.SAFE",
          "s2:datastrip_id": "S2B_OPER_MSI_L2A_DS_S2RP_20241014T020524_S20230721T082518_N05.10",
          "s2:product_type": "S2MSI2A",
          "sat:orbit_state": "descending",
          "s2:datatake_type": "INS-NOBS",
          "s2:generation_time": "2024-10-14T02:05:24.000000Z",
          "sat:relative_orbit": 78,
          "s2:water_percentage": 2.601468,
          "s2:mean_solar_zenith": 32.5376890376969,
          "s2:mean_solar_azimuth": 44.4063921744498,
          "s2:processing_baseline": "05.10",
          "s2:snow_ice_percentage": 0.0,
          "s2:vegetation_percentage": 47.965485,
          "s2:thin_cirrus_percentage": 0.0,
          "s2:cloud_shadow_percentage": 0.013504,
          "s2:nodata_pixel_percentage": 0.0,
          "s2:unclassified_percentage": 0.947903,
          "s2:dark_features_percentage": 0.081058,
          "s2:not_vegetated_percentage": 48.383778,
          "s2:degraded_msi_data_percentage": 0.0196,
          "s2:high_proba_clouds_percentage": 0.004778,
          "s2:reflectance_conversion_factor": 0.968057698305509,
          "s2:medium_proba_clouds_percentage": 0.002027,
          "s2:saturated_defective_pixel_percentage": 0.0,
          "proj:code": "EPSG:32735"
        }
      }
    },
    {
      "type": "Feature",
      "id": "S2B_MSIL2A_20230721T080609_R078_T35MRU_20241014T020524",
      "geometry": {
        "type": "Polygon",
        "coordinates": [
          [
            [
              29.6951767,
              -0.9033618
            ],
            [
              30.6804936,
              -0.9024912
            ],
            [
              30.68204,
              -1.8938167
            ],
            [
              29.6963105,
              -1.895644
            ],
            [
              29.6951767,
              -0.9033618
            ]
          ]
        ]
      },
      "properties": {
        "id": "S2B_MSIL2A_20230721T080609_R078_T35MRU_20241014T020524",
        "collection": "sentinel-2-l2a",
        "datetime": "2023-07-21T08:06:09.024000Z",
        "cloud_cover": 0.018351,
        "mgrs_tile": "35MRU",
        "assets": {
          "AOT": "https://sentinel2l2a01.blob.core.windows.net/sentinel2-l2/35/M/RU/2023/07/21/S2B_MSIL2A_20230721T080609_N0510_R078_T35MRU_20241014T020524.SAFE/GRANULE/L2A_T35MRU_A033280_20230721T082518/IMG_DATA/R10m/T35MRU_20230721T080609_AOT_10m.tif",
          "B01": "https://sentinel2l2a01.blob.core.windows.net/sentinel2-l2/35/M/RU/2023/07/21/S2B_MSIL2A_20230721T080609_N0510_R078_T35MRU_20241014T020524.SAFE/GRANULE/L2A_T35MRU_A033280_20230721T082518/IMG_DATA/R60m/T35MRU_20230721T080609_B01_60m.tif",
          "B02": "https://sentinel2l2a01.blob.core.windows.net/sentinel2-l2/35/M/RU/2023/07/21/S2B_MSIL2A_20230721T080609_N0510_R078_T35MRU_20241014T020524.SAFE/GRANULE/L2A_T35MRU_A033280_20230721T082518/IMG_DATA/R10m/T35MRU_20230721T080609_B02_10m.tif",
          "B03": "https://sentinel2l2a01.blob.core.windows.net/sentinel2-l2/35/M/RU/2023/07/21/S2B_MSIL2A_20230721T080609_N0510_R078_T35MRU_20241014T020524.SAFE/GRANULE/L2A_T35MRU_A033280_20230721T082518/IMG_DATA/R10m/T35MRU_20230721T080609_B03_10m.tif",
          "B04": "https://sentinel2l2a01.blob.core.windows.net/sentinel2-l2/35/M/RU/2023/07/21/S2B_MSIL2A_20230721T080609_N0510_R078_T35MRU_20241014T020524.SAFE/GRANULE/L2A_T35MRU_A033280_20230721T082518/IMG_DATA/R10m/T35MRU_20230721T080609_B04_10m.tif",
          "B05": "https://sentinel2l2a01.blob.core.windows.net/sentinel2-l2/35/M/RU/2023/07/21/S2B_MSIL2A_20230721T080609_N0510_R078_T35MRU_20241014T020524.SAFE/GRANULE/L2A_T35MRU_A033280_20230721T082518/IMG_DATA/R20m/T35MRU_20230721T080609_B05_20m.tif",
          "B06": "https://sentinel2l2a01.blob.core.windows.net/sentinel2-l2/35/M/RU/2023/07/21/S2B_MSIL2A_20230721T080609_N0510_R078_T35MRU_20241014T020524.SAFE/GRANULE/L2A_T35MRU_A033280_20230721T082518/IMG_DATA/R20m/T35MRU_20230721T080609_B06_20m.tif",
          "B07": "https://sentinel2l2a01.blob.core.windows.net/sentinel2-l2/35/M/RU/2023/07/21/S2B_MSIL2A_20230721T080609_N0510_R078_T35MRU_20241014T020524.SAFE/GRANULE/L2A_T35MRU_A033280_20230721T082518/IMG_DATA/R20m/T35MRU_20230721T080609_B07_20m.tif",
          "B08": "https://sentinel2l2a01.blob.core.windows.net/sentinel2-l2/35/M/RU/2023/07/21/S2B_MSIL2A_20230721T080609_N0510_R078_T35MRU_20241014T020524.SAFE/GRANULE/L2A_T35MRU_A033280_20230721T082518/IMG_DATA/R10m/T35MRU_20230721T080609_B08_10m.tif",
          "B09": "https://sentinel2l2a01.blob.core.windows.net/sentinel2-l2/35/M/RU/2023/07/21/S2B_MSIL2A_20230721T080609_N0510_R078_T35MRU_20241014T020524.SAFE/GRANULE/L2A_T35MRU_A033280_20230721T082518/IMG_DATA/R60m/T35MRU_20230721T080609_B09_60m.tif",
          "B11": "https://sentinel2l2a01.blob.core.windows.net/sentinel2-l2/35/M/RU/2023/07/21/S2B_MSIL2A_20230721T080609_N0510_R078_T35MRU_20241014T020524.SAFE/GRANULE/L2A_T35MRU_A033280_20230721T082518/IMG_DATA/R20m/T35MRU_20230721T080609_B11_20m.tif",
          "B12": "https://sentinel2l2a01.blob.core.windows.net/sentinel2-l2/35/M/RU/2023/07/21/S2B_MSIL2A_20230721T080609_N0510_R078_T35MRU_20241014T020524.SAFE/GRANULE/L2A_T35MRU_A033280_20230721T082518/IMG_DATA/R20m/T35MRU_20230721T080609_B12_20m.tif",
          "B8A": "https://sentinel2l2a01.blob.core.windows.net/sentinel2-l2/35/M/RU/2023/07/21/S2B_MSIL2A_20230721T080609_N0510_R078_T35MRU_20241014T020524.SAFE/GRANULE/L2A_T35MRU_A033280_20230721T082518/IMG_DATA/R20m/T35MRU_20230721T080609_B8A_20m.tif",
          "SCL": "https://sentinel2l2a01.blob.core.windows.net/sentinel2-l2/35/M/RU/2023/07/21/S2B_MSIL2A_20230721T080609_N0510_R078_T35MRU_20241014T020524.SAFE/GRANULE/L2A_T35MRU_A033280_20230721T082518/IMG_DATA/R20m/T35MRU_20230721T080609_SCL_20m.tif",
          "WVP": "https://sentinel2l2a01.blob.core.windows.net/sentinel2-l2/35/M/RU/2023/07/21/S2B_MSIL2A_20230721T080609_N0510_R078_T35MRU_20241014T020524.SAFE/GRANULE/L2A_T35MRU_A033280_20230721T082518/IMG_DATA/R10m/T35MRU_20230721T080609_WVP_10m.tif",
          "visual": "https://sentinel2l2a01.blob.core.windows.net/sentinel2-l2/35/M/RU/2023/07/21/S2B_MSIL2A_20230721T080609_N0510_R078_T35MRU_20241014T020524.SAFE/GRANULE/L2A_T35MRU_A033280_20230721T082518/IMG_DATA/R10m/T35MRU_20230721T080609_TCI_10m.tif",
          "safe-manifest": "https://sentinel2l2a01.blob.core.windows.net/sentinel2-l2/35/M/RU/2023/07/21/S2B_MSIL2A_20230721T080609_N0510_R078_T35MRU_20241014T020524.SAFE/manifest.safe",
          "granule-metadata": "https://sentinel2l2a01.blob.core.windows.net/sentinel2-l2/35/M/RU/2023/07/21/S2B_MSIL2A_20230721T080609_N0510_R078_T35MRU_20241014T020524.SAFE/GRANULE/L2A_T35MRU_A033280_20230721T082518/MTD_TL.xml",
          "inspire-metadata": "https://sentinel2l2a01.blob.core.windows.net/sentinel2-l2/35/M/RU/2023/07/21/S2B_MSIL2A_20230721T080609_N0510_R078_T35MRU_20241014T020524.SAFE/INSPIRE.xml",
          "product-metadata": "https://sentinel2l2a01.blob.core.windows.net/sentinel2-l2/35/M/RU/2023/07/21/S2B_MSIL2A_20230721T080609_N0510_R078_T35MRU_20241014T020524.SAFE/MTD_MSIL2A.xml",
          "datastrip-metadata": "https://sentinel2l2a01.blob.core.windows.net/sentinel2-l2/35/M/RU/2023/07/21/S2B_MSIL2A_20230721T080609_N0510_R078_T35MRU_20241014T020524.SAFE/DATASTRIP/DS_S2RP_20241014T020524_S20230721T082518/MTD_DS.xml",
          "tilejson": "https://planetarycomputer.microsoft.com/api/data/v1/item/tilejson.json?collection=sentinel-2-l2a&item=S2B_MSIL2A_20230721T080609_R078_T35MRU_20241014T020524&assets=visual&asset_bidx=visual%7C1%2C2%2C3&nodata=0&format=png",
          "rendered_preview": "https://planetarycomputer.microsoft.com/api/data/v1/item/preview.png?collection=sentinel-2-l2a&item=S2B_MSIL2A_20230721T080609_R078_T35MRU_20241014T020524&assets=visual&asset_bidx=visual%7C1%2C2%2C3&nodata=0&format=png"
        },
        "stac_properties": {
          "datetime": "2023-07-21T08:06:09.024000Z",
          "platform": "Sentinel-2B",
          "instruments": [
            "msi"
          ],
          "s2:mgrs_tile": "35MRU",
          "constellation": "Sentinel 2",
          "s2:granule_id": "S2B_OPER_MSI_L2A_TL_S2RP_20241014T020524_A033280_T35MRU_N05.10",
          "eo:cloud_cover": 0.018351,
          "s2:datatake_id": "GS2B_20230721T080609_033280_N05.10",
          "s2:product_uri": "S2B_MSIL2A_20230721T080609_N0510_R078_T35MRU_20241014T020524.SAFE",
          "s2:datastrip_id": "S2B_OPER_MSI_L2A_DS_S2RP_20241014T020524_S20230721T082518_N05.10",
          "s2:product_type": "S2MSI2A",
          "sat:orbit_state": "descending",
          "s2:datatake_type": "INS-NOBS",
          "s2:generation_time": "2024-10-14T02:05:24.000000Z",
          "sat:relative_orbit": 78,
          "s2:water_percentage": 1.454899,
          "s2:mean_solar_zenith": 31.9425014954432,
          "s2:mean_solar_azimuth": 45.4908133102155,
          "s2:processing_baseline": "05.10",
          "s2:snow_ice_percentage": 0.0,
          "s2:vegetation_percentage": 51.560807,
          "s2:thin_cirrus_percentage": 1.3e-05,
          "s2:cloud_shadow_percentage": 0.03075,
          "s2:nodata_pixel_percentage": 0.0,
          "s2:unclassified_percentage": 1.510151,
          "s2:dark_features_percentage": 0.52321,
          "s2:not_vegetated_percentage": 44.901833,
          "s2:degraded_msi_data_percentage": 0.0149,
          "s2:high_proba_clouds_percentage": 0.011264,
          "s2:reflectance_conversion_factor": 0.968057698305509,
          "s2:medium_proba_clouds_percentage": 0.007074,
          "s2:saturated_defective_pixel_percentage": 0.0,
          "proj:code": "EPSG:32735"
        }
      }
    },
    {
      "type": "Feature",
      "id": "S2A_MSIL2A_20230726T080611_R078_T35MRT_20241014T060215",
      "geometry": {
        "type": "Polygon",
        "coordinates": [
          [
            [
              29.6961769,
              -1.8072608
            ],
            [
              30.6818577,
              -1.8055187
            ],
            [
              30.684405,
              -2.796832
            ],
            [
              29.6980446,
              -2.7995317
            ],
            [
              29.6961769,
              -1.8072608
            ]
          ]
        ]
      },
      "properties": {
        "id": "S2A_MSIL2A_20230726T080611_R078_T35MRT_20241014T060215",
        "collection": "sentinel-2-l2a",
        "datetime": "2023-07-26T08:06:11.024000Z",
        "cloud_cover": 0.127335,
        "mgrs_tile": "35MRT",
        "assets": {
          "AOT": "https://sentinel2l2a01.blob.core.windows.net/sentinel2-l2/35/M/RT/2023/07/26/S2A_MSIL2A_20230726T080611_N0510_R078_T35MRT_20241014T060215.SAFE/GRANULE/L2A_T35MRT_A042260_20230726T082517/IMG_DATA/R10m/T35MRT_20230726T080611_AOT_10m.tif",
          "B01": "https://sentinel2l2a01.blob.core.windows.net/sentinel2-l2/35/M/RT/2023/07/26/S2A_MSIL2A_20230726T080611_N0510_R078_T35MRT_20241014T060215.SAFE/GRANULE/L2A_T35MRT_A042260_20230726T082517/IMG_DATA/R60m/T35MRT_20230726T080611_B01_60m.tif",
          "B02": "https://sentinel2l2a01.blob.core.windows.net/sentinel2-l2/35/M/RT/2023/07/26/S2A_MSIL2A_20230726T080611_N0510_R078_T35MRT_20241014T060215.SAFE/GRANULE/L2A_T35MRT_A042260_20230726T082517/IMG_DATA/R10m/T35MRT_20230726T080611_B02_10m.tif",
          "B03": "https://sentinel2l2a01.blob.core.windows.net/sentinel2-l2/35/M/RT/2023/07/26/S2A_MSIL2A_20230726T080611_N0510_R078_T35MRT_20241014T060215.SAFE/GRANULE/L2A_T35MRT_A042260_20230726T082517/IMG_DATA/R10m/T35MRT_20230726T080611_B03_10m.tif",
          "B04": "https://sentinel2l2a01.blob.core.windows.net/sentinel2-l2/35/M/RT/2023/07/26/S2A_MSIL2A_20230726T080611_N0510_R078_T35MRT_20241014T060215.SAFE/GRANULE/L2A_T35MRT_A042260_20230726T082517/IMG_DATA/R10m/T35MRT_20230726T080611_B04_10m.tif",
          "B05": "https://sentinel2l2a01.blob.core.windows.net/sentinel2-l2/35/M/RT/2023/07/26/S2A_MSIL2A_20230726T080611_N0510_R078_T35MRT_20241014T060215.SAFE/GRANULE/L2A_T35MRT_A042260_20230726T082517/IMG_DATA/R20m/T35MRT_20230726T080611_B05_20m.tif",
          "B06": "https://sentinel2l2a01.blob.core.windows.net/sentinel2-l2/35/M/RT/2023/07/26/S2A_MSIL2A_20230726T080611_N0510_R078_T35MRT_20241014T060215.SAFE/GRANULE/L2A_T35MRT_A042260_20230726T082517/IMG_DATA/R20m/T35MRT_20230726T080611_B06_20m.tif",
          "B07": "https://sentinel2l2a01.blob.core.windows.net/sentinel2-l2/35/M/RT/2023/07/26/S2A_MSIL2A_20230726T080611_N0510_R078_T35MRT_20241014T060215.SAFE/GRANULE/L2A_T35MRT_A042260_20230726T082517/IMG_DATA/R20m/T35MRT_20230726T080611_B07_20m.tif",
          "B08": "https://sentinel2l2a01.blob.core.windows.net/sentinel2-l2/35/M/RT/2023/07/26/S2A_MSIL2A_20230726T080611_N0510_R078_T35MRT_20241014T060215.SAFE/GRANULE/L2A_T35MRT_A042260_20230726T082517/IMG_DATA/R10m/T35MRT_20230726T080611_B08_10m.tif",
          "B09": "https://sentinel2l2a01.blob.core.windows.net/sentinel2-l2/35/M/RT/2023/07/26/S2A_MSIL2A_20230726T080611_N0510_R078_T35MRT_20241014T060215.SAFE/GRANULE/L2A_T35MRT_A042260_20230726T082517/IMG_DATA/R60m/T35MRT_20230726T080611_B09_60m.tif",
          "B11": "https://sentinel2l2a01.blob.core.windows.net/sentinel2-l2/35/M/RT/2023/07/26/S2A_MSIL2A_20230726T080611_N0510_R078_T35MRT_20241014T060215.SAFE/GRANULE/L2A_T35MRT_A042260_20230726T082517/IMG_DATA/R20m/T35MRT_20230726T080611_B11_20m.tif",
          "B12": "https://sentinel2l2a01.blob.core.windows.net/sentinel2-l2/35/M/RT/2023/07/26/S2A_MSIL2A_20230726T080611_N0510_R078_T35MRT_20241014T060215.SAFE/GRANULE/L2A_T35MRT_A042260_20230726T082517/IMG_DATA/R20m/T35MRT_20230726T080611_B12_20m.tif",
          "B8A": "https://sentinel2l2a01.blob.core.windows.net/sentinel2-l2/35/M/RT/2023/07/26/S2A_MSIL2A_20230726T080611_N0510_R078_T35MRT_20241014T060215.SAFE/GRANULE/L2A_T35MRT_A042260_20230726T082517/IMG_DATA/R20m/T35MRT_20230726T080611_B8A_20m.tif",
          "SCL": "https://sentinel2l2a01.blob.core.windows.net/sentinel2-l2/35/M/RT/2023/07/26/S2A_MSIL2A_20230726T080611_N0510_R078_T35MRT_20241014T060215.SAFE/GRANULE/L2A_T35MRT_A042260_20230726T082517/IMG_DATA/R20m/T35MRT_20230726T080611_SCL_20m.tif",
          "WVP": "https://sentinel2l2a01.blob.core.windows.net/sentinel2-l2/35/M/RT/2023/07/26/S2A_MSIL2A_20230726T080611_N0510_R078_T35MRT_20241014T060215.SAFE/GRANULE/L2A_T35MRT_A042260_20230726T082517/IMG_DATA/R10m/T35MRT_20230726T080611_WVP_10m.tif",
          "visual": "https://sentinel2l2a01.blob.core.windows.net/sentinel2-l2/35/M/RT/2023/07/26/S2A_MSIL2A_20230726T080611_N0510_R078_T35MRT_20241014T060215.SAFE/GRANULE/L2A_T35MRT_A042260_20230726T082517/IMG_DATA/R10m/T35MRT_20230726T080611_TCI_10m.tif",
          "safe-manifest": "https://sentinel2l2a01.blob.core.windows.net/sentinel2-l2/35/M/RT/2023/07/26/S2A_MSIL2A_20230726T080611_N0510_R078_T35MRT_20241014T060215.SAFE/manifest.safe",
          "granule-metadata": "https://sentinel2l2a01.blob.core.windows.net/sentinel2-l2/35/M/RT/2023/07/26/S2A_MSIL2A_20230726T080611_N0510_R078_T35MRT_20241014T060215.SAFE/GRANULE/L2A_T35MRT_A042260_20230726T082517/MTD_TL.xml",
          "inspire-metadata": "https://sentinel2l2a01.blob.core.windows.net/sentinel2-l2/35/M/RT/2023/07/26/S2A_MSIL2A_20230726T080611_N0510_R078_T35MRT_20241014T060215.SAFE/INSPIRE.xml",
          "product-metadata": "https://sentinel2l2a01.blob.core.windows.net/sentinel2-l2/35/M/RT/2023/07/26/S2A_MSIL2A_20230726T080611_N0510_R078_T35MRT_20241014T060215.SAFE/MTD_MSIL2A.xml",
          "datastrip-metadata": "https://sentinel2l2a01.blob.core.windows.net/sentinel2-l2/35/M/RT/2023/07/26/S2A_MSIL2A_20230726T080611_N0510_R078_T35MRT_20241014T060215.SAFE/DATASTRIP/DS_S2RP_20241014T060215_S20230726T082517/MTD_DS.xml",
          "tilejson": "https://planetarycomputer.microsoft.com/api/data/v1/item/tilejson.json?collection=sentinel-2-l2a&item=S2A_MSIL2A_20230726T080611_R078_T35MRT_20241014T060215&assets=visual&asset_bidx=visual%7C1%2C2%2C3&nodata=0&format=png",
          "rendered_preview": "https://planetarycomputer.microsoft.com/api/data/v1/item/preview.png?collection=sentinel-2-l2a&item=S2A_MSIL2A_20230726T080611_R078_T35MRT_20241014T060215&assets=visual&asset_bidx=visual%7C1%2C2%2C3&nodata=0&format=png"
        },
        "stac_properties": {
          "datetime": "2023-07-26T08:06:11.024000Z",
          "platform": "Sentinel-2A",
          "instruments": [
            "msi"
          ],
          "s2:mgrs_tile": "35MRT",
          "constellation": "Sentinel 2",
          "s2:granule_id": "S2A_OPER_MSI_L2A_TL_S2RP_20241014T060215_A042260_T35MRT_N05.10",
          "eo:cloud_cover": 0.127335,
          "s2:datatake_id": "GS2A_20230726T080611_042260_N05.10",
          "s2:product_uri": "S2A_MSIL2A_20230726T080611_N0510_R078_T35MRT_20241014T060215.SAFE",
          "s2:datastrip_id": "S2A_OPER_MSI_L2A_DS_S2RP_20241014T060215_S20230726T082517_N05.10",
          "s2:product_type": "S2MSI2A",
          "sat:orbit_state": "descending",
          "s2:datatake_type": "INS-NOBS",
          "s2:generation_time": "2024-10-14T06:02:15.000000Z",
          "sat:relative_orbit": 78,
          "s2:water_percentage": 1.649003,
          "s2:mean_solar_zenith": 31.8843097732866,
          "s2:mean_solar_azimuth": 45.9089935242592,
          "s2:processing_baseline": "05.10",
          "s2:snow_ice_percentage": 0.0,
          "s2:vegetation_percentage": 43.795058,
          "s2:thin_cirrus_percentage": 0.0,
          "s2:cloud_shadow_percentage": 0.226894,
          "s2:nodata_pixel_percentage": 0.0,
          "s2:unclassified_percentage": 1.875694,
          "s2:dark_features_percentage": 0.07499,
          "s2:not_vegetated_percentage": 52.251029,
          "s2:degraded_msi_data_percentage": 0.0216,
          "s2:high_proba_clouds_percentage": 0.075006,
          "s2:reflectance_conversion_factor": 0.968742538833283,
          "s2:medium_proba_clouds_percentage": 0.052329,
          "s2:saturated_defective_pixel_percentage": 0.0,
          "proj:code": "EPSG:32735"
        }
      }
    },
    {
      "type": "Feature",
      "id": "S2A_MSIL2A_20230726T080611_R078_T35MRU_20241014T060215",
      "geometry": {
        "type": "Polygon",
        "coordinates": [
          [
            [
              29.6951767,
              -0.9033618
            ],
            [
              30.6804936,
              -0.9024912
            ],
            [
              30.68204,
              -1.8938167
            ],
            [
              29.6963105,
              -1.895644
            ],
            [
              29.6951767,
              -0.9033618
            ]
          ]
        ]
      },
      "properties": {
        "id": "S2A_MSIL2A_20230726T080611_R078_T35MRU_20241014T060215",
        "collection": "sentinel-2-l2a",
        "datetime": "2023-07-26T08:06:11.024000Z",
        "cloud_cover": 0.193135,
        "mgrs_tile": "35MRU",
        "assets": {
          "AOT": "https://sentinel2l2a01.blob.core.windows.net/sentinel2-l2/35/M/RU/2023/07/26/S2A_MSIL2A_20230726T080611_N0510_R078_T35MRU_20241014T060215.SAFE/GRANULE/L2A_T35MRU_A042260_20230726T082517/IMG_DATA/R10m/T35MRU_20230726T080611_AOT_10m.tif",
          "B01": "https://sentinel2l2a01.blob.core.windows.net/sentinel2-l2/35/M/RU/2023/07/26/S2A_MSIL2A_20230726T080611_N0510_R078_T35MRU_20241014T060215.SAFE/GRANULE/L2A_T35MRU_A042260_20230726T082517/IMG_DATA/R60m/T35MRU_20230726T080611_B01_60m.tif",
          "B02": "https://sentinel2l2a01.blob.core.windows.net/sentinel2-l2/35/M/RU/2023/07/26/S2A_MSIL2A_20230726T080611_N0510_R078_T35MRU_20241014T060215.SAFE/GRANULE/L2A_T35MRU_A042260_20230726T082517/IMG_DATA/R10m/T35MRU_20230726T080611_B02_10m.tif",
          "B03": "https://sentinel2l2a01.blob.core.windows.net/sentinel2-l2/35/M/RU/2023/07/26/S2A_MSIL2A_20230726T080611_N0510_R078_T35MRU_20241014T060215.SAFE/GRANULE/L2A_T35MRU_A042260_20230726T082517/IMG_DATA/R10m/T35MRU_20230726T080611_B03_10m.tif",
          "B04": "https://sentinel2l2a01.blob.core.windows.net/sentinel2-l2/35/M/RU/2023/07/26/S2A_MSIL2A_20230726T080611_N0510_R078_T35MRU_20241014T060215.SAFE/GRANULE/L2A_T35MRU_A042260_20230726T082517/IMG_DATA/R10m/T35MRU_20230726T080611_B04_10m.tif",
          "B05": "https://sentinel2l2a01.blob.core.windows.net/sentinel2-l2/35/M/RU/2023/07/26/S2A_MSIL2A_20230726T080611_N0510_R078_T35MRU_20241014T060215.SAFE/GRANULE/L2A_T35MRU_A042260_20230726T082517/IMG_DATA/R20m/T35MRU_20230726T080611_B05_20m.tif",
          "B06": "https://sentinel2l2a01.blob.core.windows.net/sentinel2-l2/35/M/RU/2023/07/26/S2A_MSIL2A_20230726T080611_N0510_R078_T35MRU_20241014T060215.SAFE/GRANULE/L2A_T35MRU_A042260_20230726T082517/IMG_DATA/R20m/T35MRU_20230726T080611_B06_20m.tif",
          "B07": "https://sentinel2l2a01.blob.core.windows.net/sentinel2-l2/35/M/RU/2023/07/26/S2A_MSIL2A_20230726T080611_N0510_R078_T35MRU_20241014T060215.SAFE/GRANULE/L2A_T35MRU_A042260_20230726T082517/IMG_DATA/R20m/T35MRU_20230726T080611_B07_20m.tif",
          "B08": "https://sentinel2l2a01.blob.core.windows.net/sentinel2-l2/35/M/RU/2023/07/26/S2A_MSIL2A_20230726T080611_N0510_R078_T35MRU_20241014T060215.SAFE/GRANULE/L2A_T35MRU_A042260_20230726T082517/IMG_DATA/R10m/T35MRU_20230726T080611_B08_10m.tif",
          "B09": "https://sentinel2l2a01.blob.core.windows.net/sentinel2-l2/35/M/RU/2023/07/26/S2A_MSIL2A_20230726T080611_N0510_R078_T35MRU_20241014T060215.SAFE/GRANULE/L2A_T35MRU_A042260_20230726T082517/IMG_DATA/R60m/T35MRU_20230726T080611_B09_60m.tif",
          "B11": "https://sentinel2l2a01.blob.core.windows.net/sentinel2-l2/35/M/RU/2023/07/26/S2A_MSIL2A_20230726T080611_N0510_R078_T35MRU_20241014T060215.SAFE/GRANULE/L2A_T35MRU_A042260_20230726T082517/IMG_DATA/R20m/T35MRU_20230726T080611_B11_20m.tif",
          "B12": "https://sentinel2l2a01.blob.core.windows.net/sentinel2-l2/35/M/RU/2023/07/26/S2A_MSIL2A_20230726T080611_N0510_R078_T35MRU_20241014T060215.SAFE/GRANULE/L2A_T35MRU_A042260_20230726T082517/IMG_DATA/R20m/T35MRU_20230726T080611_B12_20m.tif",
          "B8A": "https://sentinel2l2a01.blob.core.windows.net/sentinel2-l2/35/M/RU/2023/07/26/S2A_MSIL2A_20230726T080611_N0510_R078_T35MRU_20241014T060215.SAFE/GRANULE/L2A_T35MRU_A042260_20230726T082517/IMG_DATA/R20m/T35MRU_20230726T080611_B8A_20m.tif",
          "SCL": "https://sentinel2l2a01.blob.core.windows.net/sentinel2-l2/35/M/RU/2023/07/26/S2A_MSIL2A_20230726T080611_N0510_R078_T35MRU_20241014T060215.SAFE/GRANULE/L2A_T35MRU_A042260_20230726T082517/IMG_DATA/R20m/T35MRU_20230726T080611_SCL_20m.tif",
          "WVP": "https://sentinel2l2a01.blob.core.windows.net/sentinel2-l2/35/M/RU/2023/07/26/S2A_MSIL2A_20230726T080611_N0510_R078_T35MRU_20241014T060215.SAFE/GRANULE/L2A_T35MRU_A042260_20230726T082517/IMG_DATA/R10m/T35MRU_20230726T080611_WVP_10m.tif",
          "visual": "https://sentinel2l2a01.blob.core.windows.net/sentinel2-l2/35/M/RU/2023/07/26/S2A_MSIL2A_20230726T080611_N0510_R078_T35MRU_20241014T060215.SAFE/GRANULE/L2A_T35MRU_A042260_20230726T082517/IMG_DATA/R10m/T35MRU_20230726T080611_TCI_10m.tif",
          "safe-manifest": "https://sentinel2l2a01.blob.core.windows.net/sentinel2-l2/35/M/RU/2023/07/26/S2A_MSIL2A_20230726T080611_N0510_R078_T35MRU_20241014T060215.SAFE/manifest.safe",
          "granule-metadata": "https://sentinel2l2a01.blob.core.windows.net/sentinel2-l2/35/M/RU/2023/07/26/S2A_MSIL2A_20230726T080611_N0510_R078_T35MRU_20241014T060215.SAFE/GRANULE/L2A_T35MRU_A042260_20230726T082517/MTD_TL.xml",
          "inspire-metadata": "https://sentinel2l2a01.blob.core.windows.net/sentinel2-l2/35/M/RU/2023/07/26/S2A_MSIL2A_20230726T080611_N0510_R078_T35MRU_20241014T060215.SAFE/INSPIRE.xml",
          "product-metadata": "https://sentinel2l2a01.blob.core.windows.net/sentinel2-l2/35/M/RU/2023/07/26/S2A_MSIL2A_20230726T080611_N0510_R078_T35MRU_20241014T060215.SAFE/MTD_MSIL2A.xml",
          "datastrip-metadata": "https://sentinel2l2a01.blob.core.windows.net/sentinel2-l2/35/M/RU/2023/07/26/S2A_MSIL2A_20230726T080611_N0510_R078_T35MRU_20241014T060215.SAFE/DATASTRIP/DS_S2RP_20241014T060215_S20230726T082517/MTD_DS.xml",
          "tilejson": "https://planetarycomputer.microsoft.com/api/data/v1/item/tilejson.json?collection=sentinel-2-l2a&item=S2A_MSIL2A_20230726T080611_R078_T35MRU_20241014T060215&assets=visual&asset_bidx=visual%7C1%2C2%2C3&nodata=0&format=png",
          "rendered_preview": "https://planetarycomputer.microsoft.com/api/data/v1/item/preview.png?collection=sentinel-2-l2a&item=S2A_MSIL2A_20230726T080611_R078_T35MRU_20241014T060215&assets=visual&asset_bidx=visual%7C1%2C2%2C3&nodata=0&format=png"
        },
        "stac_properties": {
          "datetime": "2023-07-26T08:06:11.024000Z",
          "platform": "Sentinel-2A",
          "instruments": [
            "msi"
          ],
          "s2:mgrs_tile": "35MRU",
          "constellation": "Sentinel 2",
          "s2:granule_id": "S2A_OPER_MSI_L2A_TL_S2RP_20241014T060215_A042260_T35MRU_N05.10",
          "eo:cloud_cover": 0.193135,
          "s2:datatake_id": "GS2A_20230726T080611_042260_N05.10",
          "s2:product_uri": "S2A_MSIL2A_20230726T080611_N0510_R078_T35MRU_20241014T060215.SAFE",
          "s2:datastrip_id": "S2A_OPER_MSI_L2A_DS_S2RP_20241014T060215_S20230726T082517_N05.10",
          "s2:product_type": "S2MSI2A",
          "sat:orbit_state": "descending",
          "s2:datatake_type": "INS-NOBS",
          "s2:generation_time": "2024-10-14T06:02:15.000000Z",
          "sat:relative_orbit": 78,
          "s2:water_percentage": 0.849831,
          "s2:mean_solar_zenith": 31.307560950566,
          "s2:mean_solar_azimuth": 47.0463136280239,
          "s2:processing_baseline": "05.10",
          "s2:snow_ice_percentage": 0.0,
          "s2:vegetation_percentage": 47.133172,
          "s2:thin_cirrus_percentage": 0.0,
          "s2:cloud_shadow_percentage": 0.259482,
          "s2:nodata_pixel_percentage": 0.0,
          "s2:unclassified_percentage": 1.914081,
          "s2:dark_features_percentage": 0.387461,
          "s2:not_vegetated_percentage": 49.26284,
          "s2:degraded_msi_data_percentage": 0.0219,
          "s2:high_proba_clouds_percentage": 0.118168,
          "s2:reflectance_conversion_factor": 0.968742538833283,
          "s2:medium_proba_clouds_percentage": 0.074967,
          "s2:saturated_defective_pixel_percentage": 0.0,
          "proj:code": "EPSG:32735"
        }
      }
    },
    {
      "type": "Feature",
      "id": "S2A_MSIL2A_20230716T080611_R078_T35MRT_20241014T140626",
      "geometry": {
        "type": "Polygon",
        "coordinates": [
          [
            [
              29.6961769,
              -1.8072608
            ],
            [
              30.6818577,
              -1.8055187
            ],
            [
              30.684405,
              -2.796832
            ],
            [
              29.6980446,
              -2.7995317
            ],
            [
              29.6961769,
              -1.8072608
            ]
          ]
        ]
      },
      "properties": {
        "id": "S2A_MSIL2A_20230716T080611_R078_T35MRT_20241014T140626",
        "collection": "sentinel-2-l2a",
        "datetime": "2023-07-16T08:06:11.024000Z",
        "cloud_cover": 0.09286,
        "mgrs_tile": "35MRT",
        "assets": {
          "AOT": "https://sentinel2l2a01.blob.core.windows.net/sentinel2-l2/35/M/RT/2023/07/16/S2A_MSIL2A_20230716T080611_N0510_R078_T35MRT_20241014T140626.SAFE/GRANULE/L2A_T35MRT_A042117_20230716T082517/IMG_DATA/R10m/T35MRT_20230716T080611_AOT_10m.tif",
          "B01": "https://sentinel2l2a01.blob.core.windows.net/sentinel2-l2/35/M/RT/2023/07/16/S2A_MSIL2A_20230716T080611_N0510_R078_T35MRT_20241014T140626.SAFE/GRANULE/L2A_T35MRT_A042117_20230716T082517/IMG_DATA/R60m/T35MRT_20230716T080611_B01_60m.tif",
          "B02": "https://sentinel2l2a01.blob.core.windows.net/sentinel2-l2/35/M/RT/2023/07/16/S2A_MSIL2A_20230716T080611_N0510_R078_T35MRT_20241014T140626.SAFE/GRANULE/L2A_T35MRT_A042117_20230716T082517/IMG_DATA/R10m/T35MRT_20230716T080611_B02_10m.tif",
          "B03": "https://sentinel2l2a01.blob.core.windows.net/sentinel2-l2/35/M/RT/2023/07/16/S2A_MSIL2A_20230716T080611_N0510_R078_T35MRT_20241014T140626.SAFE/GRANULE/L2A_T35MRT_A042117_20230716T082517/IMG_DATA/R10m/T35MRT_20230716T080611_B03_10m.tif",
          "B04": "https://sentinel2l2a01.blob.core.windows.net/sentinel2-l2/35/M/RT/2023/07/16/S2A_MSIL2A_20230716T080611_N0510_R078_T35MRT_20241014T140626.SAFE/GRANULE/L2A_T35MRT_A042117_20230716T082517/IMG_DATA/R10m/T35MRT_20230716T080611_B04_10m.tif",
          "B05": "https://sentinel2l2a01.blob.core.windows.net/sentinel2-l2/35/M/RT/2023/07/16/S2A_MSIL2A_20230716T080611_N0510_R078_T35MRT_20241014T140626.SAFE/GRANULE/L2A_T35MRT_A042117_20230716T082517/IMG_DATA/R20m/T35MRT_20230716T080611_B05_20m.tif",
          "B06": "https://sentinel2l2a01.blob.core.windows.net/sentinel2-l2/35/M/RT/2023/07/16/S2A_MSIL2A_20230716T080611_N0510_R078_T35MRT_20241014T140626.SAFE/GRANULE/L2A_T35MRT_A042117_20230716T082517/IMG_DATA/R20m/T35MRT_20230716T080611_B06_20m.tif",
          "B07": "https://sentinel2l2a01.blob.core.windows.net/sentinel2-l2/35/M/RT/2023/07/16/S2A_MSIL2A_20230716T080611_N0510_R078_T35MRT_20241014T140626.SAFE/GRANULE/L2A_T35MRT_A042117_20230716T082517/IMG_DATA/R20m/T35MRT_20230716T080611_B07_20m.tif",
          "B08": "https://sentinel2l2a01.blob.core.windows.net/sentinel2-l2/35/M/RT/2023/07/16/S2A_MSIL2A_20230716T080611_N0510_R078_T35MRT_20241014T140626.SAFE/GRANULE/L2A_T35MRT_A042117_20230716T082517/IMG_DATA/R10m/T35MRT_20230716T080611_B08_10m.tif",
          "B09": "https://sentinel2l2a01.blob.core.windows.net/sentinel2-l2/35/M/RT/2023/07/16/S2A_MSIL2A_20230716T080611_N0510_R078_T35MRT_20241014T140626.SAFE/GRANULE/L2A_T35MRT_A042117_20230716T082517/IMG_DATA/R60m/T35MRT_20230716T080611_B09_60m.tif",
          "B11": "https://sentinel2l2a01.blob.core.windows.net/sentinel2-l2/35/M/RT/2023/07/16/S2A_MSIL2A_20230716T080611_N0510_R078_T35MRT_20241014T140626.SAFE/GRANULE/L2A_T35MRT_A042117_20230716T082517/IMG_DATA/R20m/T35MRT_20230716T080611_B11_20m.tif",
          "B12": "https://sentinel2l2a01.blob.core.windows.net/sentinel2-l2/35/M/RT/2023/07/16/S2A_MSIL2A_20230716T080611_N0510_R078_T35MRT_20241014T140626.SAFE/GRANULE/L2A_T35MRT_A042117_20230716T082517/IMG_DATA/R20m/T35MRT_20230716T080611_B12_20m.tif",
          "B8A": "https://sentinel2l2a01.blob.core.windows.net/sentinel2-l2/35/M/RT/2023/07/16/S2A_MSIL2A_20230716T080611_N0510_R078_T35MRT_20241014T140626.SAFE/GRANULE/L2A_T35MRT_A042117_20230716T082517/IMG_DATA/R20m/T35MRT_20230716T080611_B8A_20m.tif",
          "SCL": "https://sentinel2l2a01.blob.core.windows.net/sentinel2-l2/35/M/RT/2023/07/16/S2A_MSIL2A_20230716T080611_N0510_R078_T35MRT_20241014T140626.SAFE/GRANULE/L2A_T35MRT_A042117_20230716T082517/IMG_DATA/R20m/T35MRT_20230716T080611_SCL_20m.tif",
          "WVP": "https://sentinel2l2a01.blob.core.windows.net/sentinel2-l2/35/M/RT/2023/07/16/S2A_MSIL2A_20230716T080611_N0510_R078_T35MRT_20241014T140626.SAFE/GRANULE/L2A_T35MRT_A042117_20230716T082517/IMG_DATA/R10m/T35MRT_20230716T080611_WVP_10m.tif",
          "visual": "https://sentinel2l2a01.blob.core.windows.net/sentinel2-l2/35/M/RT/2023/07/16/S2A_MSIL2A_20230716T080611_N0510_R078_T35MRT_20241014T140626.SAFE/GRANULE/L2A_T35MRT_A042117_20230716T082517/IMG_DATA/R10m/T35MRT_20230716T080611_TCI_10m.tif",
          "safe-manifest": "https://sentinel2l2a01.blob.core.windows.net/sentinel2-l2/35/M/RT/2023/07/16/S2A_MSIL2A_20230716T080611_N0510_R078_T35MRT_20241014T140626.SAFE/manifest.safe",
          "granule-metadata": "https://sentinel2l2a01.blob.core.windows.net/sentinel2-l2/35/M/RT/2023/07/16/S2A_MSIL2A_20230716T080611_N0510_R078_T35MRT_20241014T140626.SAFE/GRANULE/L2A_T35MRT_A042117_20230716T082517/MTD_TL.xml",
          "inspire-metadata": "https://sentinel2l2a01.blob.core.windows.net/sentinel2-l2/35/M/RT/2023/07/16/S2A_MSIL2A_20230716T080611_N0510_R078_T35MRT_20241014T140626.SAFE/INSPIRE.xml",
          "product-metadata": "https://sentinel2l2a01.blob.core.windows.net/sentinel2-l2/35/M/RT/2023/07/16/S2A_MSIL2A_20230716T080611_N0510_R078_T35MRT_20241014T140626.SAFE/MTD_MSIL2A.xml",
          "datastrip-metadata": "https://sentinel2l2a01.blob.core.windows.net/sentinel2-l2/35/M/RT/2023/07/16/S2A_MSIL2A_20230716T080611_N0510_R078_T35MRT_20241014T140626.SAFE/DATASTRIP/DS_S2RP_20241014T140626_S20230716T082517/MTD_DS.xml",
          "tilejson": "https://planetarycomputer.microsoft.com/api/data/v1/item/tilejson.json?collection=sentinel-2-l2a&item=S2A_MSIL2A_20230716T080611_R078_T35MRT_20241014T140626&assets=visual&asset_bidx=visual%7C1%2C2%2C3&nodata=0&format=png",
          "rendered_preview": "https://planetarycomputer.microsoft.com/api/data/v1/item/preview.png?collection=sentinel-2-l2a&item=S2A_MSIL2A_20230716T080611_R078_T35MRT_20241014T140626&assets=visual&asset_bidx=visual%7C1%2C2%2C3&nodata=0&format=png"
        },
        "stac_properties": {
          "datetime": "2023-07-16T08:06:11.024000Z",
          "platform": "Sentinel-2A",
          "instruments": [
            "msi"
          ],
          "s2:mgrs_tile": "35MRT",
          "constellation": "Sentinel 2",
          "s2:granule_id": "S2A_OPER_MSI_L2A_TL_S2RP_20241014T140626_A042117_T35MRT_N05.10",
          "eo:cloud_cover": 0.09286,
          "s2:datatake_id": "GS2A_20230716T080611_042117_N05.10",
          "s2:product_uri": "S2A_MSIL2A_20230716T080611_N0510_R078_T35MRT_20241014T140626.SAFE",
          "s2:datastrip_id": "S2A_OPER_MSI_L2A_DS_S2RP_20241014T140626_S20230716T082517_N05.10",
          "s2:product_type": "S2MSI2A",
          "sat:orbit_state": "descending",
          "s2:datatake_type": "INS-NOBS",
          "s2:generation_time": "2024-10-14T14:06:26.000000Z",
          "sat:relative_orbit": 78,
          "s2:water_percentage": 2.355961,
          "s2:mean_solar_zenith": 33.0761360779975,
          "s2:mean_solar_azimuth": 43.0899134527119,
          "s2:processing_baseline": "05.10",
          "s2:snow_ice_percentage": 0.0,
          "s2:vegetation_percentage": 57.503456,
          "s2:thin_cirrus_percentage": 0.0,
          "s2:cloud_shadow_percentage": 0.12993,
          "s2:nodata_pixel_percentage": 0.0,
          "s2:unclassified_percentage": 0.991377,
          "s2:dark_features_percentage": 0.059011,
          "s2:not_vegetated_percentage": 38.867405,
          "s2:degraded_msi_data_percentage": 0.0216,
          "s2:high_proba_clouds_percentage": 0.059091,
          "s2:reflectance_conversion_factor": 0.967603798901794,
          "s2:medium_proba_clouds_percentage": 0.033769,
          "s2:saturated_defective_pixel_percentage": 0.0,
          "proj:code": "EPSG:32735"
        }
      }
    },
    {
      "type": "Feature",
      "id": "S2A_MSIL2A_20230716T080611_R078_T35MRU_20241014T140626",
      "geometry": {
        "type": "Polygon",
        "coordinates": [
          [
            [
              29.6951767,
              -0.9033618
            ],
            [
              30.6804936,
              -0.9024912
            ],
            [
              30.68204,
              -1.8938167
            ],
            [
              29.6963105,
              -1.895644
            ],
            [
              29.6951767,
              -0.9033618
            ]
          ]
        ]
      },
      "properties": {
        "id": "S2A_MSIL2A_20230716T080611_R078_T35MRU_20241014T140626",
        "collection": "sentinel-2-l2a",
        "datetime": "2023-07-16T08:06:11.024000Z",
        "cloud_cover": 1.52902,
        "mgrs_tile": "35MRU",
        "assets": {
          "AOT": "https://sentinel2l2a01.blob.core.windows.net/sentinel2-l2/35/M/RU/2023/07/16/S2A_MSIL2A_20230716T080611_N0510_R078_T35MRU_20241014T140626.SAFE/GRANULE/L2A_T35MRU_A042117_20230716T082517/IMG_DATA/R10m/T35MRU_20230716T080611_AOT_10m.tif",
          "B01": "https://sentinel2l2a01.blob.core.windows.net/sentinel2-l2/35/M/RU/2023/07/16/S2A_MSIL2A_20230716T080611_N0510_R078_T35MRU_20241014T140626.SAFE/GRANULE/L2A_T35MRU_A042117_20230716T082517/IMG_DATA/R60m/T35MRU_20230716T080611_B01_60m.tif",
          "B02": "https://sentinel2l2a01.blob.core.windows.net/sentinel2-l2/35/M/RU/2023/07/16/S2A_MSIL2A_20230716T080611_N0510_R078_T35MRU_20241014T140626.SAFE/GRANULE/L2A_T35MRU_A042117_20230716T082517/IMG_DATA/R10m/T35MRU_20230716T080611_B02_10m.tif",
          "B03": "https://sentinel2l2a01.blob.core.windows.net/sentinel2-l2/35/M/RU/2023/07/16/S2A_MSIL2A_20230716T080611_N0510_R078_T35MRU_20241014T140626.SAFE/GRANULE/L2A_T35MRU_A042117_20230716T082517/IMG_DATA/R10m/T35MRU_20230716T080611_B03_10m.tif",
          "B04": "https://sentinel2l2a01.blob.core.windows.net/sentinel2-l2/35/M/RU/2023/07/16/S2A_MSIL2A_20230716T080611_N0510_R078_T35MRU_20241014T140626.SAFE/GRANULE/L2A_T35MRU_A042117_20230716T082517/IMG_DATA/R10m/T35MRU_20230716T080611_B04_10m.tif",
          "B05": "https://sentinel2l2a01.blob.core.windows.net/sentinel2-l2/35/M/RU/2023/07/16/S2A_MSIL2A_20230716T080611_N0510_R078_T35MRU_20241014T140626.SAFE/GRANULE/L2A_T35MRU_A042117_20230716T082517/IMG_DATA/R20m/T35MRU_20230716T080611_B05_20m.tif",
          "B06": "https://sentinel2l2a01.blob.core.windows.net/sentinel2-l2/35/M/RU/2023/07/16/S2A_MSIL2A_20230716T080611_N0510_R078_T35MRU_20241014T140626.SAFE/GRANULE/L2A_T35MRU_A042117_20230716T082517/IMG_DATA/R20m/T35MRU_20230716T080611_B06_20m.tif",
          "B07": "https://sentinel2l2a01.blob.core.windows.net/sentinel2-l2/35/M/RU/2023/07/16/S2A_MSIL2A_20230716T080611_N0510_R078_T35MRU_20241014T140626.SAFE/GRANULE/L2A_T35MRU_A042117_20230716T082517/IMG_DATA/R20m/T35MRU_20230716T080611_B07_20m.tif",
          "B08": "https://sentinel2l2a01.blob.core.windows.net/sentinel2-l2/35/M/RU/2023/07/16/S2A_MSIL2A_20230716T080611_N0510_R078_T35MRU_20241014T140626.SAFE/GRANULE/L2A_T35MRU_A042117_20230716T082517/IMG_DATA/R10m/T35MRU_20230716T080611_B08_10m.tif",
          "B09": "https://sentinel2l2a01.blob.core.windows.net/sentinel2-l2/35/M/RU/2023/07/16/S2A_MSIL2A_20230716T080611_N0510_R078_T35MRU_20241014T140626.SAFE/GRANULE/L2A_T35MRU_A042117_20230716T082517/IMG_DATA/R60m/T35MRU_20230716T080611_B09_60m.tif",
          "B11": "https://sentinel2l2a01.blob.core.windows.net/sentinel2-l2/35/M/RU/2023/07/16/S2A_MSIL2A_20230716T080611_N0510_R078_T35MRU_20241014T140626.SAFE/GRANULE/L2A_T35MRU_A042117_20230716T082517/IMG_DATA/R20m/T35MRU_20230716T080611_B11_20m.tif",
          "B12": "https://sentinel2l2a01.blob.core.windows.net/sentinel2-l2/35/M/RU/2023/07/16/S2A_MSIL2A_20230716T080611_N0510_R078_T35MRU_20241014T140626.SAFE/GRANULE/L2A_T35MRU_A042117_20230716T082517/IMG_DATA/R20m/T35MRU_20230716T080611_B12_20m.tif",
          "B8A": "https://sentinel2l2a01.blob.core.windows.net/sentinel2-l2/35/M/RU/2023/07/16/S2A_MSIL2A_20230716T080611_N0510_R078_T35MRU_20241014T140626.SAFE/GRANULE/L2A_T35MRU_A042117_20230716T082517/IMG_DATA/R20m/T35MRU_20230716T080611_B8A_20m.tif",
          "SCL": "https://sentinel2l2a01.blob.core.windows.net/sentinel2-l2/35/M/RU/2023/07/16/S2A_MSIL2A_20230716T080611_N0510_R078_T35MRU_20241014T140626.SAFE/GRANULE/L2A_T35MRU_A042117_20230716T082517/IMG_DATA/R20m/T35MRU_20230716T080611_SCL_20m.tif",
          "WVP": "https://sentinel2l2a01.blob.core.windows.net/sentinel2-l2/35/M/RU/2023/07/16/S2A_MSIL2A_20230716T080611_N0510_R078_T35MRU_20241014T140626.SAFE/GRANULE/L2A_T35MRU_A042117_20230716T082517/IMG_DATA/R10m/T35MRU_20230716T080611_WVP_10m.tif",
          "visual": "https://sentinel2l2a01.blob.core.windows.net/sentinel2-l2/35/M/RU/2023/07/16/S2A_MSIL2A_20230716T080611_N0510_R078_T35MRU_20241014T140626.SAFE/GRANULE/L2A_T35MRU_A042117_20230716T082517/IMG_DATA/R10m/T35MRU_20230716T080611_TCI_10m.tif",
          "safe-manifest": "https://sentinel2l2a01.blob.core.windows.net/sentinel2-l2/35/M/RU/2023/07/16/S2A_MSIL2A_20230716T080611_N0510_R078_T35MRU_20241014T140626.SAFE/manifest.safe",
          "granule-metadata": "https://sentinel2l2a01.blob.core.windows.net/sentinel2-l2/35/M/RU/2023/07/16/S2A_MSIL2A_20230716T080611_N0510_R078_T35MRU_20241014T140626.SAFE/GRANULE/L2A_T35MRU_A042117_20230716T082517/MTD_TL.xml",
          "inspire-metadata": "https://sentinel2l2a01.blob.core.windows.net/sentinel2-l2/35/M/RU/2023/07/16/S2A_MSIL2A_20230716T080611_N0510_R078_T35MRU_20241014T140626.SAFE/INSPIRE.xml",
          "product-metadata": "https://sentinel2l2a01.blob.core.windows.net/sentinel2-l2/35/M/RU/2023/07/16/S2A_MSIL2A_20230716T080611_N0510_R078_T35MRU_20241014T140626.SAFE/MTD_MSIL2A.xml",
          "datastrip-metadata": "https://sentinel2l2a01.blob.core.windows.net/sentinel2-l2/35/M/RU/2023/07/16/S2A_MSIL2A_20230716T080611_N0510_R078_T35MRU_20241014T140626.SAFE/DATASTRIP/DS_S2RP_20241014T140626_S20230716T082517/MTD_DS.xml",
          "tilejson": "https://planetarycomputer.microsoft.com/api/data/v1/item/tilejson.json?collection=sentinel-2-l2a&item=S2A_MSIL2A_20230716T080611_R078_T35MRU_20241014T140626&assets=visual&asset_bidx=visual%7C1%2C2%2C3&nodata=0&format=png",
          "rendered_preview": "https://planetarycomputer.microsoft.com/api/data/v1/item/preview.png?collection=sentinel-2-l2a&item=S2A_MSIL2A_20230716T080611_R078_T35MRU_20241014T140626&assets=visual&asset_bidx=visual%7C1%2C2%2C3&nodata=0&format=png"
        },
        "stac_properties": {
          "datetime": "2023-07-16T08:06:11.024000Z",
          "platform": "Sentinel-2A",
          "instruments": [
            "msi"
          ],
          "s2:mgrs_tile": "35MRU",
          "constellation": "Sentinel 2",
          "s2:granule_id": "S2A_OPER_MSI_L2A_TL_S2RP_20241014T140626_A042117_T35MRU_N05.10",
          "eo:cloud_cover": 1.52902,
          "s2:datatake_id": "GS2A_20230716T080611_042117_N05.10",
          "s2:product_uri": "S2A_MSIL2A_20230716T080611_N0510_R078_T35MRU_20241014T140626.SAFE",
          "s2:datastrip_id": "S2A_OPER_MSI_L2A_DS_S2RP_20241014T140626_S20230716T082517_N05.10",
          "s2:product_type": "S2MSI2A",
          "sat:orbit_state": "descending",
          "s2:datatake_type": "INS-NOBS",
          "s2:generation_time": "2024-10-14T14:06:26.000000Z",
          "sat:relative_orbit": 78,
          "s2:water_percentage": 0.961848,
          "s2:mean_solar_zenith": 32.4651596299616,
          "s2:mean_solar_azimuth": 44.1305514674842,
          "s2:processing_baseline": "05.10",
          "s2:snow_ice_percentage": 0.0,
          "s2:vegetation_percentage": 59.278995,
          "s2:thin_cirrus_percentage": 0.0,
          "s2:cloud_shadow_percentage": 1.610808,
          "s2:nodata_pixel_percentage": 0.0,
          "s2:unclassified_percentage": 1.641036,
          "s2:dark_features_percentage": 0.263022,
          "s2:not_vegetated_percentage": 34.715277,
          "s2:degraded_msi_data_percentage": 0.0216,
          "s2:high_proba_clouds_percentage": 1.004871,
          "s2:reflectance_conversion_factor": 0.967603798901794,
          "s2:medium_proba_clouds_percentage": 0.524149,
          "s2:saturated_defective_pixel_percentage": 0.0,
          "proj:code": "EPSG:32735"
        }
      }
    },
    {
      "type": "Feature",
      "id": "S2A_MSIL2A_20231004T080801_R078_T35MRT_20241018T193529",
      "geometry": {
        "type": "Polygon",
        "coordinates": [
          [
            [
              29.6961769,
              -1.8072608
            ],
            [
              30.6818577,
              -1.8055187
            ],
            [
              30.684405,
              -2.796832
            ],
            [
              29.6980446,
              -2.7995317
            ],
            [
              29.6961769,
              -1.8072608
            ]
          ]
        ]
      },
      "properties": {
        "id": "S2A_MSIL2A_20231004T080801_R078_T35MRT_20241018T193529",
        "collection": "sentinel-2-l2a",
        "datetime": "2023-10-04T08:08:01.024000Z",
        "cloud_cover": 1.229757,
        "mgrs_tile": "35MRT",
        "assets": {
          "AOT": "https://sentinel2l2a01.blob.core.windows.net/sentinel2-l2/35/M/RT/2023/10/04/S2A_MSIL2A_20231004T080801_N0510_R078_T35MRT_20241018T193529.SAFE/GRANULE/L2A_T35MRT_A043261_20231004T082550/IMG_DATA/R10m/T35MRT_20231004T080801_AOT_10m.tif",
          "B01": "https://sentinel2l2a01.blob.core.windows.net/sentinel2-l2/35/M/RT/2023/10/04/S2A_MSIL2A_20231004T080801_N0510_R078_T35MRT_20241018T193529.SAFE/GRANULE/L2A_T35MRT_A043261_20231004T082550/IMG_DATA/R60m/T35MRT_20231004T080801_B01_60m.tif",
          "B02": "https://sentinel2l2a01.blob.core.windows.net/sentinel2-l2/35/M/RT/2023/10/04/S2A_MSIL2A_20231004T080801_N0510_R078_T35MRT_20241018T193529.SAFE/GRANULE/L2A_T35MRT_A043261_20231004T082550/IMG_DATA/R10m/T35MRT_20231004T080801_B02_10m.tif",
          "B03": "https://sentinel2l2a01.blob.core.windows.net/sentinel2-l2/35/M/RT/2023/10/04/S2A_MSIL2A_20231004T080801_N0510_R078_T35MRT_20241018T193529.SAFE/GRANULE/L2A_T35MRT_A043261_20231004T082550/IMG_DATA/R10m/T35MRT_20231004T080801_B03_10m.tif",
          "B04": "https://sentinel2l2a01.blob.core.windows.net/sentinel2-l2/35/M/RT/2023/10/04/S2A_MSIL2A_20231004T080801_N0510_R078_T35MRT_20241018T193529.SAFE/GRANULE/L2A_T35MRT_A043261_20231004T082550/IMG_DATA/R10m/T35MRT_20231004T080801_B04_10m.tif",
          "B05": "https://sentinel2l2a01.blob.core.windows.net/sentinel2-l2/35/M/RT/2023/10/04/S2A_MSIL2A_20231004T080801_N0510_R078_T35MRT_20241018T193529.SAFE/GRANULE/L2A_T35MRT_A043261_20231004T082550/IMG_DATA/R20m/T35MRT_20231004T080801_B05_20m.tif",
          "B06": "https://sentinel2l2a01.blob.core.windows.net/sentinel2-l2/35/M/RT/2023/10/04/S2A_MSIL2A_20231004T080801_N0510_R078_T35MRT_20241018T193529.SAFE/GRANULE/L2A_T35MRT_A043261_20231004T082550/IMG_DATA/R20m/T35MRT_20231004T080801_B06_20m.tif",
          "B07": "https://sentinel2l2a01.blob.core.windows.net/sentinel2-l2/35/M/RT/2023/10/04/S2A_MSIL2A_20231004T080801_N0510_R078_T35MRT_20241018T193529.SAFE/GRANULE/L2A_T35MRT_A043261_20231004T082550/IMG_DATA/R20m/T35MRT_20231004T080801_B07_20m.tif",
          "B08": "https://sentinel2l2a01.blob.core.windows.net/sentinel2-l2/35/M/RT/2023/10/04/S2A_MSIL2A_20231004T080801_N0510_R078_T35MRT_20241018T193529.SAFE/GRANULE/L2A_T35MRT_A043261_20231004T082550/IMG_DATA/R10m/T35MRT_20231004T080801_B08_10m.tif",
          "B09": "https://sentinel2l2a01.blob.core.windows.net/sentinel2-l2/35/M/RT/2023/10/04/S2A_MSIL2A_20231004T080801_N0510_R078_T35MRT_20241018T193529.SAFE/GRANULE/L2A_T35MRT_A043261_20231004T082550/IMG_DATA/R60m/T35MRT_20231004T080801_B09_60m.tif",
          "B11": "https://sentinel2l2a01.blob.core.windows.net/sentinel2-l2/35/M/RT/2023/10/04/S2A_MSIL2A_20231004T080801_N0510_R078_T35MRT_20241018T193529.SAFE/GRANULE/L2A_T35MRT_A043261_20231004T082550/IMG_DATA/R20m/T35MRT_20231004T080801_B11_20m.tif",
          "B12": "https://sentinel2l2a01.blob.core.windows.net/sentinel2-l2/35/M/RT/2023/10/04/S2A_MSIL2A_20231004T080801_N0510_R078_T35MRT_20241018T193529.SAFE/GRANULE/L2A_T35MRT_A043261_20231004T082550/IMG_DATA/R20m/T35MRT_20231004T080801_B12_20m.tif",
          "B8A": "https://sentinel2l2a01.blob.core.windows.net/sentinel2-l2/35/M/RT/2023/10/04/S2A_MSIL2A_20231004T080801_N0510_R078_T35MRT_20241018T193529.SAFE/GRANULE/L2A_T35MRT_A043261_20231004T082550/IMG_DATA/R20m/T35MRT_20231004T080801_B8A_20m.tif",
          "SCL": "https://sentinel2l2a01.blob.core.windows.net/sentinel2-l2/35/M/RT/2023/10/04/S2A_MSIL2A_20231004T080801_N0510_R078_T35MRT_20241018T193529.SAFE/GRANULE/L2A_T35MRT_A043261_20231004T082550/IMG_DATA/R20m/T35MRT_20231004T080801_SCL_20m.tif",
          "WVP": "https://sentinel2l2a01.blob.core.windows.net/sentinel2-l2/35/M/RT/2023/10/04/S2A_MSIL2A_20231004T080801_N0510_R078_T35MRT_20241018T193529.SAFE/GRANULE/L2A_T35MRT_A043261_20231004T082550/IMG_DATA/R10m/T35MRT_20231004T080801_WVP_10m.tif",
          "visual": "https://sentinel2l2a01.blob.core.windows.net/sentinel2-l2/35/M/RT/2023/10/04/S2A_MSIL2A_20231004T080801_N0510_R078_T35MRT_20241018T193529.SAFE/GRANULE/L2A_T35MRT_A043261_20231004T082550/IMG_DATA/R10m/T35MRT_20231004T080801_TCI_10m.tif",
          "safe-manifest": "https://sentinel2l2a01.blob.core.windows.net/sentinel2-l2/35/M/RT/2023/10/04/S2A_MSIL2A_20231004T080801_N0510_R078_T35MRT_20241018T193529.SAFE/manifest.safe",
          "granule-metadata": "https://sentinel2l2a01.blob.core.windows.net/sentinel2-l2/35/M/RT/2023/10/04/S2A_MSIL2A_20231004T080801_N0510_R078_T35MRT_20241018T193529.SAFE/GRANULE/L2A_T35MRT_A043261_20231004T082550/MTD_TL.xml",
          "inspire-metadata": "https://sentinel2l2a01.blob.core.windows.net/sentinel2-l2/35/M/RT/2023/10/04/S2A_MSIL2A_20231004T080801_N0510_R078_T35MRT_20241018T193529.SAFE/INSPIRE.xml",
          "product-metadata": "https://sentinel2l2a01.blob.core.windows.net/sentinel2-l2/35/M/RT/2023/10/04/S2A_MSIL2A_20231004T080801_N0510_R078_T35MRT_20241018T193529.SAFE/MTD_MSIL2A.xml",
          "datastrip-metadata": "https://sentinel2l2a01.blob.core.windows.net/sentinel2-l2/35/M/RT/2023/10/04/S2A_MSIL2A_20231004T080801_N0510_R078_T35MRT_20241018T193529.SAFE/DATASTRIP/DS_S2RP_20241018T193529_S20231004T082550/MTD_DS.xml",
          "tilejson": "https://planetarycomputer.microsoft.com/api/data/v1/item/tilejson.json?collection=sentinel-2-l2a&item=S2A_MSIL2A_20231004T080801_R078_T35MRT_20241018T193529&assets=visual&asset_bidx=visual%7C1%2C2%2C3&nodata=0&format=png",
          "rendered_preview": "https://planetarycomputer.microsoft.com/api/data/v1/item/preview.png?collection=sentinel-2-l2a&item=S2A_MSIL2A_20231004T080801_R078_T35MRT_20241018T193529&assets=visual&asset_bidx=visual%7C1%2C2%2C3&nodata=0&format=png"
        },
        "stac_properties": {
          "datetime": "2023-10-04T08:08:01.024000Z",
          "platform": "Sentinel-2A",
          "instruments": [
            "msi"
          ],
          "s2:mgrs_tile": "35MRT",
          "constellation": "Sentinel 2",
          "s2:granule_id": "S2A_OPER_MSI_L2A_TL_S2RP_20241018T193529_A043261_T35MRT_N05.10",
          "eo:cloud_cover": 1.229757,
          "s2:datatake_id": "GS2A_20231004T080801_043261_N05.10",
          "s2:product_uri": "S2A_MSIL2A_20231004T080801_N0510_R078_T35MRT_20241018T193529.SAFE",
          "s2:datastrip_id": "S2A_OPER_MSI_L2A_DS_S2RP_20241018T193529_S20231004T082550_N05.10",
          "s2:product_type": "S2MSI2A",
          "sat:orbit_state": "descending",
          "s2:datatake_type": "INS-NOBS",
          "s2:generation_time": "2024-10-18T19:35:29.000000Z",
          "sat:relative_orbit": 78,
          "s2:water_percentage": 0.042671,
          "s2:mean_solar_zenith": 19.3737338902177,
          "s2:mean_solar_azimuth": 96.4225315657745,
          "s2:processing_baseline": "05.10",
          "s2:snow_ice_percentage": 0.0,
          "s2:vegetation_percentage": 48.666042,
          "s2:thin_cirrus_percentage": 0.124127,
          "s2:cloud_shadow_percentage": 0.263121,
          "s2:nodata_pixel_percentage": 0.0,
          "s2:unclassified_percentage": 0.91507,
          "s2:dark_features_percentage": 0.114227,
          "s2:not_vegetated_percentage": 48.76911,
          "s2:degraded_msi_data_percentage": 0.0216,
          "s2:high_proba_clouds_percentage": 0.354149,
          "s2:reflectance_conversion_factor": 0.997620999480007,
          "s2:medium_proba_clouds_percentage": 0.751481,
          "s2:saturated_defective_pixel_percentage": 0.0,
          "proj:code": "EPSG:32735"
        }
      }
    },
    {
      "type": "Feature",
      "id": "S2A_MSIL2A_20231004T080801_R078_T35MRU_20231004T132428",
      "geometry": {
        "type": "Polygon",
        "coordinates": [
          [
            [
              29.6951767,
              -0.9033618
            ],
            [
              30.6804936,
              -0.9024912
            ],
            [
              30.68204,
              -1.8938167
            ],
            [
              29.6963105,
              -1.895644
            ],
            [
              29.6951767,
              -0.9033618
            ]
          ]
        ]
      },
      "properties": {
        "id": "S2A_MSIL2A_20231004T080801_R078_T35MRU_20231004T132428",
        "collection": "sentinel-2-l2a",
        "datetime": "2023-10-04T08:08:01.024000Z",
        "cloud_cover": 2.047037,
        "mgrs_tile": "35MRU",
        "assets": {
          "AOT": "https://sentinel2l2a01.blob.core.windows.net/sentinel2-l2/35/M/RU/2023/10/04/S2A_MSIL2A_20231004T080801_N0509_R078_T35MRU_20231004T132428.SAFE/GRANULE/L2A_T35MRU_A043261_20231004T082550/IMG_DATA/R10m/T35MRU_20231004T080801_AOT_10m.tif",
          "B01": "https://sentinel2l2a01.blob.core.windows.net/sentinel2-l2/35/M/RU/2023/10/04/S2A_MSIL2A_20231004T080801_N0509_R078_T35MRU_20231004T132428.SAFE/GRANULE/L2A_T35MRU_A043261_20231004T082550/IMG_DATA/R60m/T35MRU_20231004T080801_B01_60m.tif",
          "B02": "https://sentinel2l2a01.blob.core.windows.net/sentinel2-l2/35/M/RU/2023/10/04/S2A_MSIL2A_20231004T080801_N0509_R078_T35MRU_20231004T132428.SAFE/GRANULE/L2A_T35MRU_A043261_20231004T082550/IMG_DATA/R10m/T35MRU_20231004T080801_B02_10m.tif",
          "B03": "https://sentinel2l2a01.blob.core.windows.net/sentinel2-l2/35/M/RU/2023/10/04/S2A_MSIL2A_20231004T080801_N0509_R078_T35MRU_20231004T132428.SAFE/GRANULE/L2A_T35MRU_A043261_20231004T082550/IMG_DATA/R10m/T35MRU_20231004T080801_B03_10m.tif",
          "B04": "https://sentinel2l2a01.blob.core.windows.net/sentinel2-l2/35/M/RU/2023/10/04/S2A_MSIL2A_20231004T080801_N0509_R078_T35MRU_20231004T132428.SAFE/GRANULE/L2A_T35MRU_A043261_20231004T082550/IMG_DATA/R10m/T35MRU_20231004T080801_B04_10m.tif",
          "B05": "https://sentinel2l2a01.blob.core.windows.net/sentinel2-l2/35/M/RU/2023/10/04/S2A_MSIL2A_20231004T080801_N0509_R078_T35MRU_20231004T132428.SAFE/GRANULE/L2A_T35MRU_A043261_20231004T082550/IMG_DATA/R20m/T35MRU_20231004T080801_B05_20m.tif",
          "B06": "https://sentinel2l2a01.blob.core.windows.net/sentinel2-l2/35/M/RU/2023/10/04/S2A_MSIL2A_20231004T080801_N0509_R078_T35MRU_20231004T132428.SAFE/GRANULE/L2A_T35MRU_A043261_20231004T082550/IMG_DATA/R20m/T35MRU_20231004T080801_B06_20m.tif",
          "B07": "https://sentinel2l2a01.blob.core.windows.net/sentinel2-l2/35/M/RU/2023/10/04/S2A_MSIL2A_20231004T080801_N0509_R078_T35MRU_20231004T132428.SAFE/GRANULE/L2A_T35MRU_A043261_20231004T082550/IMG_DATA/R20m/T35MRU_20231004T080801_B07_20m.tif",
          "B08": "https://sentinel2l2a01.blob.core.windows.net/sentinel2-l2/35/M/RU/2023/10/04/S2A_MSIL2A_20231004T080801_N0509_R078_T35MRU_20231004T132428.SAFE/GRANULE/L2A_T35MRU_A043261_20231004T082550/IMG_DATA/R10m/T35MRU_20231004T080801_B08_10m.tif",
          "B09": "https://sentinel2l2a01.blob.core.windows.net/sentinel2-l2/35/M/RU/2023/10/04/S2A_MSIL2A_20231004T080801_N0509_R078_T35MRU_20231004T132428.SAFE/GRANULE/L2A_T35MRU_A043261_20231004T082550/IMG_DATA/R60m/T35MRU_20231004T080801_B09_60m.tif",
          "B11": "https://sentinel2l2a01.blob.core.windows.net/sentinel2-l2/35/M/RU/2023/10/04/S2A_MSIL2A_20231004T080801_N0509_R078_T35MRU_20231004T132428.SAFE/GRANULE/L2A_T35MRU_A043261_20231004T082550/IMG_DATA/R20m/T35MRU_20231004T080801_B11_20m.tif",
          "B12": "https://sentinel2l2a01.blob.core.windows.net/sentinel2-l2/35/M/RU/2023/10/04/S2A_MSIL2A_20231004T080801_N0509_R078_T35MRU_20231004T132428.SAFE/GRANULE/L2A_T35MRU_A043261_20231004T082550/IMG_DATA/R20m/T35MRU_20231004T080801_B12_20m.tif",
          "B8A": "https://sentinel2l2a01.blob.core.windows.net/sentinel2-l2/35/M/RU/2023/10/04/S2A_MSIL2A_20231004T080801_N0509_R078_T35MRU_20231004T132428.SAFE/GRANULE/L2A_T35MRU_A043261_20231004T082550/IMG_DATA/R20m/T35MRU_20231004T080801_B8A_20m.tif",
          "SCL": "https://sentinel2l2a01.blob.core.windows.net/sentinel2-l2/35/M/RU/2023/10/04/S2A_MSIL2A_20231004T080801_N0509_R078_T35MRU_20231004T132428.SAFE/GRANULE/L2A_T35MRU_A043261_20231004T082550/IMG_DATA/R20m/T35MRU_20231004T080801_SCL_20m.tif",
          "WVP": "https://sentinel2l2a01.blob.core.windows.net/sentinel2-l2/35/M/RU/2023/10/04/S2A_MSIL2A_20231004T080801_N0509_R078_T35MRU_20231004T132428.SAFE/GRANULE/L2A_T35MRU_A043261_20231004T082550/IMG_DATA/R10m/T35MRU_20231004T080801_WVP_10m.tif",
          "visual": "https://sentinel2l2a01.blob.core.windows.net/sentinel2-l2/35/M/RU/2023/10/04/S2A_MSIL2A_20231004T080801_N0509_R078_T35MRU_20231004T132428.SAFE/GRANULE/L2A_T35MRU_A043261_20231004T082550/IMG_DATA/R10m/T35MRU_20231004T080801_TCI_10m.tif",
          "preview": "https://sentinel2l2a01.blob.core.windows.net/sentinel2-l2/35/M/RU/2023/10/04/S2A_MSIL2A_20231004T080801_N0509_R078_T35MRU_20231004T132428.SAFE/GRANULE/L2A_T35MRU_A043261_20231004T082550/QI_DATA/T35MRU_20231004T080801_PVI.tif",
          "safe-manifest": "https://sentinel2l2a01.blob.core.windows.net/sentinel2-l2/35/M/RU/2023/10/04/S2A_MSIL2A_20231004T080801_N0509_R078_T35MRU_20231004T132428.SAFE/manifest.safe",
          "granule-metadata": "https://sentinel2l2a01.blob.core.windows.net/sentinel2-l2/35/M/RU/2023/10/04/S2A_MSIL2A_20231004T080801_N0509_R078_T35MRU_20231004T132428.SAFE/GRANULE/L2A_T35MRU_A043261_20231004T082550/MTD_TL.xml",
          "inspire-metadata": "https://sentinel2l2a01.blob.core.windows.net/sentinel2-l2/35/M/RU/2023/10/04/S2A_MSIL2A_20231004T080801_N0509_R078_T35MRU_20231004T132428.SAFE/INSPIRE.xml",
          "product-metadata": "https://sentinel2l2a01.blob.core.windows.net/sentinel2-l2/35/M/RU/2023/10/04/S2A_MSIL2A_20231004T080801_N0509_R078_T35MRU_20231004T132428.SAFE/MTD_MSIL2A.xml",
          "datastrip-metadata": "https://sentinel2l2a01.blob.core.windows.net/sentinel2-l2/35/M/RU/2023/10/04/S2A_MSIL2A_20231004T080801_N0509_R078_T35MRU_20231004T132428.SAFE/DATASTRIP/DS_MSFT_20231004T132428_S20231004T082550/MTD_DS.xml",
          "tilejson": "https://planetarycomputer.microsoft.com/api/data/v1/item/tilejson.json?collection=sentinel-2-l2a&item=S2A_MSIL2A_20231004T080801_R078_T35MRU_20231004T132428&assets=visual&asset_bidx=visual%7C1%2C2%2C3&nodata=0&format=png",
          "rendered_preview": "https://planetarycomputer.microsoft.com/api/data/v1/item/preview.png?collection=sentinel-2-l2a&item=S2A_MSIL2A_20231004T080801_R078_T35MRU_20231004T132428&assets=visual&asset_bidx=visual%7C1%2C2%2C3&nodata=0&format=png"
        },
        "stac_properties": {
          "datetime": "2023-10-04T08:08:01.024000Z",
          "platform": "Sentinel-2A",
          "instruments": [
            "msi"
          ],
          "s2:mgrs_tile": "35MRU",
          "constellation": "Sentinel 2",
          "s2:granule_id": "S2A_OPER_MSI_L2A_TL_MSFT_20231004T132428_A043261_T35MRU_N05.09",
          "eo:cloud_cover": 2.047037,
          "s2:datatake_id": "GS2A_20231004T080801_043261_N05.09",
          "s2:product_uri": "S2A_MSIL2A_20231004T080801_N0509_R078_T35MRU_20231004T132428.SAFE",
          "s2:datastrip_id": "S2A_OPER_MSI_L2A_DS_MSFT_20231004T132428_S20231004T082550_N05.09",
          "s2:product_type": "S2MSI2A",
          "sat:orbit_state": "descending",
          "s2:datatake_type": "INS-NOBS",
          "s2:generation_time": "2023-10-04T13:24:28.257744Z",
          "sat:relative_orbit": 78,
          "s2:water_percentage": 1.294651,
          "s2:mean_solar_zenith": 19.5566091439677,
          "s2:mean_solar_azimuth": 98.9347355245641,
          "s2:processing_baseline": "05.09",
          "s2:snow_ice_percentage": 0.0,
          "s2:vegetation_percentage": 68.53193,
          "s2:thin_cirrus_percentage": 0.002644,
          "s2:cloud_shadow_percentage": 1.032767,
          "s2:nodata_pixel_percentage": 0.0,
          "s2:unclassified_percentage": 0.124751,
          "s2:dark_features_percentage": 0.058437,
          "s2:not_vegetated_percentage": 26.910424,
          "s2:degraded_msi_data_percentage": 0.0218,
          "s2:high_proba_clouds_percentage": 0.932664,
          "s2:reflectance_conversion_factor": 0.997620999480007,
          "s2:medium_proba_clouds_percentage": 1.111728,
          "s2:saturated_defective_pixel_percentage": 0.0,
          "proj:code": "EPSG:32735"
        }
      }
    },
    {
      "type": "Feature",
      "id": "S2B_MSIL2A_20240804T080609_R078_T35MRT_20240804T111459",
      "geometry": {
        "type": "Polygon",
        "coordinates": [
          [
            [
              29.6961769,
              -1.8072608
            ],
            [
              30.6818577,
              -1.8055187
            ],
            [
              30.684405,
              -2.796832
            ],
            [
              29.6980446,
              -2.7995317
            ],
            [
              29.6961769,
              -1.8072608
            ]
          ]
        ]
      },
      "properties": {
        "id": "S2B_MSIL2A_20240804T080609_R078_T35MRT_20240804T111459",
        "collection": "sentinel-2-l2a",
        "datetime": "2024-08-04T08:06:09.024000Z",
        "cloud_cover": 0.062515,
        "mgrs_tile": "35MRT",
        "assets": {
          "AOT": "https://sentinel2l2a01.blob.core.windows.net/sentinel2-l2/35/M/RT/2024/08/04/S2B_MSIL2A_20240804T080609_N0511_R078_T35MRT_20240804T111459.SAFE/GRANULE/L2A_T35MRT_A038714_20240804T082058/IMG_DATA/R10m/T35MRT_20240804T080609_AOT_10m.tif",
          "B01": "https://sentinel2l2a01.blob.core.windows.net/sentinel2-l2/35/M/RT/2024/08/04/S2B_MSIL2A_20240804T080609_N0511_R078_T35MRT_20240804T111459.SAFE/GRANULE/L2A_T35MRT_A038714_20240804T082058/IMG_DATA/R60m/T35MRT_20240804T080609_B01_60m.tif",
          "B02": "https://sentinel2l2a01.blob.core.windows.net/sentinel2-l2/35/M/RT/2024/08/04/S2B_MSIL2A_20240804T080609_N0511_R078_T35MRT_20240804T111459.SAFE/GRANULE/L2A_T35MRT_A038714_20240804T082058/IMG_DATA/R10m/T35MRT_20240804T080609_B02_10m.tif",
          "B03": "https://sentinel2l2a01.blob.core.windows.net/sentinel2-l2/35/M/RT/2024/08/04/S2B_MSIL2A_20240804T080609_N0511_R078_T35MRT_20240804T111459.SAFE/GRANULE/L2A_T35MRT_A038714_20240804T082058/IMG_DATA/R10m/T35MRT_20240804T080609_B03_10m.tif",
          "B04": "https://sentinel2l2a01.blob.core.windows.net/sentinel2-l2/35/M/RT/2024/08/04/S2B_MSIL2A_20240804T080609_N0511_R078_T35MRT_20240804T111459.SAFE/GRANULE/L2A_T35MRT_A038714_20240804T082058/IMG_DATA/R10m/T35MRT_20240804T080609_B04_10m.tif",
          "B05": "https://sentinel2l2a01.blob.core.windows.net/sentinel2-l2/35/M/RT/2024/08/04/S2B_MSIL2A_20240804T080609_N0511_R078_T35MRT_20240804T111459.SAFE/GRANULE/L2A_T35MRT_A038714_20240804T082058/IMG_DATA/R20m/T35MRT_20240804T080609_B05_20m.tif",
          "B06": "https://sentinel2l2a01.blob.core.windows.net/sentinel2-l2/35/M/RT/2024/08/04/S2B_MSIL2A_20240804T080609_N0511_R078_T35MRT_20240804T111459.SAFE/GRANULE/L2A_T35MRT_A038714_20240804T082058/IMG_DATA/R20m/T35MRT_20240804T080609_B06_20m.tif",
          "B07": "https://sentinel2l2a01.blob.core.windows.net/sentinel2-l2/35/M/RT/2024/08/04/S2B_MSIL2A_20240804T080609_N0511_R078_T35MRT_20240804T111459.SAFE/GRANULE/L2A_T35MRT_A038714_20240804T082058/IMG_DATA/R20m/T35MRT_20240804T080609_B07_20m.tif",
          "B08": "https://sentinel2l2a01.blob.core.windows.net/sentinel2-l2/35/M/RT/2024/08/04/S2B_MSIL2A_20240804T080609_N0511_R078_T35MRT_20240804T111459.SAFE/GRANULE/L2A_T35MRT_A038714_20240804T082058/IMG_DATA/R10m/T35MRT_20240804T080609_B08_10m.tif",
          "B09": "https://sentinel2l2a01.blob.core.windows.net/sentinel2-l2/35/M/RT/2024/08/04/S2B_MSIL2A_20240804T080609_N0511_R078_T35MRT_20240804T111459.SAFE/GRANULE/L2A_T35MRT_A038714_20240804T082058/IMG_DATA/R60m/T35MRT_20240804T080609_B09_60m.tif",
          "B11": "https://sentinel2l2a01.blob.core.windows.net/sentinel2-l2/35/M/RT/2024/08/04/S2B_MSIL2A_20240804T080609_N0511_R078_T35MRT_20240804T111459.SAFE/GRANULE/L2A_T35MRT_A038714_20240804T082058/IMG_DATA/R20m/T35MRT_20240804T080609_B11_20m.tif",
          "B12": "https://sentinel2l2a01.blob.core.windows.net/sentinel2-l2/35/M/RT/2024/08/04/S2B_MSIL2A_20240804T080609_N0511_R078_T35MRT_20240804T111459.SAFE/GRANULE/L2A_T35MRT_A038714_20240804T082058/IMG_DATA/R20m/T35MRT_20240804T080609_B12_20m.tif",
          "B8A": "https://sentinel2l2a01.blob.core.windows.net/sentinel2-l2/35/M/RT/2024/08/04/S2B_MSIL2A_20240804T080609_N0511_R078_T35MRT_20240804T111459.SAFE/GRANULE/L2A_T35MRT_A038714_20240804T082058/IMG_DATA/R20m/T35MRT_20240804T080609_B8A_20m.tif",
          "SCL": "https://sentinel2l2a01.blob.core.windows.net/sentinel2-l2/35/M/RT/2024/08/04/S2B_MSIL2A_20240804T080609_N0511_R078_T35MRT_20240804T111459.SAFE/GRANULE/L2A_T35MRT_A038714_20240804T082058/IMG_DATA/R20m/T35MRT_20240804T080609_SCL_20m.tif",
          "WVP": "https://sentinel2l2a01.blob.core.windows.net/sentinel2-l2/35/M/RT/2024/08/04/S2B_MSIL2A_20240804T080609_N0511_R078_T35MRT_20240804T111459.SAFE/GRANULE/L2A_T35MRT_A038714_20240804T082058/IMG_DATA/R10m/T35MRT_20240804T080609_WVP_10m.tif",
          "visual": "https://sentinel2l2a01.blob.core.windows.net/sentinel2-l2/35/M/RT/2024/08/04/S2B_MSIL2A_20240804T080609_N0511_R078_T35MRT_20240804T111459.SAFE/GRANULE/L2A_T35MRT_A038714_20240804T082058/IMG_DATA/R10m/T35MRT_20240804T080609_TCI_10m.tif",
          "safe-manifest": "https://sentinel2l2a01.blob.core.windows.net/sentinel2-l2/35/M/RT/2024/08/04/S2B_MSIL2A_20240804T080609_N0511_R078_T35MRT_20240804T111459.SAFE/manifest.safe",
          "granule-metadata": "https://sentinel2l2a01.blob.core.windows.net/sentinel2-l2/35/M/RT/2024/08/04/S2B_MSIL2A_20240804T080609_N0511_R078_T35MRT_20240804T111459.SAFE/GRANULE/L2A_T35MRT_A038714_20240804T082058/MTD_TL.xml",
          "inspire-metadata": "https://sentinel2l2a01.blob.core.windows.net/sentinel2-l2/35/M/RT/2024/08/04/S2B_MSIL2A_20240804T080609_N0511_R078_T35MRT_20240804T111459.SAFE/INSPIRE.xml",
          "product-metadata": "https://sentinel2l2a01.blob.core.windows.net/sentinel2-l2/35/M/RT/2024/08/04/S2B_MSIL2A_20240804T080609_N0511_R078_T35MRT_20240804T111459.SAFE/MTD_MSIL2A.xml",
          "datastrip-metadata": "https://sentinel2l2a01.blob.core.windows.net/sentinel2-l2/35/M/RT/2024/08/04/S2B_MSIL2A_20240804T080609_N0511_R078_T35MRT_20240804T111459.SAFE/DATASTRIP/DS_2BPS_20240804T111459_S20240804T082058/MTD_DS.xml",
          "tilejson": "https://planetarycomputer.microsoft.com/api/data/v1/item/tilejson.json?collection=sentinel-2-l2a&item=S2B_MSIL2A_20240804T080609_R078_T35MRT_20240804T111459&assets=visual&asset_bidx=visual%7C1%2C2%2C3&nodata=0&format=png",
          "rendered_preview": "https://planetarycomputer.microsoft.com/api/data/v1/item/preview.png?collection=sentinel-2-l2a&item=S2B_MSIL2A_20240804T080609_R078_T35MRT_20240804T111459&assets=visual&asset_bidx=visual%7C1%2C2%2C3&nodata=0&format=png"
        },
        "stac_properties": {
          "datetime": "2024-08-04T08:06:09.024000Z",
          "platform": "Sentinel-2B",
          "instruments": [
            "msi"
          ],
          "s2:mgrs_tile": "35MRT",
          "constellation": "Sentinel 2",
          "s2:granule_id": "S2B_OPER_MSI_L2A_TL_2BPS_20240804T111459_A038714_T35MRT_N05.11",
          "eo:cloud_cover": 0.062515,
          "s2:datatake_id": "GS2B_20240804T080609_038714_N05.11",
          "s2:product_uri": "S2B_MSIL2A_20240804T080609_N0511_R078_T35MRT_20240804T111459.SAFE",
          "s2:datastrip_id": "S2B_OPER_MSI_L2A_DS_2BPS_20240804T111459_S20240804T082058_N05.11",
          "s2:product_type": "S2MSI2A",
          "sat:orbit_state": "descending",
          "s2:datatake_type": "INS-NOBS",
          "s2:generation_time": "2024-08-04T11:14:59.000000Z",
          "sat:relative_orbit": 78,
          "s2:water_percentage": 2.593266,
          "s2:mean_solar_zenith": 30.2985415427932,
          "s2:mean_solar_azimuth": 49.3846038517696,
          "s2:processing_baseline": "05.11",
          "s2:snow_ice_percentage": 0.0,
          "s2:vegetation_percentage": 36.530077,
          "s2:thin_cirrus_percentage": 0.044788,
          "s2:cloud_shadow_percentage": 0.021168,
          "s2:nodata_pixel_percentage": 0.0,
          "s2:unclassified_percentage": 0.822768,
          "s2:not_vegetated_percentage": 59.874296,
          "s2:degraded_msi_data_percentage": 0.0195,
          "s2:high_proba_clouds_percentage": 0.007027,
          "s2:reflectance_conversion_factor": 0.970711812945032,
          "s2:medium_proba_clouds_percentage": 0.0107,
          "s2:saturated_defective_pixel_percentage": 0.0,
          "proj:code": "EPSG:32735"
        }
      }
    },
    {
      "type": "Feature",
      "id": "S2B_MSIL2A_20240804T080609_R078_T35MRU_20240804T111459",
      "geometry": {
        "type": "Polygon",
        "coordinates": [
          [
            [
              29.6951767,
              -0.9033618
            ],
            [
              30.6804936,
              -0.9024912
            ],
            [
              30.68204,
              -1.8938167
            ],
            [
              29.6963105,
              -1.895644
            ],
            [
              29.6951767,
              -0.9033618
            ]
          ]
        ]
      },
      "properties": {
        "id": "S2B_MSIL2A_20240804T080609_R078_T35MRU_20240804T111459",
        "collection": "sentinel-2-l2a",
        "datetime": "2024-08-04T08:06:09.024000Z",
        "cloud_cover": 0.077564,
        "mgrs_tile": "35MRU",
        "assets": {
          "AOT": "https://sentinel2l2a01.blob.core.windows.net/sentinel2-l2/35/M/RU/2024/08/04/S2B_MSIL2A_20240804T080609_N0511_R078_T35MRU_20240804T111459.SAFE/GRANULE/L2A_T35MRU_A038714_20240804T082058/IMG_DATA/R10m/T35MRU_20240804T080609_AOT_10m.tif",
          "B01": "https://sentinel2l2a01.blob.core.windows.net/sentinel2-l2/35/M/RU/2024/08/04/S2B_MSIL2A_20240804T080609_N0511_R078_T35MRU_20240804T111459.SAFE/GRANULE/L2A_T35MRU_A038714_20240804T082058/IMG_DATA/R60m/T35MRU_20240804T080609_B01_60m.tif",
          "B02": "https://sentinel2l2a01.blob.core.windows.net/sentinel2-l2/35/M/RU/2024/08/04/S2B_MSIL2A_20240804T080609_N0511_R078_T35MRU_20240804T111459.SAFE/GRANULE/L2A_T35MRU_A038714_20240804T082058/IMG_DATA/R10m/T35MRU_20240804T080609_B02_10m.tif",
          "B03": "https://sentinel2l2a01.blob.core.windows.net/sentinel2-l2/35/M/RU/2024/08/04/S2B_MSIL2A_20240804T080609_N0511_R078_T35MRU_20240804T111459.SAFE/GRANULE/L2A_T35MRU_A038714_20240804T082058/IMG_DATA/R10m/T35MRU_20240804T080609_B03_10m.tif",
          "B04": "https://sentinel2l2a01.blob.core.windows.net/sentinel2-l2/35/M/RU/2024/08/04/S2B_MSIL2A_20240804T080609_N0511_R078_T35MRU_20240804T111459.SAFE/GRANULE/L2A_T35MRU_A038714_20240804T082058/IMG_DATA/R10m/T35MRU_20240804T080609_B04_10m.tif",
          "B05": "https://sentinel2l2a01.blob.core.windows.net/sentinel2-l2/35/M/RU/2024/08/04/S2B_MSIL2A_20240804T080609_N0511_R078_T35MRU_20240804T111459.SAFE/GRANULE/L2A_T35MRU_A038714_20240804T082058/IMG_DATA/R20m/T35MRU_20240804T080609_B05_20m.tif",
          "B06": "https://sentinel2l2a01.blob.core.windows.net/sentinel2-l2/35/M/RU/2024/08/04/S2B_MSIL2A_20240804T080609_N0511_R078_T35MRU_20240804T111459.SAFE/GRANULE/L2A_T35MRU_A038714_20240804T082058/IMG_DATA/R20m/T35MRU_20240804T080609_B06_20m.tif",
          "B07": "https://sentinel2l2a01.blob.core.windows.net/sentinel2-l2/35/M/RU/2024/08/04/S2B_MSIL2A_20240804T080609_N0511_R078_T35MRU_20240804T111459.SAFE/GRANULE/L2A_T35MRU_A038714_20240804T082058/IMG_DATA/R20m/T35MRU_20240804T080609_B07_20m.tif",
          "B08": "https://sentinel2l2a01.blob.core.windows.net/sentinel2-l2/35/M/RU/2024/08/04/S2B_MSIL2A_20240804T080609_N0511_R078_T35MRU_20240804T111459.SAFE/GRANULE/L2A_T35MRU_A038714_20240804T082058/IMG_DATA/R10m/T35MRU_20240804T080609_B08_10m.tif",
          "B09": "https://sentinel2l2a01.blob.core.windows.net/sentinel2-l2/35/M/RU/2024/08/04/S2B_MSIL2A_20240804T080609_N0511_R078_T35MRU_20240804T111459.SAFE/GRANULE/L2A_T35MRU_A038714_20240804T082058/IMG_DATA/R60m/T35MRU_20240804T080609_B09_60m.tif",
          "B11": "https://sentinel2l2a01.blob.core.windows.net/sentinel2-l2/35/M/RU/2024/08/04/S2B_MSIL2A_20240804T080609_N0511_R078_T35MRU_20240804T111459.SAFE/GRANULE/L2A_T35MRU_A038714_20240804T082058/IMG_DATA/R20m/T35MRU_20240804T080609_B11_20m.tif",
          "B12": "https://sentinel2l2a01.blob.core.windows.net/sentinel2-l2/35/M/RU/2024/08/04/S2B_MSIL2A_20240804T080609_N0511_R078_T35MRU_20240804T111459.SAFE/GRANULE/L2A_T35MRU_A038714_20240804T082058/IMG_DATA/R20m/T35MRU_20240804T080609_B12_20m.tif",
          "B8A": "https://sentinel2l2a01.blob.core.windows.net/sentinel2-l2/35/M/RU/2024/08/04/S2B_MSIL2A_20240804T080609_N0511_R078_T35MRU_20240804T111459.SAFE/GRANULE/L2A_T35MRU_A038714_20240804T082058/IMG_DATA/R20m/T35MRU_20240804T080609_B8A_20m.tif",
          "SCL": "https://sentinel2l2a01.blob.core.windows.net/sentinel2-l2/35/M/RU/2024/08/04/S2B_MSIL2A_20240804T080609_N0511_R078_T35MRU_20240804T111459.SAFE/GRANULE/L2A_T35MRU_A038714_20240804T082058/IMG_DATA/R20m/T35MRU_20240804T080609_SCL_20m.tif",
          "WVP": "https://sentinel2l2a01.blob.core.windows.net/sentinel2-l2/35/M/RU/2024/08/04/S2B_MSIL2A_20240804T080609_N0511_R078_T35MRU_20240804T111459.SAFE/GRANULE/L2A_T35MRU_A038714_20240804T082058/IMG_DATA/R10m/T35MRU_20240804T080609_WVP_10m.tif",
          "visual": "https://sentinel2l2a01.blob.core.windows.net/sentinel2-l2/35/M/RU/2024/08/04/S2B_MSIL2A_20240804T080609_N0511_R078_T35MRU_20240804T111459.SAFE/GRANULE/L2A_T35MRU_A038714_20240804T082058/IMG_DATA/R10m/T35MRU_20240804T080609_TCI_10m.tif",
          "safe-manifest": "https://sentinel2l2a01.blob.core.windows.net/sentinel2-l2/35/M/RU/2024/08/04/S2B_MSIL2A_20240804T080609_N0511_R078_T35MRU_20240804T111459.SAFE/manifest.safe",
          "granule-metadata": "https://sentinel2l2a01.blob.core.windows.net/sentinel2-l2/35/M/RU/2024/08/04/S2B_MSIL2A_20240804T080609_N0511_R078_T35MRU_20240804T111459.SAFE/GRANULE/L2A_T35MRU_A038714_20240804T082058/MTD_TL.xml",
          "inspire-metadata": "https://sentinel2l2a01.blob.core.windows.net/sentinel2-l2/35/M/RU/2024/08/04/S2B_MSIL2A_20240804T080609_N0511_R078_T35MRU_20240804T111459.SAFE/INSPIRE.xml",
          "product-metadata": "https://sentinel2l2a01.blob.core.windows.net/sentinel2-l2/35/M/RU/2024/08/04/S2B_MSIL2A_20240804T080609_N0511_R078_T35MRU_20240804T111459.SAFE/MTD_MSIL2A.xml",
          "datastrip-metadata": "https://sentinel2l2a01.blob.core.windows.net/sentinel2-l2/35/M/RU/2024/08/04/S2B_MSIL2A_20240804T080609_N0511_R078_T35MRU_20240804T111459.SAFE/DATASTRIP/DS_2BPS_20240804T111459_S20240804T082058/MTD_DS.xml",
          "tilejson": "https://planetarycomputer.microsoft.com/api/data/v1/item/tilejson.json?collection=sentinel-2-l2a&item=S2B_MSIL2A_20240804T080609_R078_T35MRU_20240804T111459&assets=visual&asset_bidx=visual%7C1%2C2%2C3&nodata=0&format=png",
          "rendered_preview": "https://planetarycomputer.microsoft.com/api/data/v1/item/preview.png?collection=sentinel-2-l2a&item=S2B_MSIL2A_20240804T080609_R078_T35MRU_20240804T111459&assets=visual&asset_bidx=visual%7C1%2C2%2C3&nodata=0&format=png"
        },
        "stac_properties": {
          "datetime": "2024-08-04T08:06:09.024000Z",
          "platform": "Sentinel-2B",
          "instruments": [
            "msi"
          ],
          "s2:mgrs_tile": "35MRU",
          "constellation": "Sentinel 2",
          "s2:granule_id": "S2B_OPER_MSI_L2A_TL_2BPS_20240804T111459_A038714_T35MRU_N05.11",
          "eo:cloud_cover": 0.077564,
          "s2:datatake_id": "GS2B_20240804T080609_038714_N05.11",
          "s2:product_uri": "S2B_MSIL2A_20240804T080609_N0511_R078_T35MRU_20240804T111459.SAFE",
          "s2:datastrip_id": "S2B_OPER_MSI_L2A_DS_2BPS_20240804T111459_S20240804T082058_N05.11",
          "s2:product_type": "S2MSI2A",
          "sat:orbit_state": "descending",
          "s2:datatake_type": "INS-NOBS",
          "s2:generation_time": "2024-08-04T11:14:59.000000Z",
          "sat:relative_orbit": 78,
          "s2:water_percentage": 1.597705,
          "s2:mean_solar_zenith": 29.7660257611656,
          "s2:mean_solar_azimuth": 50.6539116218329,
          "s2:processing_baseline": "05.11",
          "s2:snow_ice_percentage": 0.0,
          "s2:vegetation_percentage": 40.292042,
          "s2:thin_cirrus_percentage": 0.000438,
          "s2:cloud_shadow_percentage": 0.100796,
          "s2:nodata_pixel_percentage": 0.0,
          "s2:unclassified_percentage": 1.212378,
          "s2:not_vegetated_percentage": 56.203812,
          "s2:degraded_msi_data_percentage": 0.0141,
          "s2:high_proba_clouds_percentage": 0.021028,
          "s2:reflectance_conversion_factor": 0.970711812945032,
          "s2:medium_proba_clouds_percentage": 0.056098,
          "s2:saturated_defective_pixel_percentage": 0.0,
          "proj:code": "EPSG:32735"
        }
      }
    },
    {
      "type": "Feature",
      "id": "S2B_MSIL2A_20240725T080609_R078_T35MRT_20240725T102837",
      "geometry": {
        "type": "Polygon",
        "coordinates": [
          [
            [
              29.6961769,
              -1.8072608
            ],
            [
              30.6818577,
              -1.8055187
            ],
            [
              30.684405,
              -2.796832
            ],
            [
              29.6980446,
              -2.7995317
            ],
            [
              29.6961769,
              -1.8072608
            ]
          ]
        ]
      },
      "properties": {
        "id": "S2B_MSIL2A_20240725T080609_R078_T35MRT_20240725T102837",
        "collection": "sentinel-2-l2a",
        "datetime": "2024-07-25T08:06:09.024000Z",
        "cloud_cover": 7e-06,
        "mgrs_tile": "35MRT",
        "assets": {
          "AOT": "https://sentinel2l2a01.blob.core.windows.net/sentinel2-l2/35/M/RT/2024/07/25/S2B_MSIL2A_20240725T080609_N0511_R078_T35MRT_20240725T102837.SAFE/GRANULE/L2A_T35MRT_A038571_20240725T082515/IMG_DATA/R10m/T35MRT_20240725T080609_AOT_10m.tif",
          "B01": "https://sentinel2l2a01.blob.core.windows.net/sentinel2-l2/35/M/RT/2024/07/25/S2B_MSIL2A_20240725T080609_N0511_R078_T35MRT_20240725T102837.SAFE/GRANULE/L2A_T35MRT_A038571_20240725T082515/IMG_DATA/R60m/T35MRT_20240725T080609_B01_60m.tif",
          "B02": "https://sentinel2l2a01.blob.core.windows.net/sentinel2-l2/35/M/RT/2024/07/25/S2B_MSIL2A_20240725T080609_N0511_R078_T35MRT_20240725T102837.SAFE/GRANULE/L2A_T35MRT_A038571_20240725T082515/IMG_DATA/R10m/T35MRT_20240725T080609_B02_10m.tif",
          "B03": "https://sentinel2l2a01.blob.core.windows.net/sentinel2-l2/35/M/RT/2024/07/25/S2B_MSIL2A_20240725T080609_N0511_R078_T35MRT_20240725T102837.SAFE/GRANULE/L2A_T35MRT_A038571_20240725T082515/IMG_DATA/R10m/T35MRT_20240725T080609_B03_10m.tif",
          "B04": "https://sentinel2l2a01.blob.core.windows.net/sentinel2-l2/35/M/RT/2024/07/25/S2B_MSIL2A_20240725T080609_N0511_R078_T35MRT_20240725T102837.SAFE/GRANULE/L2A_T35MRT_A038571_20240725T082515/IMG_DATA/R10m/T35MRT_20240725T080609_B04_10m.tif",
          "B05": "https://sentinel2l2a01.blob.core.windows.net/sentinel2-l2/35/M/RT/2024/07/25/S2B_MSIL2A_20240725T080609_N0511_R078_T35MRT_20240725T102837.SAFE/GRANULE/L2A_T35MRT_A038571_20240725T082515/IMG_DATA/R20m/T35MRT_20240725T080609_B05_20m.tif",
          "B06": "https://sentinel2l2a01.blob.core.windows.net/sentinel2-l2/35/M/RT/2024/07/25/S2B_MSIL2A_20240725T080609_N0511_R078_T35MRT_20240725T102837.SAFE/GRANULE/L2A_T35MRT_A038571_20240725T082515/IMG_DATA/R20m/T35MRT_20240725T080609_B06_20m.tif",
          "B07": "https://sentinel2l2a01.blob.core.windows.net/sentinel2-l2/35/M/RT/2024/07/25/S2B_MSIL2A_20240725T080609_N0511_R078_T35MRT_20240725T102837.SAFE/GRANULE/L2A_T35MRT_A038571_20240725T082515/IMG_DATA/R20m/T35MRT_20240725T080609_B07_20m.tif",
          "B08": "https://sentinel2l2a01.blob.core.windows.net/sentinel2-l2/35/M/RT/2024/07/25/S2B_MSIL2A_20240725T080609_N0511_R078_T35MRT_20240725T102837.SAFE/GRANULE/L2A_T35MRT_A038571_20240725T082515/IMG_DATA/R10m/T35MRT_20240725T080609_B08_10m.tif",
          "B09": "https://sentinel2l2a01.blob.core.windows.net/sentinel2-l2/35/M/RT/2024/07/25/S2B_MSIL2A_20240725T080609_N0511_R078_T35MRT_20240725T102837.SAFE/GRANULE/L2A_T35MRT_A038571_20240725T082515/IMG_DATA/R60m/T35MRT_20240725T080609_B09_60m.tif",
          "B11": "https://sentinel2l2a01.blob.core.windows.net/sentinel2-l2/35/M/RT/2024/07/25/S2B_MSIL2A_20240725T080609_N0511_R078_T35MRT_20240725T102837.SAFE/GRANULE/L2A_T35MRT_A038571_20240725T082515/IMG_DATA/R20m/T35MRT_20240725T080609_B11_20m.tif",
          "B12": "https://sentinel2l2a01.blob.core.windows.net/sentinel2-l2/35/M/RT/2024/07/25/S2B_MSIL2A_20240725T080609_N0511_R078_T35MRT_20240725T102837.SAFE/GRANULE/L2A_T35MRT_A038571_20240725T082515/IMG_DATA/R20m/T35MRT_20240725T080609_B12_20m.tif",
          "B8A": "https://sentinel2l2a01.blob.core.windows.net/sentinel2-l2/35/M/RT/2024/07/25/S2B_MSIL2A_20240725T080609_N0511_R078_T35MRT_20240725T102837.SAFE/GRANULE/L2A_T35MRT_A038571_20240725T082515/IMG_DATA/R20m/T35MRT_20240725T080609_B8A_20m.tif",
          "SCL": "https://sentinel2l2a01.blob.core.windows.net/sentinel2-l2/35/M/RT/2024/07/25/S2B_MSIL2A_20240725T080609_N0511_R078_T35MRT_20240725T102837.SAFE/GRANULE/L2A_T35MRT_A038571_20240725T082515/IMG_DATA/R20m/T35MRT_20240725T080609_SCL_20m.tif",
          "WVP": "https://sentinel2l2a01.blob.core.windows.net/sentinel2-l2/35/M/RT/2024/07/25/S2B_MSIL2A_20240725T080609_N0511_R078_T35MRT_20240725T102837.SAFE/GRANULE/L2A_T35MRT_A038571_20240725T082515/IMG_DATA/R10m/T35MRT_20240725T080609_WVP_10m.tif",
          "visual": "https://sentinel2l2a01.blob.core.windows.net/sentinel2-l2/35/M/RT/2024/07/25/S2B_MSIL2A_20240725T080609_N0511_R078_T35MRT_20240725T102837.SAFE/GRANULE/L2A_T35MRT_A038571_20240725T082515/IMG_DATA/R10m/T35MRT_20240725T080609_TCI_10m.tif",
          "safe-manifest": "https://sentinel2l2a01.blob.core.windows.net/sentinel2-l2/35/M/RT/2024/07/25/S2B_MSIL2A_20240725T080609_N0511_R078_T35MRT_20240725T102837.SAFE/manifest.safe",
          "granule-metadata": "https://sentinel2l2a01.blob.core.windows.net/sentinel2-l2/35/M/RT/2024/07/25/S2B_MSIL2A_20240725T080609_N0511_R078_T35MRT_20240725T102837.SAFE/GRANULE/L2A_T35MRT_A038571_20240725T082515/MTD_TL.xml",
          "inspire-metadata": "https://sentinel2l2a01.blob.core.windows.net/sentinel2-l2/35/M/RT/2024/07/25/S2B_MSIL2A_20240725T080609_N0511_R078_T35MRT_20240725T102837.SAFE/INSPIRE.xml",
          "product-metadata": "https://sentinel2l2a01.blob.core.windows.net/sentinel2-l2/35/M/RT/2024/07/25/S2B_MSIL2A_20240725T080609_N0511_R078_T35MRT_20240725T102837.SAFE/MTD_MSIL2A.xml",
          "datastrip-metadata": "https://sentinel2l2a01.blob.core.windows.net/sentinel2-l2/35/M/RT/2024/07/25/S2B_MSIL2A_20240725T080609_N0511_R078_T35MRT_20240725T102837.SAFE/DATASTRIP/DS_2BPS_20240725T102837_S20240725T082515/MTD_DS.xml",
          "tilejson": "https://planetarycomputer.microsoft.com/api/data/v1/item/tilejson.json?collection=sentinel-2-l2a&item=S2B_MSIL2A_20240725T080609_R078_T35MRT_20240725T102837&assets=visual&asset_bidx=visual%7C1%2C2%2C3&nodata=0&format=png",
          "rendered_preview": "https://planetarycomputer.microsoft.com/api/data/v1/item/preview.png?collection=sentinel-2-l2a&item=S2B_MSIL2A_20240725T080609_R078_T35MRT_20240725T102837&assets=visual&asset_bidx=visual%7C1%2C2%2C3&nodata=0&format=png"
        },
        "stac_properties": {
          "datetime": "2024-07-25T08:06:09.024000Z",
          "platform": "Sentinel-2B",
          "instruments": [
            "msi"
          ],
          "s2:mgrs_tile": "35MRT",
          "constellation": "Sentinel 2",
          "s2:granule_id": "S2B_OPER_MSI_L2A_TL_2BPS_20240725T102837_A038571_T35MRT_N05.11",
          "eo:cloud_cover": 7e-06,
          "s2:datatake_id": "GS2B_20240725T080609_038571_N05.11",
          "s2:product_uri": "S2B_MSIL2A_20240725T080609_N0511_R078_T35MRT_20240725T102837.SAFE",
          "s2:datastrip_id": "S2B_OPER_MSI_L2A_DS_2BPS_20240725T102837_S20240725T082515_N05.11",
          "s2:product_type": "S2MSI2A",
          "sat:orbit_state": "descending",
          "s2:datatake_type": "INS-NOBS",
          "s2:generation_time": "2024-07-25T10:28:37.000000Z",
          "sat:relative_orbit": 78,
          "s2:water_percentage": 2.784603,
          "s2:mean_solar_zenith": 31.9215178033461,
          "s2:mean_solar_azimuth": 45.8339805519681,
          "s2:processing_baseline": "05.11",
          "s2:snow_ice_percentage": 0.0,
          "s2:vegetation_percentage": 44.877282,
          "s2:thin_cirrus_percentage": 0.0,
          "s2:cloud_shadow_percentage": 0.0,
          "s2:nodata_pixel_percentage": 0.0,
          "s2:unclassified_percentage": 0.876865,
          "s2:not_vegetated_percentage": 51.334882,
          "s2:degraded_msi_data_percentage": 0.0195,
          "s2:high_proba_clouds_percentage": 0.0,
          "s2:reflectance_conversion_factor": 0.968694773444228,
          "s2:medium_proba_clouds_percentage": 7e-06,
          "s2:saturated_defective_pixel_percentage": 0.0,
          "proj:code": "EPSG:32735"
        }
      }
    },
    {
      "type": "Feature",
      "id": "S2B_MSIL2A_20240725T080609_R078_T35MRU_20240725T102837",
      "geometry": {
        "type": "Polygon",
        "coordinates": [
          [
            [
              29.6951767,
              -0.9033618
            ],
            [
              30.6804936,
              -0.9024912
            ],
            [
              30.68204,
              -1.8938167
            ],
            [
              29.6963105,
              -1.895644
            ],
            [
              29.6951767,
              -0.9033618
            ]
          ]
        ]
      },
      "properties": {
        "id": "S2B_MSIL2A_20240725T080609_R078_T35MRU_20240725T102837",
        "collection": "sentinel-2-l2a",
        "datetime": "2024-07-25T08:06:09.024000Z",
        "cloud_cover": 1.016158,
        "mgrs_tile": "35MRU",
        "assets": {
          "AOT": "https://sentinel2l2a01.blob.core.windows.net/sentinel2-l2/35/M/RU/2024/07/25/S2B_MSIL2A_20240725T080609_N0511_R078_T35MRU_20240725T102837.SAFE/GRANULE/L2A_T35MRU_A038571_20240725T082515/IMG_DATA/R10m/T35MRU_20240725T080609_AOT_10m.tif",
          "B01": "https://sentinel2l2a01.blob.core.windows.net/sentinel2-l2/35/M/RU/2024/07/25/S2B_MSIL2A_20240725T080609_N0511_R078_T35MRU_20240725T102837.SAFE/GRANULE/L2A_T35MRU_A038571_20240725T082515/IMG_DATA/R60m/T35MRU_20240725T080609_B01_60m.tif",
          "B02": "https://sentinel2l2a01.blob.core.windows.net/sentinel2-l2/35/M/RU/2024/07/25/S2B_MSIL2A_20240725T080609_N0511_R078_T35MRU_20240725T102837.SAFE/GRANULE/L2A_T35MRU_A038571_20240725T082515/IMG_DATA/R10m/T35MRU_20240725T080609_B02_10m.tif",
          "B03": "https://sentinel2l2a01.blob.core.windows.net/sentinel2-l2/35/M/RU/2024/07/25/S2B_MSIL2A_20240725T080609_N0511_R078_T35MRU_20240725T102837.SAFE/GRANULE/L2A_T35MRU_A038571_20240725T082515/IMG_DATA/R10m/T35MRU_20240725T080609_B03_10m.tif",
          "B04": "https://sentinel2l2a01.blob.core.windows.net/sentinel2-l2/35/M/RU/2024/07/25/S2B_MSIL2A_20240725T080609_N0511_R078_T35MRU_20240725T102837.SAFE/GRANULE/L2A_T35MRU_A038571_20240725T082515/IMG_DATA/R10m/T35MRU_20240725T080609_B04_10m.tif",
          "B05": "https://sentinel2l2a01.blob.core.windows.net/sentinel2-l2/35/M/RU/2024/07/25/S2B_MSIL2A_20240725T080609_N0511_R078_T35MRU_20240725T102837.SAFE/GRANULE/L2A_T35MRU_A038571_20240725T082515/IMG_DATA/R20m/T35MRU_20240725T080609_B05_20m.tif",
          "B06": "https://sentinel2l2a01.blob.core.windows.net/sentinel2-l2/35/M/RU/2024/07/25/S2B_MSIL2A_20240725T080609_N0511_R078_T35MRU_20240725T102837.SAFE/GRANULE/L2A_T35MRU_A038571_20240725T082515/IMG_DATA/R20m/T35MRU_20240725T080609_B06_20m.tif",
          "B07": "https://sentinel2l2a01.blob.core.windows.net/sentinel2-l2/35/M/RU/2024/07/25/S2B_MSIL2A_20240725T080609_N0511_R078_T35MRU_20240725T102837.SAFE/GRANULE/L2A_T35MRU_A038571_20240725T082515/IMG_DATA/R20m/T35MRU_20240725T080609_B07_20m.tif",
          "B08": "https://sentinel2l2a01.blob.core.windows.net/sentinel2-l2/35/M/RU/2024/07/25/S2B_MSIL2A_20240725T080609_N0511_R078_T35MRU_20240725T102837.SAFE/GRANULE/L2A_T35MRU_A038571_20240725T082515/IMG_DATA/R10m/T35MRU_20240725T080609_B08_10m.tif",
          "B09": "https://sentinel2l2a01.blob.core.windows.net/sentinel2-l2/35/M/RU/2024/07/25/S2B_MSIL2A_20240725T080609_N0511_R078_T35MRU_20240725T102837.SAFE/GRANULE/L2A_T35MRU_A038571_20240725T082515/IMG_DATA/R60m/T35MRU_20240725T080609_B09_60m.tif",
          "B11": "https://sentinel2l2a01.blob.core.windows.net/sentinel2-l2/35/M/RU/2024/07/25/S2B_MSIL2A_20240725T080609_N0511_R078_T35MRU_20240725T102837.SAFE/GRANULE/L2A_T35MRU_A038571_20240725T082515/IMG_DATA/R20m/T35MRU_20240725T080609_B11_20m.tif",
          "B12": "https://sentinel2l2a01.blob.core.windows.net/sentinel2-l2/35/M/RU/2024/07/25/S2B_MSIL2A_20240725T080609_N0511_R078_T35MRU_20240725T102837.SAFE/GRANULE/L2A_T35MRU_A038571_20240725T082515/IMG_DATA/R20m/T35MRU_20240725T080609_B12_20m.tif",
          "B8A": "https://sentinel2l2a01.blob.core.windows.net/sentinel2-l2/35/M/RU/2024/07/25/S2B_MSIL2A_20240725T080609_N0511_R078_T35MRU_20240725T102837.SAFE/GRANULE/L2A_T35MRU_A038571_20240725T082515/IMG_DATA/R20m/T35MRU_20240725T080609_B8A_20m.tif",
          "SCL": "https://sentinel2l2a01.blob.core.windows.net/sentinel2-l2/35/M/RU/2024/07/25/S2B_MSIL2A_20240725T080609_N0511_R078_T35MRU_20240725T102837.SAFE/GRANULE/L2A_T35MRU_A038571_20240725T082515/IMG_DATA/R20m/T35MRU_20240725T080609_SCL_20m.tif",
          "WVP": "https://sentinel2l2a01.blob.core.windows.net/sentinel2-l2/35/M/RU/2024/07/25/S2B_MSIL2A_20240725T080609_N0511_R078_T35MRU_20240725T102837.SAFE/GRANULE/L2A_T35MRU_A038571_20240725T082515/IMG_DATA/R10m/T35MRU_20240725T080609_WVP_10m.tif",
          "visual": "https://sentinel2l2a01.blob.core.windows.net/sentinel2-l2/35/M/RU/2024/07/25/S2B_MSIL2A_20240725T080609_N0511_R078_T35MRU_20240725T102837.SAFE/GRANULE/L2A_T35MRU_A038571_20240725T082515/IMG_DATA/R10m/T35MRU_20240725T080609_TCI_10m.tif",
          "safe-manifest": "https://sentinel2l2a01.blob.core.windows.net/sentinel2-l2/35/M/RU/2024/07/25/S2B_MSIL2A_20240725T080609_N0511_R078_T35MRU_20240725T102837.SAFE/manifest.safe",
          "granule-metadata": "https://sentinel2l2a01.blob.core.windows.net/sentinel2-l2/35/M/RU/2024/07/25/S2B_MSIL2A_20240725T080609_N0511_R078_T35MRU_20240725T102837.SAFE/GRANULE/L2A_T35MRU_A038571_20240725T082515/MTD_TL.xml",
          "inspire-metadata": "https://sentinel2l2a01.blob.core.windows.net/sentinel2-l2/35/M/RU/2024/07/25/S2B_MSIL2A_20240725T080609_N0511_R078_T35MRU_20240725T102837.SAFE/INSPIRE.xml",
          "product-metadata": "https://sentinel2l2a01.blob.core.windows.net/sentinel2-l2/35/M/RU/2024/07/25/S2B_MSIL2A_20240725T080609_N0511_R078_T35MRU_20240725T102837.SAFE/MTD_MSIL2A.xml",
          "datastrip-metadata": "https://sentinel2l2a01.blob.core.windows.net/sentinel2-l2/35/M/RU/2024/07/25/S2B_MSIL2A_20240725T080609_N0511_R078_T35MRU_20240725T102837.SAFE/DATASTRIP/DS_2BPS_20240725T102837_S20240725T082515/MTD_DS.xml",
          "tilejson": "https://planetarycomputer.microsoft.com/api/data/v1/item/tilejson.json?collection=sentinel-2-l2a&item=S2B_MSIL2A_20240725T080609_R078_T35MRU_20240725T102837&assets=visual&asset_bidx=visual%7C1%2C2%2C3&nodata=0&format=png",
          "rendered_preview": "https://planetarycomputer.microsoft.com/api/data/v1/item/preview.png?collection=sentinel-2-l2a&item=S2B_MSIL2A_20240725T080609_R078_T35MRU_20240725T102837&assets=visual&asset_bidx=visual%7C1%2C2%2C3&nodata=0&format=png"
        },
        "stac_properties": {
          "datetime": "2024-07-25T08:06:09.024000Z",
          "platform": "Sentinel-2B",
          "instruments": [
            "msi"
          ],
          "s2:mgrs_tile": "35MRU",
          "constellation": "Sentinel 2",
          "s2:granule_id": "S2B_OPER_MSI_L2A_TL_2BPS_20240725T102837_A038571_T35MRU_N05.11",
          "eo:cloud_cover": 1.016158,
          "s2:datatake_id": "GS2B_20240725T080609_038571_N05.11",
          "s2:product_uri": "S2B_MSIL2A_20240725T080609_N0511_R078_T35MRU_20240725T102837.SAFE",
          "s2:datastrip_id": "S2B_OPER_MSI_L2A_DS_2BPS_20240725T102837_S20240725T082515_N05.11",
          "s2:product_type": "S2MSI2A",
          "sat:orbit_state": "descending",
          "s2:datatake_type": "INS-NOBS",
          "s2:generation_time": "2024-07-25T10:28:37.000000Z",
          "sat:relative_orbit": 78,
          "s2:water_percentage": 1.696962,
          "s2:mean_solar_zenith": 31.3438487684295,
          "s2:mean_solar_azimuth": 46.9684383849149,
          "s2:processing_baseline": "05.11",
          "s2:snow_ice_percentage": 0.0,
          "s2:vegetation_percentage": 45.431176,
          "s2:thin_cirrus_percentage": 0.0,
          "s2:cloud_shadow_percentage": 0.653229,
          "s2:nodata_pixel_percentage": 0.0,
          "s2:unclassified_percentage": 1.683737,
          "s2:not_vegetated_percentage": 48.732209,
          "s2:degraded_msi_data_percentage": 0.0143,
          "s2:high_proba_clouds_percentage": 0.504517,
          "s2:reflectance_conversion_factor": 0.968694773444228,
          "s2:medium_proba_clouds_percentage": 0.511641,
          "s2:saturated_defective_pixel_percentage": 0.0,
          "proj:code": "EPSG:32735"
        }
      }
    },
    {
      "type": "Feature",
      "id": "S2A_MSIL2A_20240630T080611_R078_T35MRT_20240701T190907",
      "geometry": {
        "type": "Polygon",
        "coordinates": [
          [
            [
              29.6961769,
              -1.8072608
            ],
            [
              30.6818577,
              -1.8055187
            ],
            [
              30.684405,
              -2.796832
            ],
            [
              29.6980446,
              -2.7995317
            ],
            [
              29.6961769,
              -1.8072608
            ]
          ]
        ]
      },
      "properties": {
        "id": "S2A_MSIL2A_20240630T080611_R078_T35MRT_20240701T190907",
        "collection": "sentinel-2-l2a",
        "datetime": "2024-06-30T08:06:11.024000Z",
        "cloud_cover": 0.808166,
        "mgrs_tile": "35MRT",
        "assets": {
          "AOT": "https://sentinel2l2a01.blob.core.windows.net/sentinel2-l2/35/M/RT/2024/06/30/S2A_MSIL2A_20240630T080611_N0510_R078_T35MRT_20240701T190907.SAFE/GRANULE/L2A_T35MRT_A047122_20240630T083034/IMG_DATA/R10m/T35MRT_20240630T080611_AOT_10m.tif",
          "B01": "https://sentinel2l2a01.blob.core.windows.net/sentinel2-l2/35/M/RT/2024/06/30/S2A_MSIL2A_20240630T080611_N0510_R078_T35MRT_20240701T190907.SAFE/GRANULE/L2A_T35MRT_A047122_20240630T083034/IMG_DATA/R60m/T35MRT_20240630T080611_B01_60m.tif",
          "B02": "https://sentinel2l2a01.blob.core.windows.net/sentinel2-l2/35/M/RT/2024/06/30/S2A_MSIL2A_20240630T080611_N0510_R078_T35MRT_20240701T190907.SAFE/GRANULE/L2A_T35MRT_A047122_20240630T083034/IMG_DATA/R10m/T35MRT_20240630T080611_B02_10m.tif",
          "B03": "https://sentinel2l2a01.blob.core.windows.net/sentinel2-l2/35/M/RT/2024/06/30/S2A_MSIL2A_20240630T080611_N0510_R078_T35MRT_20240701T190907.SAFE/GRANULE/L2A_T35MRT_A047122_20240630T083034/IMG_DATA/R10m/T35MRT_20240630T080611_B03_10m.tif",
          "B04": "https://sentinel2l2a01.blob.core.windows.net/sentinel2-l2/35/M/RT/2024/06/30/S2A_MSIL2A_20240630T080611_N0510_R078_T35MRT_20240701T190907.SAFE/GRANULE/L2A_T35MRT_A047122_20240630T083034/IMG_DATA/R10m/T35MRT_20240630T080611_B04_10m.tif",
          "B05": "https://sentinel2l2a01.blob.core.windows.net/sentinel2-l2/35/M/RT/2024/06/30/S2A_MSIL2A_20240630T080611_N0510_R078_T35MRT_20240701T190907.SAFE/GRANULE/L2A_T35MRT_A047122_20240630T083034/IMG_DATA/R20m/T35MRT_20240630T080611_B05_20m.tif",
          "B06": "https://sentinel2l2a01.blob.core.windows.net/sentinel2-l2/35/M/RT/2024/06/30/S2A_MSIL2A_20240630T080611_N0510_R078_T35MRT_20240701T190907.SAFE/GRANULE/L2A_T35MRT_A047122_20240630T083034/IMG_DATA/R20m/T35MRT_20240630T080611_B06_20m.tif",
          "B07": "https://sentinel2l2a01.blob.core.windows.net/sentinel2-l2/35/M/RT/2024/06/30/S2A_MSIL2A_20240630T080611_N0510_R078_T35MRT_20240701T190907.SAFE/GRANULE/L2A_T35MRT_A047122_20240630T083034/IMG_DATA/R20m/T35MRT_20240630T080611_B07_20m.tif",
          "B08": "https://sentinel2l2a01.blob.core.windows.net/sentinel2-l2/35/M/RT/2024/06/30/S2A_MSIL2A_20240630T080611_N0510_R078_T35MRT_20240701T190907.SAFE/GRANULE/L2A_T35MRT_A047122_20240630T083034/IMG_DATA/R10m/T35MRT_20240630T080611_B08_10m.tif",
          "B09": "https://sentinel2l2a01.blob.core.windows.net/sentinel2-l2/35/M/RT/2024/06/30/S2A_MSIL2A_20240630T080611_N0510_R078_T35MRT_20240701T190907.SAFE/GRANULE/L2A_T35MRT_A047122_20240630T083034/IMG_DATA/R60m/T35MRT_20240630T080611_B09_60m.tif",
          "B11": "https://sentinel2l2a01.blob.core.windows.net/sentinel2-l2/35/M/RT/2024/06/30/S2A_MSIL2A_20240630T080611_N0510_R078_T35MRT_20240701T190907.SAFE/GRANULE/L2A_T35MRT_A047122_20240630T083034/IMG_DATA/R20m/T35MRT_20240630T080611_B11_20m.tif",
          "B12": "https://sentinel2l2a01.blob.core.windows.net/sentinel2-l2/35/M/RT/2024/06/30/S2A_MSIL2A_20240630T080611_N0510_R078_T35MRT_20240701T190907.SAFE/GRANULE/L2A_T35MRT_A047122_20240630T083034/IMG_DATA/R20m/T35MRT_20240630T080611_B12_20m.tif",
          "B8A": "https://sentinel2l2a01.blob.core.windows.net/sentinel2-l2/35/M/RT/2024/06/30/S2A_MSIL2A_20240630T080611_N0510_R078_T35MRT_20240701T190907.SAFE/GRANULE/L2A_T35MRT_A047122_20240630T083034/IMG_DATA/R20m/T35MRT_20240630T080611_B8A_20m.tif",
          "SCL": "https://sentinel2l2a01.blob.core.windows.net/sentinel2-l2/35/M/RT/2024/06/30/S2A_MSIL2A_20240630T080611_N0510_R078_T35MRT_20240701T190907.SAFE/GRANULE/L2A_T35MRT_A047122_20240630T083034/IMG_DATA/R20m/T35MRT_20240630T080611_SCL_20m.tif",
          "WVP": "https://sentinel2l2a01.blob.core.windows.net/sentinel2-l2/35/M/RT/2024/06/30/S2A_MSIL2A_20240630T080611_N0510_R078_T35MRT_20240701T190907.SAFE/GRANULE/L2A_T35MRT_A047122_20240630T083034/IMG_DATA/R10m/T35MRT_20240630T080611_WVP_10m.tif",
          "visual": "https://sentinel2l2a01.blob.core.windows.net/sentinel2-l2/35/M/RT/2024/06/30/S2A_MSIL2A_20240630T080611_N0510_R078_T35MRT_20240701T190907.SAFE/GRANULE/L2A_T35MRT_A047122_20240630T083034/IMG_DATA/R10m/T35MRT_20240630T080611_TCI_10m.tif",
          "preview": "https://sentinel2l2a01.blob.core.windows.net/sentinel2-l2/35/M/RT/2024/06/30/S2A_MSIL2A_20240630T080611_N0510_R078_T35MRT_20240701T190907.SAFE/GRANULE/L2A_T35MRT_A047122_20240630T083034/QI_DATA/T35MRT_20240630T080611_PVI.tif",
          "safe-manifest": "https://sentinel2l2a01.blob.core.windows.net/sentinel2-l2/35/M/RT/2024/06/30/S2A_MSIL2A_20240630T080611_N0510_R078_T35MRT_20240701T190907.SAFE/manifest.safe",
          "granule-metadata": "https://sentinel2l2a01.blob.core.windows.net/sentinel2-l2/35/M/RT/2024/06/30/S2A_MSIL2A_20240630T080611_N0510_R078_T35MRT_20240701T190907.SAFE/GRANULE/L2A_T35MRT_A047122_20240630T083034/MTD_TL.xml",
          "inspire-metadata": "https://sentinel2l2a01.blob.core.windows.net/sentinel2-l2/35/M/RT/2024/06/30/S2A_MSIL2A_20240630T080611_N0510_R078_T35MRT_20240701T190907.SAFE/INSPIRE.xml",
          "product-metadata": "https://sentinel2l2a01.blob.core.windows.net/sentinel2-l2/35/M/RT/2024/06/30/S2A_MSIL2A_20240630T080611_N0510_R078_T35MRT_20240701T190907.SAFE/MTD_MSIL2A.xml",
          "datastrip-metadata": "https://sentinel2l2a01.blob.core.windows.net/sentinel2-l2/35/M/RT/2024/06/30/S2A_MSIL2A_20240630T080611_N0510_R078_T35MRT_20240701T190907.SAFE/DATASTRIP/DS_MSFT_20240701T190908_S20240630T083034/MTD_DS.xml",
          "tilejson": "https://planetarycomputer.microsoft.com/api/data/v1/item/tilejson.json?collection=sentinel-2-l2a&item=S2A_MSIL2A_20240630T080611_R078_T35MRT_20240701T190907&assets=visual&asset_bidx=visual%7C1%2C2%2C3&nodata=0&format=png",
          "rendered_preview": "https://planetarycomputer.microsoft.com/api/data/v1/item/preview.png?collection=sentinel-2-l2a&item=S2A_MSIL2A_20240630T080611_R078_T35MRT_20240701T190907&assets=visual&asset_bidx=visual%7C1%2C2%2C3&nodata=0&format=png"
        },
        "stac_properties": {
          "datetime": "2024-06-30T08:06:11.024000Z",
          "platform": "Sentinel-2A",
          "instruments": [
            "msi"
          ],
          "s2:mgrs_tile": "35MRT",
          "constellation": "Sentinel 2",
          "s2:granule_id": "S2A_OPER_MSI_L2A_TL_MSFT_20240701T190908_A047122_T35MRT_N05.10",
          "eo:cloud_cover": 0.808166,
          "s2:datatake_id": "GS2A_20240630T080611_047122_N05.10",
          "s2:product_uri": "S2A_MSIL2A_20240630T080611_N0510_R078_T35MRT_20240701T190907.SAFE",
          "s2:datastrip_id": "S2A_OPER_MSI_L2A_DS_MSFT_20240701T190908_S20240630T083034_N05.10",
          "s2:product_type": "S2MSI2A",
          "sat:orbit_state": "descending",
          "s2:datatake_type": "INS-NOBS",
          "s2:generation_time": "2024-07-01T19:09:07.366226Z",
          "sat:relative_orbit": 78,
          "s2:water_percentage": 2.77582,
          "s2:mean_solar_zenith": 33.9175035999285,
          "s2:mean_solar_azimuth": 40.1463080820986,
          "s2:processing_baseline": "05.10",
          "s2:snow_ice_percentage": 0.0,
          "s2:vegetation_percentage": 69.013309,
          "s2:thin_cirrus_percentage": 3e-06,
          "s2:cloud_shadow_percentage": 0.589753,
          "s2:nodata_pixel_percentage": 0.0,
          "s2:unclassified_percentage": 0.649032,
          "s2:dark_features_percentage": 0.076403,
          "s2:not_vegetated_percentage": 26.087523,
          "s2:degraded_msi_data_percentage": 0.0215,
          "s2:high_proba_clouds_percentage": 0.381187,
          "s2:reflectance_conversion_factor": 0.967671544269696,
          "s2:medium_proba_clouds_percentage": 0.426976,
          "s2:saturated_defective_pixel_percentage": 0.0,
          "proj:code": "EPSG:32735"
        }
      }
    },
    {
      "type": "Feature",
      "id": "S2A_MSIL2A_20240630T080611_R078_T35MRU_20240701T190926",
      "geometry": {
        "type": "Polygon",
        "coordinates": [
          [
            [
              29.6956602,
              -1.3265475
            ],
            [
              29.8785653,
              -1.3680134
            ],
            [
              29.8786975,
              -1.3674132
            ],
            [
              29.8806701,
              -1.3678606
            ],
            [
              29.8812326,
              -1.36531
            ],
            [
              30.1007344,
              -1.4174019
            ],
            [
              30.1005319,
              -1.4183163
            ],
            [
              30.100572,
              -1.4183261
            ],
            [
              30.1005466,
              -1.418441
            ],
            [
              30.1005811,
              -1.4184494
            ],
            [
              30.1004962,
              -1.418833
            ],
            [
              30.1006359,
              -1.4188669
            ],
            [
              30.1002898,
              -1.4204318
            ],
            [
              30.1003591,
              -1.4204485
            ],
            [
              30.1003588,
              -1.4204497
            ],
            [
              30.1043662,
              -1.4214126
            ],
            [
              30.2986212,
              -1.4681488
            ],
            [
              30.2986341,
              -1.4680908
            ],
            [
              30.2987466,
              -1.4681178
            ],
            [
              30.2987857,
              -1.4679411
            ],
            [
              30.3005834,
              -1.4683739
            ],
            [
              30.3010328,
              -1.4663429
            ],
            [
              30.5236352,
              -1.5233993
            ],
            [
              30.5235115,
              -1.5239607
            ],
            [
              30.5236325,
              -1.5239923
            ],
            [
              30.5235845,
              -1.5242101
            ],
            [
              30.5236978,
              -1.5242396
            ],
            [
              30.5236184,
              -1.5246
            ],
            [
              30.5240223,
              -1.5247049
            ],
            [
              30.5239347,
              -1.5251025
            ],
            [
              30.5240361,
              -1.5251287
            ],
            [
              30.5240057,
              -1.5252664
            ],
            [
              30.5241367,
              -1.5253002
            ],
            [
              30.5240697,
              -1.5256048
            ],
            [
              30.5241754,
              -1.5256321
            ],
            [
              30.5239957,
              -1.5264486
            ],
            [
              30.6815299,
              -1.5668027
            ],
            [
              30.68204,
              -1.8938167
            ],
            [
              29.6963105,
              -1.895644
            ],
            [
              29.6956602,
              -1.3265475
            ]
          ]
        ]
      },
      "properties": {
        "id": "S2A_MSIL2A_20240630T080611_R078_T35MRU_20240701T190926",
        "collection": "sentinel-2-l2a",
        "datetime": "2024-06-30T08:06:11.024000Z",
        "cloud_cover": 6.564225,
        "mgrs_tile": "35MRU",
        "assets": {
          "AOT": "https://sentinel2l2a01.blob.core.windows.net/sentinel2-l2/35/M/RU/2024/06/30/S2A_MSIL2A_20240630T080611_N0510_R078_T35MRU_20240701T190926.SAFE/GRANULE/L2A_T35MRU_A047122_20240630T083034/IMG_DATA/R10m/T35MRU_20240630T080611_AOT_10m.tif",
          "B01": "https://sentinel2l2a01.blob.core.windows.net/sentinel2-l2/35/M/RU/2024/06/30/S2A_MSIL2A_20240630T080611_N0510_R078_T35MRU_20240701T190926.SAFE/GRANULE/L2A_T35MRU_A047122_20240630T083034/IMG_DATA/R60m/T35MRU_20240630T080611_B01_60m.tif",
          "B02": "https://sentinel2l2a01.blob.core.windows.net/sentinel2-l2/35/M/RU/2024/06/30/S2A_MSIL2A_20240630T080611_N0510_R078_T35MRU_20240701T190926.SAFE/GRANULE/L2A_T35MRU_A047122_20240630T083034/IMG_DATA/R10m/T35MRU_20240630T080611_B02_10m.tif",
          "B03": "https://sentinel2l2a01.blob.core.windows.net/sentinel2-l2/35/M/RU/2024/06/30/S2A_MSIL2A_20240630T080611_N0510_R078_T35MRU_20240701T190926.SAFE/GRANULE/L2A_T35MRU_A047122_20240630T083034/IMG_DATA/R10m/T35MRU_20240630T080611_B03_10m.tif",
          "B04": "https://sentinel2l2a01.blob.core.windows.net/sentinel2-l2/35/M/RU/2024/06/30/S2A_MSIL2A_20240630T080611_N0510_R078_T35MRU_20240701T190926.SAFE/GRANULE/L2A_T35MRU_A047122_20240630T083034/IMG_DATA/R10m/T35MRU_20240630T080611_B04_10m.tif",
          "B05": "https://sentinel2l2a01.blob.core.windows.net/sentinel2-l2/35/M/RU/2024/06/30/S2A_MSIL2A_20240630T080611_N0510_R078_T35MRU_20240701T190926.SAFE/GRANULE/L2A_T35MRU_A047122_20240630T083034/IMG_DATA/R20m/T35MRU_20240630T080611_B05_20m.tif",
          "B06": "https://sentinel2l2a01.blob.core.windows.net/sentinel2-l2/35/M/RU/2024/06/30/S2A_MSIL2A_20240630T080611_N0510_R078_T35MRU_20240701T190926.SAFE/GRANULE/L2A_T35MRU_A047122_20240630T083034/IMG_DATA/R20m/T35MRU_20240630T080611_B06_20m.tif",
          "B07": "https://sentinel2l2a01.blob.core.windows.net/sentinel2-l2/35/M/RU/2024/06/30/S2A_MSIL2A_20240630T080611_N0510_R078_T35MRU_20240701T190926.SAFE/GRANULE/L2A_T35MRU_A047122_20240630T083034/IMG_DATA/R20m/T35MRU_20240630T080611_B07_20m.tif",
          "B08": "https://sentinel2l2a01.blob.core.windows.net/sentinel2-l2/35/M/RU/2024/06/30/S2A_MSIL2A_20240630T080611_N0510_R078_T35MRU_20240701T190926.SAFE/GRANULE/L2A_T35MRU_A047122_20240630T083034/IMG_DATA/R10m/T35MRU_20240630T080611_B08_10m.tif",
          "B09": "https://sentinel2l2a01.blob.core.windows.net/sentinel2-l2/35/M/RU/2024/06/30/S2A_MSIL2A_20240630T080611_N0510_R078_T35MRU_20240701T190926.SAFE/GRANULE/L2A_T35MRU_A047122_20240630T083034/IMG_DATA/R60m/T35MRU_20240630T080611_B09_60m.tif",
          "B11": "https://sentinel2l2a01.blob.core.windows.net/sentinel2-l2/35/M/RU/2024/06/30/S2A_MSIL2A_20240630T080611_N0510_R078_T35MRU_20240701T190926.SAFE/GRANULE/L2A_T35MRU_A047122_20240630T083034/IMG_DATA/R20m/T35MRU_20240630T080611_B11_20m.tif",
          "B12": "https://sentinel2l2a01.blob.core.windows.net/sentinel2-l2/35/M/RU/2024/06/30/S2A_MSIL2A_20240630T080611_N0510_R078_T35MRU_20240701T190926.SAFE/GRANULE/L2A_T35MRU_A047122_20240630T083034/IMG_DATA/R20m/T35MRU_20240630T080611_B12_20m.tif",
          "B8A": "https://sentinel2l2a01.blob.core.windows.net/sentinel2-l2/35/M/RU/2024/06/30/S2A_MSIL2A_20240630T080611_N0510_R078_T35MRU_20240701T190926.SAFE/GRANULE/L2A_T35MRU_A047122_20240630T083034/IMG_DATA/R20m/T35MRU_20240630T080611_B8A_20m.tif",
          "SCL": "https://sentinel2l2a01.blob.core.windows.net/sentinel2-l2/35/M/RU/2024/06/30/S2A_MSIL2A_20240630T080611_N0510_R078_T35MRU_20240701T190926.SAFE/GRANULE/L2A_T35MRU_A047122_20240630T083034/IMG_DATA/R20m/T35MRU_20240630T080611_SCL_20m.tif",
          "WVP": "https://sentinel2l2a01.blob.core.windows.net/sentinel2-l2/35/M/RU/2024/06/30/S2A_MSIL2A_20240630T080611_N0510_R078_T35MRU_20240701T190926.SAFE/GRANULE/L2A_T35MRU_A047122_20240630T083034/IMG_DATA/R10m/T35MRU_20240630T080611_WVP_10m.tif",
          "visual": "https://sentinel2l2a01.blob.core.windows.net/sentinel2-l2/35/M/RU/2024/06/30/S2A_MSIL2A_20240630T080611_N0510_R078_T35MRU_20240701T190926.SAFE/GRANULE/L2A_T35MRU_A047122_20240630T083034/IMG_DATA/R10m/T35MRU_20240630T080611_TCI_10m.tif",
          "preview": "https://sentinel2l2a01.blob.core.windows.net/sentinel2-l2/35/M/RU/2024/06/30/S2A_MSIL2A_20240630T080611_N0510_R078_T35MRU_20240701T190926.SAFE/GRANULE/L2A_T35MRU_A047122_20240630T083034/QI_DATA/T35MRU_20240630T080611_PVI.tif",
          "safe-manifest": "https://sentinel2l2a01.blob.core.windows.net/sentinel2-l2/35/M/RU/2024/06/30/S2A_MSIL2A_20240630T080611_N0510_R078_T35MRU_20240701T190926.SAFE/manifest.safe",
          "granule-metadata": "https://sentinel2l2a01.blob.core.windows.net/sentinel2-l2/35/M/RU/2024/06/30/S2A_MSIL2A_20240630T080611_N0510_R078_T35MRU_20240701T190926.SAFE/GRANULE/L2A_T35MRU_A047122_20240630T083034/MTD_TL.xml",
          "inspire-metadata": "https://sentinel2l2a01.blob.core.windows.net/sentinel2-l2/35/M/RU/2024/06/30/S2A_MSIL2A_20240630T080611_N0510_R078_T35MRU_20240701T190926.SAFE/INSPIRE.xml",
          "product-metadata": "https://sentinel2l2a01.blob.core.windows.net/sentinel2-l2/35/M/RU/2024/06/30/S2A_MSIL2A_20240630T080611_N0510_R078_T35MRU_20240701T190926.SAFE/MTD_MSIL2A.xml",
          "datastrip-metadata": "https://sentinel2l2a01.blob.core.windows.net/sentinel2-l2/35/M/RU/2024/06/30/S2A_MSIL2A_20240630T080611_N0510_R078_T35MRU_20240701T190926.SAFE/DATASTRIP/DS_MSFT_20240701T190927_S20240630T083034/MTD_DS.xml",
          "tilejson": "https://planetarycomputer.microsoft.com/api/data/v1/item/tilejson.json?collection=sentinel-2-l2a&item=S2A_MSIL2A_20240630T080611_R078_T35MRU_20240701T190926&assets=visual&asset_bidx=visual%7C1%2C2%2C3&nodata=0&format=png",
          "rendered_preview": "https://planetarycomputer.microsoft.com/api/data/v1/item/preview.png?collection=sentinel-2-l2a&item=S2A_MSIL2A_20240630T080611_R078_T35MRU_20240701T190926&assets=visual&asset_bidx=visual%7C1%2C2%2C3&nodata=0&format=png"
        },
        "stac_properties": {
          "datetime": "2024-06-30T08:06:11.024000Z",
          "platform": "Sentinel-2A",
          "instruments": [
            "msi"
          ],
          "s2:mgrs_tile": "35MRU",
          "constellation": "Sentinel 2",
          "s2:granule_id": "S2A_OPER_MSI_L2A_TL_MSFT_20240701T190927_A047122_T35MRU_N05.10",
          "eo:cloud_cover": 6.564225,
          "s2:datatake_id": "GS2A_20240630T080611_047122_N05.10",
          "s2:product_uri": "S2A_MSIL2A_20240630T080611_N0510_R078_T35MRU_20240701T190926.SAFE",
          "s2:datastrip_id": "S2A_OPER_MSI_L2A_DS_MSFT_20240701T190927_S20240630T083034_N05.10",
          "s2:product_type": "S2MSI2A",
          "sat:orbit_state": "descending",
          "s2:datatake_type": "INS-NOBS",
          "s2:generation_time": "2024-07-01T19:09:26.298489Z",
          "sat:relative_orbit": 78,
          "s2:water_percentage": 1.768708,
          "s2:mean_solar_zenith": 33.2725581950504,
          "s2:mean_solar_azimuth": 41.1056218725691,
          "s2:processing_baseline": "05.10",
          "s2:snow_ice_percentage": 0.0,
          "s2:vegetation_percentage": 60.512239,
          "s2:thin_cirrus_percentage": 7e-06,
          "s2:cloud_shadow_percentage": 4.204609,
          "s2:nodata_pixel_percentage": 54.31506,
          "s2:unclassified_percentage": 0.866888,
          "s2:dark_features_percentage": 0.608759,
          "s2:not_vegetated_percentage": 25.474575,
          "s2:degraded_msi_data_percentage": 0.0183,
          "s2:high_proba_clouds_percentage": 3.025676,
          "s2:reflectance_conversion_factor": 0.967671544269696,
          "s2:medium_proba_clouds_percentage": 3.538541,
          "s2:saturated_defective_pixel_percentage": 0.0,
          "proj:code": "EPSG:32735"
        }
      }
    },
    {
      "type": "Feature",
      "id": "S2B_MSIL2A_20240625T080609_R078_T35MRT_20240625T124134",
      "geometry": {
        "type": "Polygon",
        "coordinates": [
          [
            [
              29.6961769,
              -1.8072608
            ],
            [
              30.6818577,
              -1.8055187
            ],
            [
              30.684405,
              -2.796832
            ],
            [
              29.6980446,
              -2.7995317
            ],
            [
              29.6961769,
              -1.8072608
            ]
          ]
        ]
      },
      "properties": {
        "id": "S2B_MSIL2A_20240625T080609_R078_T35MRT_20240625T124134",
        "collection": "sentinel-2-l2a",
        "datetime": "2024-06-25T08:06:09.024000Z",
        "cloud_cover": 5.301883,
        "mgrs_tile": "35MRT",
        "assets": {
          "AOT": "https://sentinel2l2a01.blob.core.windows.net/sentinel2-l2/35/M/RT/2024/06/25/S2B_MSIL2A_20240625T080609_N0510_R078_T35MRT_20240625T124134.SAFE/GRANULE/L2A_T35MRT_A038142_20240625T082515/IMG_DATA/R10m/T35MRT_20240625T080609_AOT_10m.tif",
          "B01": "https://sentinel2l2a01.blob.core.windows.net/sentinel2-l2/35/M/RT/2024/06/25/S2B_MSIL2A_20240625T080609_N0510_R078_T35MRT_20240625T124134.SAFE/GRANULE/L2A_T35MRT_A038142_20240625T082515/IMG_DATA/R60m/T35MRT_20240625T080609_B01_60m.tif",
          "B02": "https://sentinel2l2a01.blob.core.windows.net/sentinel2-l2/35/M/RT/2024/06/25/S2B_MSIL2A_20240625T080609_N0510_R078_T35MRT_20240625T124134.SAFE/GRANULE/L2A_T35MRT_A038142_20240625T082515/IMG_DATA/R10m/T35MRT_20240625T080609_B02_10m.tif",
          "B03": "https://sentinel2l2a01.blob.core.windows.net/sentinel2-l2/35/M/RT/2024/06/25/S2B_MSIL2A_20240625T080609_N0510_R078_T35MRT_20240625T124134.SAFE/GRANULE/L2A_T35MRT_A038142_20240625T082515/IMG_DATA/R10m/T35MRT_20240625T080609_B03_10m.tif",
          "B04": "https://sentinel2l2a01.blob.core.windows.net/sentinel2-l2/35/M/RT/2024/06/25/S2B_MSIL2A_20240625T080609_N0510_R078_T35MRT_20240625T124134.SAFE/GRANULE/L2A_T35MRT_A038142_20240625T082515/IMG_DATA/R10m/T35MRT_20240625T080609_B04_10m.tif",
          "B05": "https://sentinel2l2a01.blob.core.windows.net/sentinel2-l2/35/M/RT/2024/06/25/S2B_MSIL2A_20240625T080609_N0510_R078_T35MRT_20240625T124134.SAFE/GRANULE/L2A_T35MRT_A038142_20240625T082515/IMG_DATA/R20m/T35MRT_20240625T080609_B05_20m.tif",
          "B06": "https://sentinel2l2a01.blob.core.windows.net/sentinel2-l2/35/M/RT/2024/06/25/S2B_MSIL2A_20240625T080609_N0510_R078_T35MRT_20240625T124134.SAFE/GRANULE/L2A_T35MRT_A038142_20240625T082515/IMG_DATA/R20m/T35MRT_20240625T080609_B06_20m.tif",
          "B07": "https://sentinel2l2a01.blob.core.windows.net/sentinel2-l2/35/M/RT/2024/06/25/S2B_MSIL2A_20240625T080609_N0510_R078_T35MRT_20240625T124134.SAFE/GRANULE/L2A_T35MRT_A038142_20240625T082515/IMG_DATA/R20m/T35MRT_20240625T080609_B07_20m.tif",
          "B08": "https://sentinel2l2a01.blob.core.windows.net/sentinel2-l2/35/M/RT/2024/06/25/S2B_MSIL2A_20240625T080609_N0510_R078_T35MRT_20240625T124134.SAFE/GRANULE/L2A_T35MRT_A038142_20240625T082515/IMG_DATA/R10m/T35MRT_20240625T080609_B08_10m.tif",
          "B09": "https://sentinel2l2a01.blob.core.windows.net/sentinel2-l2/35/M/RT/2024/06/25/S2B_MSIL2A_20240625T080609_N0510_R078_T35MRT_20240625T124134.SAFE/GRANULE/L2A_T35MRT_A038142_20240625T082515/IMG_DATA/R60m/T35MRT_20240625T080609_B09_60m.tif",
          "B11": "https://sentinel2l2a01.blob.core.windows.net/sentinel2-l2/35/M/RT/2024/06/25/S2B_MSIL2A_20240625T080609_N0510_R078_T35MRT_20240625T124134.SAFE/GRANULE/L2A_T35MRT_A038142_20240625T082515/IMG_DATA/R20m/T35MRT_20240625T080609_B11_20m.tif",
          "B12": "https://sentinel2l2a01.blob.core.windows.net/sentinel2-l2/35/M/RT/2024/06/25/S2B_MSIL2A_20240625T080609_N0510_R078_T35MRT_20240625T124134.SAFE/GRANULE/L2A_T35MRT_A038142_20240625T082515/IMG_DATA/R20m/T35MRT_20240625T080609_B12_20m.tif",
          "B8A": "https://sentinel2l2a01.blob.core.windows.net/sentinel2-l2/35/M/RT/2024/06/25/S2B_MSIL2A_20240625T080609_N0510_R078_T35MRT_20240625T124134.SAFE/GRANULE/L2A_T35MRT_A038142_20240625T082515/IMG_DATA/R20m/T35MRT_20240625T080609_B8A_20m.tif",
          "SCL": "https://sentinel2l2a01.blob.core.windows.net/sentinel2-l2/35/M/RT/2024/06/25/S2B_MSIL2A_20240625T080609_N0510_R078_T35MRT_20240625T124134.SAFE/GRANULE/L2A_T35MRT_A038142_20240625T082515/IMG_DATA/R20m/T35MRT_20240625T080609_SCL_20m.tif",
          "WVP": "https://sentinel2l2a01.blob.core.windows.net/sentinel2-l2/35/M/RT/2024/06/25/S2B_MSIL2A_20240625T080609_N0510_R078_T35MRT_20240625T124134.SAFE/GRANULE/L2A_T35MRT_A038142_20240625T082515/IMG_DATA/R10m/T35MRT_20240625T080609_WVP_10m.tif",
          "visual": "https://sentinel2l2a01.blob.core.windows.net/sentinel2-l2/35/M/RT/2024/06/25/S2B_MSIL2A_20240625T080609_N0510_R078_T35MRT_20240625T124134.SAFE/GRANULE/L2A_T35MRT_A038142_20240625T082515/IMG_DATA/R10m/T35MRT_20240625T080609_TCI_10m.tif",
          "preview": "https://sentinel2l2a01.blob.core.windows.net/sentinel2-l2/35/M/RT/2024/06/25/S2B_MSIL2A_20240625T080609_N0510_R078_T35MRT_20240625T124134.SAFE/GRANULE/L2A_T35MRT_A038142_20240625T082515/QI_DATA/T35MRT_20240625T080609_PVI.tif",
          "safe-manifest": "https://sentinel2l2a01.blob.core.windows.net/sentinel2-l2/35/M/RT/2024/06/25/S2B_MSIL2A_20240625T080609_N0510_R078_T35MRT_20240625T124134.SAFE/manifest.safe",
          "granule-metadata": "https://sentinel2l2a01.blob.core.windows.net/sentinel2-l2/35/M/RT/2024/06/25/S2B_MSIL2A_20240625T080609_N0510_R078_T35MRT_20240625T124134.SAFE/GRANULE/L2A_T35MRT_A038142_20240625T082515/MTD_TL.xml",
          "inspire-metadata": "https://sentinel2l2a01.blob.core.windows.net/sentinel2-l2/35/M/RT/2024/06/25/S2B_MSIL2A_20240625T080609_N0510_R078_T35MRT_20240625T124134.SAFE/INSPIRE.xml",
          "product-metadata": "https://sentinel2l2a01.blob.core.windows.net/sentinel2-l2/35/M/RT/2024/06/25/S2B_MSIL2A_20240625T080609_N0510_R078_T35MRT_20240625T124134.SAFE/MTD_MSIL2A.xml",
          "datastrip-metadata": "https://sentinel2l2a01.blob.core.windows.net/sentinel2-l2/35/M/RT/2024/06/25/S2B_MSIL2A_20240625T080609_N0510_R078_T35MRT_20240625T124134.SAFE/DATASTRIP/DS_MSFT_20240625T124134_S20240625T082515/MTD_DS.xml",
          "tilejson": "https://planetarycomputer.microsoft.com/api/data/v1/item/tilejson.json?collection=sentinel-2-l2a&item=S2B_MSIL2A_20240625T080609_R078_T35MRT_20240625T124134&assets=visual&asset_bidx=visual%7C1%2C2%2C3&nodata=0&format=png",
          "rendered_preview": "https://planetarycomputer.microsoft.com/api/data/v1/item/preview.png?collection=sentinel-2-l2a&item=S2B_MSIL2A_20240625T080609_R078_T35MRT_20240625T124134&assets=visual&asset_bidx=visual%7C1%2C2%2C3&nodata=0&format=png"
        },
        "stac_properties": {
          "datetime": "2024-06-25T08:06:09.024000Z",
          "platform": "Sentinel-2B",
          "instruments": [
            "msi"
          ],
          "s2:mgrs_tile": "35MRT",
          "constellation": "Sentinel 2",
          "s2:granule_id": "S2B_OPER_MSI_L2A_TL_MSFT_20240625T124134_A038142_T35MRT_N05.10",
          "eo:cloud_cover": 5.301883,
          "s2:datatake_id": "GS2B_20240625T080609_038142_N05.10",
          "s2:product_uri": "S2B_MSIL2A_20240625T080609_N0510_R078_T35MRT_20240625T124134.SAFE",
          "s2:datastrip_id": "S2B_OPER_MSI_L2A_DS_MSFT_20240625T124134_S20240625T082515_N05.10",
          "s2:product_type": "S2MSI2A",
          "sat:orbit_state": "descending",
          "s2:datatake_type": "INS-NOBS",
          "s2:generation_time": "2024-06-25T12:41:34.217411Z",
          "sat:relative_orbit": 78,
          "s2:water_percentage": 2.813262,
          "s2:mean_solar_zenith": 33.9259177888181,
          "s2:mean_solar_azimuth": 39.5461306540459,
          "s2:processing_baseline": "05.10",
          "s2:snow_ice_percentage": 0.0,
          "s2:vegetation_percentage": 69.254184,
          "s2:thin_cirrus_percentage": 0.000839,
          "s2:cloud_shadow_percentage": 3.716876,
          "s2:nodata_pixel_percentage": 0.0,
          "s2:unclassified_percentage": 0.586083,
          "s2:dark_features_percentage": 0.073172,
          "s2:not_vegetated_percentage": 18.254538,
          "s2:degraded_msi_data_percentage": 0.0195,
          "s2:high_proba_clouds_percentage": 2.545751,
          "s2:reflectance_conversion_factor": 0.96816924467099,
          "s2:medium_proba_clouds_percentage": 2.755293,
          "s2:saturated_defective_pixel_percentage": 0.0,
          "proj:code": "EPSG:32735"
        }
      }
    },
    {
      "type": "Feature",
      "id": "S2B_MSIL2A_20240625T080609_R078_T35MRU_20240625T124121",
      "geometry": {
        "type": "Polygon",
        "coordinates": [
          [
            [
              29.6951767,
              -0.9033618
            ],
            [
              30.6804936,
              -0.9024912
            ],
            [
              30.68204,
              -1.8938167
            ],
            [
              29.6963105,
              -1.895644
            ],
            [
              29.6951767,
              -0.9033618
            ]
          ]
        ]
      },
      "properties": {
        "id": "S2B_MSIL2A_20240625T080609_R078_T35MRU_20240625T124121",
        "collection": "sentinel-2-l2a",
        "datetime": "2024-06-25T08:06:09.024000Z",
        "cloud_cover": 4.015581,
        "mgrs_tile": "35MRU",
        "assets": {
          "AOT": "https://sentinel2l2a01.blob.core.windows.net/sentinel2-l2/35/M/RU/2024/06/25/S2B_MSIL2A_20240625T080609_N0510_R078_T35MRU_20240625T124121.SAFE/GRANULE/L2A_T35MRU_A038142_20240625T082515/IMG_DATA/R10m/T35MRU_20240625T080609_AOT_10m.tif",
          "B01": "https://sentinel2l2a01.blob.core.windows.net/sentinel2-l2/35/M/RU/2024/06/25/S2B_MSIL2A_20240625T080609_N0510_R078_T35MRU_20240625T124121.SAFE/GRANULE/L2A_T35MRU_A038142_20240625T082515/IMG_DATA/R60m/T35MRU_20240625T080609_B01_60m.tif",
          "B02": "https://sentinel2l2a01.blob.core.windows.net/sentinel2-l2/35/M/RU/2024/06/25/S2B_MSIL2A_20240625T080609_N0510_R078_T35MRU_20240625T124121.SAFE/GRANULE/L2A_T35MRU_A038142_20240625T082515/IMG_DATA/R10m/T35MRU_20240625T080609_B02_10m.tif",
          "B03": "https://sentinel2l2a01.blob.core.windows.net/sentinel2-l2/35/M/RU/2024/06/25/S2B_MSIL2A_20240625T080609_N0510_R078_T35MRU_20240625T124121.SAFE/GRANULE/L2A_T35MRU_A038142_20240625T082515/IMG_DATA/R10m/T35MRU_20240625T080609_B03_10m.tif",
          "B04": "https://sentinel2l2a01.blob.core.windows.net/sentinel2-l2/35/M/RU/2024/06/25/S2B_MSIL2A_20240625T080609_N0510_R078_T35MRU_20240625T124121.SAFE/GRANULE/L2A_T35MRU_A038142_20240625T082515/IMG_DATA/R10m/T35MRU_20240625T080609_B04_10m.tif",
          "B05": "https://sentinel2l2a01.blob.core.windows.net/sentinel2-l2/35/M/RU/2024/06/25/S2B_MSIL2A_20240625T080609_N0510_R078_T35MRU_20240625T124121.SAFE/GRANULE/L2A_T35MRU_A038142_20240625T082515/IMG_DATA/R20m/T35MRU_20240625T080609_B05_20m.tif",
          "B06": "https://sentinel2l2a01.blob.core.windows.net/sentinel2-l2/35/M/RU/2024/06/25/S2B_MSIL2A_20240625T080609_N0510_R078_T35MRU_20240625T124121.SAFE/GRANULE/L2A_T35MRU_A038142_20240625T082515/IMG_DATA/R20m/T35MRU_20240625T080609_B06_20m.tif",
          "B07": "https://sentinel2l2a01.blob.core.windows.net/sentinel2-l2/35/M/RU/2024/06/25/S2B_MSIL2A_20240625T080609_N0510_R078_T35MRU_20240625T124121.SAFE/GRANULE/L2A_T35MRU_A038142_20240625T082515/IMG_DATA/R20m/T35MRU_20240625T080609_B07_20m.tif",
          "B08": "https://sentinel2l2a01.blob.core.windows.net/sentinel2-l2/35/M/RU/2024/06/25/S2B_MSIL2A_20240625T080609_N0510_R078_T35MRU_20240625T124121.SAFE/GRANULE/L2A_T35MRU_A038142_20240625T082515/IMG_DATA/R10m/T35MRU_20240625T080609_B08_10m.tif",
          "B09": "https://sentinel2l2a01.blob.core.windows.net/sentinel2-l2/35/M/RU/2024/06/25/S2B_MSIL2A_20240625T080609_N0510_R078_T35MRU_20240625T124121.SAFE/GRANULE/L2A_T35MRU_A038142_20240625T082515/IMG_DATA/R60m/T35MRU_20240625T080609_B09_60m.tif",
          "B11": "https://sentinel2l2a01.blob.core.windows.net/sentinel2-l2/35/M/RU/2024/06/25/S2B_MSIL2A_20240625T080609_N0510_R078_T35MRU_20240625T124121.SAFE/GRANULE/L2A_T35MRU_A038142_20240625T082515/IMG_DATA/R20m/T35MRU_20240625T080609_B11_20m.tif",
          "B12": "https://sentinel2l2a01.blob.core.windows.net/sentinel2-l2/35/M/RU/2024/06/25/S2B_MSIL2A_20240625T080609_N0510_R078_T35MRU_20240625T124121.SAFE/GRANULE/L2A_T35MRU_A038142_20240625T082515/IMG_DATA/R20m/T35MRU_20240625T080609_B12_20m.tif",
          "B8A": "https://sentinel2l2a01.blob.core.windows.net/sentinel2-l2/35/M/RU/2024/06/25/S2B_MSIL2A_20240625T080609_N0510_R078_T35MRU_20240625T124121.SAFE/GRANULE/L2A_T35MRU_A038142_20240625T082515/IMG_DATA/R20m/T35MRU_20240625T080609_B8A_20m.tif",
          "SCL": "https://sentinel2l2a01.blob.core.windows.net/sentinel2-l2/35/M/RU/2024/06/25/S2B_MSIL2A_20240625T080609_N0510_R078_T35MRU_20240625T124121.SAFE/GRANULE/L2A_T35MRU_A038142_20240625T082515/IMG_DATA/R20m/T35MRU_20240625T080609_SCL_20m.tif",
          "WVP": "https://sentinel2l2a01.blob.core.windows.net/sentinel2-l2/35/M/RU/2024/06/25/S2B_MSIL2A_20240625T080609_N0510_R078_T35MRU_20240625T124121.SAFE/GRANULE/L2A_T35MRU_A038142_20240625T082515/IMG_DATA/R10m/T35MRU_20240625T080609_WVP_10m.tif",
          "visual": "https://sentinel2l2a01.blob.core.windows.net/sentinel2-l2/35/M/RU/2024/06/25/S2B_MSIL2A_20240625T080609_N0510_R078_T35MRU_20240625T124121.SAFE/GRANULE/L2A_T35MRU_A038142_20240625T082515/IMG_DATA/R10m/T35MRU_20240625T080609_TCI_10m.tif",
          "preview": "https://sentinel2l2a01.blob.core.windows.net/sentinel2-l2/35/M/RU/2024/06/25/S2B_MSIL2A_20240625T080609_N0510_R078_T35MRU_20240625T124121.SAFE/GRANULE/L2A_T35MRU_A038142_20240625T082515/QI_DATA/T35MRU_20240625T080609_PVI.tif",
          "safe-manifest": "https://sentinel2l2a01.blob.core.windows.net/sentinel2-l2/35/M/RU/2024/06/25/S2B_MSIL2A_20240625T080609_N0510_R078_T35MRU_20240625T124121.SAFE/manifest.safe",
          "granule-metadata": "https://sentinel2l2a01.blob.core.windows.net/sentinel2-l2/35/M/RU/2024/06/25/S2B_MSIL2A_20240625T080609_N0510_R078_T35MRU_20240625T124121.SAFE/GRANULE/L2A_T35MRU_A038142_20240625T082515/MTD_TL.xml",
          "inspire-metadata": "https://sentinel2l2a01.blob.core.windows.net/sentinel2-l2/35/M/RU/2024/06/25/S2B_MSIL2A_20240625T080609_N0510_R078_T35MRU_20240625T124121.SAFE/INSPIRE.xml",
          "product-metadata": "https://sentinel2l2a01.blob.core.windows.net/sentinel2-l2/35/M/RU/2024/06/25/S2B_MSIL2A_20240625T080609_N0510_R078_T35MRU_20240625T124121.SAFE/MTD_MSIL2A.xml",
          "datastrip-metadata": "https://sentinel2l2a01.blob.core.windows.net/sentinel2-l2/35/M/RU/2024/06/25/S2B_MSIL2A_20240625T080609_N0510_R078_T35MRU_20240625T124121.SAFE/DATASTRIP/DS_MSFT_20240625T124122_S20240625T082515/MTD_DS.xml",
          "tilejson": "https://planetarycomputer.microsoft.com/api/data/v1/item/tilejson.json?collection=sentinel-2-l2a&item=S2B_MSIL2A_20240625T080609_R078_T35MRU_20240625T124121&assets=visual&asset_bidx=visual%7C1%2C2%2C3&nodata=0&format=png",
          "rendered_preview": "https://planetarycomputer.microsoft.com/api/data/v1/item/preview.png?collection=sentinel-2-l2a&item=S2B_MSIL2A_20240625T080609_R078_T35MRU_20240625T124121&assets=visual&asset_bidx=visual%7C1%2C2%2C3&nodata=0&format=png"
        },
        "stac_properties": {
          "datetime": "2024-06-25T08:06:09.024000Z",
          "platform": "Sentinel-2B",
          "instruments": [
            "msi"
          ],
          "s2:mgrs_tile": "35MRU",
          "constellation": "Sentinel 2",
          "s2:granule_id": "S2B_OPER_MSI_L2A_TL_MSFT_20240625T124122_A038142_T35MRU_N05.10",
          "eo:cloud_cover": 4.015581,
          "s2:datatake_id": "GS2B_20240625T080609_038142_N05.10",
          "s2:product_uri": "S2B_MSIL2A_20240625T080609_N0510_R078_T35MRU_20240625T124121.SAFE",
          "s2:datastrip_id": "S2B_OPER_MSI_L2A_DS_MSFT_20240625T124122_S20240625T082515_N05.10",
          "s2:product_type": "S2MSI2A",
          "sat:orbit_state": "descending",
          "s2:datatake_type": "INS-NOBS",
          "s2:generation_time": "2024-06-25T12:41:21.940903Z",
          "sat:relative_orbit": 78,
          "s2:water_percentage": 1.668933,
          "s2:mean_solar_zenith": 33.2742923592236,
          "s2:mean_solar_azimuth": 40.4949681044385,
          "s2:processing_baseline": "05.10",
          "s2:snow_ice_percentage": 0.0,
          "s2:vegetation_percentage": 65.38505,
          "s2:thin_cirrus_percentage": 0.000703,
          "s2:cloud_shadow_percentage": 2.841411,
          "s2:nodata_pixel_percentage": 0.0,
          "s2:unclassified_percentage": 1.586869,
          "s2:dark_features_percentage": 0.684467,
          "s2:not_vegetated_percentage": 23.817688,
          "s2:degraded_msi_data_percentage": 0.0146,
          "s2:high_proba_clouds_percentage": 1.735857,
          "s2:reflectance_conversion_factor": 0.96816924467099,
          "s2:medium_proba_clouds_percentage": 2.27902,
          "s2:saturated_defective_pixel_percentage": 0.0,
          "proj:code": "EPSG:32735"
        }
      }
    },
    {
      "type": "Feature",
      "id": "S2B_MSIL2A_20250730T080609_R078_T35MRT_20250730T103041",
      "geometry": {
        "type": "Polygon",
        "coordinates": [
          [
            [
              29.6961769,
              -1.8072608
            ],
            [
              30.6818577,
              -1.8055187
            ],
            [
              30.684405,
              -2.796832
            ],
            [
              29.6980446,
              -2.7995317
            ],
            [
              29.6961769,
              -1.8072608
            ]
          ]
        ]
      },
      "properties": {
        "id": "S2B_MSIL2A_20250730T080609_R078_T35MRT_20250730T103041",
        "collection": "sentinel-2-l2a",
        "datetime": "2025-07-30T08:06:09.024000Z",
        "cloud_cover": 0.0,
        "mgrs_tile": "35MRT",
        "assets": {
          "AOT": "https://sentinel2l2a01.blob.core.windows.net/sentinel2-l2/35/M/RT/2025/07/30/S2B_MSIL2A_20250730T080609_N0511_R078_T35MRT_20250730T103041.SAFE/GRANULE/L2A_T35MRT_A043862_20250730T082708/IMG_DATA/R10m/T35MRT_20250730T080609_AOT_10m.tif",
          "B01": "https://sentinel2l2a01.blob.core.windows.net/sentinel2-l2/35/M/RT/2025/07/30/S2B_MSIL2A_20250730T080609_N0511_R078_T35MRT_20250730T103041.SAFE/GRANULE/L2A_T35MRT_A043862_20250730T082708/IMG_DATA/R60m/T35MRT_20250730T080609_B01_60m.tif",
          "B02": "https://sentinel2l2a01.blob.core.windows.net/sentinel2-l2/35/M/RT/2025/07/30/S2B_MSIL2A_20250730T080609_N0511_R078_T35MRT_20250730T103041.SAFE/GRANULE/L2A_T35MRT_A043862_20250730T082708/IMG_DATA/R10m/T35MRT_20250730T080609_B02_10m.tif",
          "B03": "https://sentinel2l2a01.blob.core.windows.net/sentinel2-l2/35/M/RT/2025/07/30/S2B_MSIL2A_20250730T080609_N0511_R078_T35MRT_20250730T103041.SAFE/GRANULE/L2A_T35MRT_A043862_20250730T082708/IMG_DATA/R10m/T35MRT_20250730T080609_B03_10m.tif",
          "B04": "https://sentinel2l2a01.blob.core.windows.net/sentinel2-l2/35/M/RT/2025/07/30/S2B_MSIL2A_20250730T080609_N0511_R078_T35MRT_20250730T103041.SAFE/GRANULE/L2A_T35MRT_A043862_20250730T082708/IMG_DATA/R10m/T35MRT_20250730T080609_B04_10m.tif",
          "B05": "https://sentinel2l2a01.blob.core.windows.net/sentinel2-l2/35/M/RT/2025/07/30/S2B_MSIL2A_20250730T080609_N0511_R078_T35MRT_20250730T103041.SAFE/GRANULE/L2A_T35MRT_A043862_20250730T082708/IMG_DATA/R20m/T35MRT_20250730T080609_B05_20m.tif",
          "B06": "https://sentinel2l2a01.blob.core.windows.net/sentinel2-l2/35/M/RT/2025/07/30/S2B_MSIL2A_20250730T080609_N0511_R078_T35MRT_20250730T103041.SAFE/GRANULE/L2A_T35MRT_A043862_20250730T082708/IMG_DATA/R20m/T35MRT_20250730T080609_B06_20m.tif",
          "B07": "https://sentinel2l2a01.blob.core.windows.net/sentinel2-l2/35/M/RT/2025/07/30/S2B_MSIL2A_20250730T080609_N0511_R078_T35MRT_20250730T103041.SAFE/GRANULE/L2A_T35MRT_A043862_20250730T082708/IMG_DATA/R20m/T35MRT_20250730T080609_B07_20m.tif",
          "B08": "https://sentinel2l2a01.blob.core.windows.net/sentinel2-l2/35/M/RT/2025/07/30/S2B_MSIL2A_20250730T080609_N0511_R078_T35MRT_20250730T103041.SAFE/GRANULE/L2A_T35MRT_A043862_20250730T082708/IMG_DATA/R10m/T35MRT_20250730T080609_B08_10m.tif",
          "B09": "https://sentinel2l2a01.blob.core.windows.net/sentinel2-l2/35/M/RT/2025/07/30/S2B_MSIL2A_20250730T080609_N0511_R078_T35MRT_20250730T103041.SAFE/GRANULE/L2A_T35MRT_A043862_20250730T082708/IMG_DATA/R60m/T35MRT_20250730T080609_B09_60m.tif",
          "B11": "https://sentinel2l2a01.blob.core.windows.net/sentinel2-l2/35/M/RT/2025/07/30/S2B_MSIL2A_20250730T080609_N0511_R078_T35MRT_20250730T103041.SAFE/GRANULE/L2A_T35MRT_A043862_20250730T082708/IMG_DATA/R20m/T35MRT_20250730T080609_B11_20m.tif",
          "B12": "https://sentinel2l2a01.blob.core.windows.net/sentinel2-l2/35/M/RT/2025/07/30/S2B_MSIL2A_20250730T080609_N0511_R078_T35MRT_20250730T103041.SAFE/GRANULE/L2A_T35MRT_A043862_20250730T082708/IMG_DATA/R20m/T35MRT_20250730T080609_B12_20m.tif",
          "B8A": "https://sentinel2l2a01.blob.core.windows.net/sentinel2-l2/35/M/RT/2025/07/30/S2B_MSIL2A_20250730T080609_N0511_R078_T35MRT_20250730T103041.SAFE/GRANULE/L2A_T35MRT_A043862_20250730T082708/IMG_DATA/R20m/T35MRT_20250730T080609_B8A_20m.tif",
          "SCL": "https://sentinel2l2a01.blob.core.windows.net/sentinel2-l2/35/M/RT/2025/07/30/S2B_MSIL2A_20250730T080609_N0511_R078_T35MRT_20250730T103041.SAFE/GRANULE/L2A_T35MRT_A043862_20250730T082708/IMG_DATA/R20m/T35MRT_20250730T080609_SCL_20m.tif",
          "WVP": "https://sentinel2l2a01.blob.core.windows.net/sentinel2-l2/35/M/RT/2025/07/30/S2B_MSIL2A_20250730T080609_N0511_R078_T35MRT_20250730T103041.SAFE/GRANULE/L2A_T35MRT_A043862_20250730T082708/IMG_DATA/R10m/T35MRT_20250730T080609_WVP_10m.tif",
          "visual": "https://sentinel2l2a01.blob.core.windows.net/sentinel2-l2/35/M/RT/2025/07/30/S2B_MSIL2A_20250730T080609_N0511_R078_T35MRT_20250730T103041.SAFE/GRANULE/L2A_T35MRT_A043862_20250730T082708/IMG_DATA/R10m/T35MRT_20250730T080609_TCI_10m.tif",
          "safe-manifest": "https://sentinel2l2a01.blob.core.windows.net/sentinel2-l2/35/M/RT/2025/07/30/S2B_MSIL2A_20250730T080609_N0511_R078_T35MRT_20250730T103041.SAFE/manifest.safe",
          "granule-metadata": "https://sentinel2l2a01.blob.core.windows.net/sentinel2-l2/35/M/RT/2025/07/30/S2B_MSIL2A_20250730T080609_N0511_R078_T35MRT_20250730T103041.SAFE/GRANULE/L2A_T35MRT_A043862_20250730T082708/MTD_TL.xml",
          "inspire-metadata": "https://sentinel2l2a01.blob.core.windows.net/sentinel2-l2/35/M/RT/2025/07/30/S2B_MSIL2A_20250730T080609_N0511_R078_T35MRT_20250730T103041.SAFE/INSPIRE.xml",
          "product-metadata": "https://sentinel2l2a01.blob.core.windows.net/sentinel2-l2/35/M/RT/2025/07/30/S2B_MSIL2A_20250730T080609_N0511_R078_T35MRT_20250730T103041.SAFE/MTD_MSIL2A.xml",
          "datastrip-metadata": "https://sentinel2l2a01.blob.core.windows.net/sentinel2-l2/35/M/RT/2025/07/30/S2B_MSIL2A_20250730T080609_N0511_R078_T35MRT_20250730T103041.SAFE/DATASTRIP/DS_2BPS_20250730T103041_S20250730T082708/MTD_DS.xml",
          "tilejson": "https://planetarycomputer.microsoft.com/api/data/v1/item/tilejson.json?collection=sentinel-2-l2a&item=S2B_MSIL2A_20250730T080609_R078_T35MRT_20250730T103041&assets=visual&asset_bidx=visual%7C1%2C2%2C3&nodata=0&format=png",
          "rendered_preview": "https://planetarycomputer.microsoft.com/api/data/v1/item/preview.png?collection=sentinel-2-l2a&item=S2B_MSIL2A_20250730T080609_R078_T35MRT_20250730T103041&assets=visual&asset_bidx=visual%7C1%2C2%2C3&nodata=0&format=png"
        },
        "stac_properties": {
          "datetime": "2025-07-30T08:06:09.024000Z",
          "platform": "Sentinel-2B",
          "instruments": [
            "msi"
          ],
          "s2:mgrs_tile": "35MRT",
          "constellation": "Sentinel 2",
          "s2:granule_id": "S2B_OPER_MSI_L2A_TL_2BPS_20250730T103041_A043862_T35MRT_N05.11",
          "eo:cloud_cover": 0.0,
          "s2:datatake_id": "GS2B_20250730T080609_043862_N05.11",
          "s2:product_uri": "S2B_MSIL2A_20250730T080609_N0511_R078_T35MRT_20250730T103041.SAFE",
          "s2:datastrip_id": "S2B_OPER_MSI_L2A_DS_2BPS_20250730T103041_S20250730T082708_N05.11",
          "s2:product_type": "S2MSI2A",
          "sat:orbit_state": "descending",
          "s2:datatake_type": "INS-NOBS",
          "s2:generation_time": "2025-07-30T10:30:41.000000Z",
          "sat:relative_orbit": 78,
          "s2:water_percentage": 2.702649,
          "s2:mean_solar_zenith": 31.2088441931524,
          "s2:mean_solar_azimuth": 47.4432245906319,
          "s2:processing_baseline": "05.11",
          "s2:snow_ice_percentage": 0.0,
          "s2:vegetation_percentage": 52.085936,
          "s2:thin_cirrus_percentage": 0.0,
          "s2:cloud_shadow_percentage": 0.0,
          "s2:nodata_pixel_percentage": 0.0,
          "s2:unclassified_percentage": 0.795123,
          "s2:not_vegetated_percentage": 44.3551,
          "s2:degraded_msi_data_percentage": 0.0195,
          "s2:high_proba_clouds_percentage": 0.0,
          "s2:reflectance_conversion_factor": 0.969532226135215,
          "s2:medium_proba_clouds_percentage": 0.0,
          "s2:saturated_defective_pixel_percentage": 0.0,
          "proj:code": "EPSG:32735"
        }
      }
    },
    {
      "type": "Feature",
      "id": "S2B_MSIL2A_20250730T080609_R078_T35MRU_20250730T103041",
      "geometry": {
        "type": "Polygon",
        "coordinates": [
          [
            [
              29.6951767,
              -0.9033618
            ],
            [
              30.6804936,
              -0.9024912
            ],
            [
              30.68204,
              -1.8938167
            ],
            [
              29.6963105,
              -1.895644
            ],
            [
              29.6951767,
              -0.9033618
            ]
          ]
        ]
      },
      "properties": {
        "id": "S2B_MSIL2A_20250730T080609_R078_T35MRU_20250730T103041",
        "collection": "sentinel-2-l2a",
        "datetime": "2025-07-30T08:06:09.024000Z",
        "cloud_cover": 2.7e-05,
        "mgrs_tile": "35MRU",
        "assets": {
          "AOT": "https://sentinel2l2a01.blob.core.windows.net/sentinel2-l2/35/M/RU/2025/07/30/S2B_MSIL2A_20250730T080609_N0511_R078_T35MRU_20250730T103041.SAFE/GRANULE/L2A_T35MRU_A043862_20250730T082708/IMG_DATA/R10m/T35MRU_20250730T080609_AOT_10m.tif",
          "B01": "https://sentinel2l2a01.blob.core.windows.net/sentinel2-l2/35/M/RU/2025/07/30/S2B_MSIL2A_20250730T080609_N0511_R078_T35MRU_20250730T103041.SAFE/GRANULE/L2A_T35MRU_A043862_20250730T082708/IMG_DATA/R60m/T35MRU_20250730T080609_B01_60m.tif",
          "B02": "https://sentinel2l2a01.blob.core.windows.net/sentinel2-l2/35/M/RU/2025/07/30/S2B_MSIL2A_20250730T080609_N0511_R078_T35MRU_20250730T103041.SAFE/GRANULE/L2A_T35MRU_A043862_20250730T082708/IMG_DATA/R10m/T35MRU_20250730T080609_B02_10m.tif",
          "B03": "https://sentinel2l2a01.blob.core.windows.net/sentinel2-l2/35/M/RU/2025/07/30/S2B_MSIL2A_20250730T080609_N0511_R078_T35MRU_20250730T103041.SAFE/GRANULE/L2A_T35MRU_A043862_20250730T082708/IMG_DATA/R10m/T35MRU_20250730T080609_B03_10m.tif",
          "B04": "https://sentinel2l2a01.blob.core.windows.net/sentinel2-l2/35/M/RU/2025/07/30/S2B_MSIL2A_20250730T080609_N0511_R078_T35MRU_20250730T103041.SAFE/GRANULE/L2A_T35MRU_A043862_20250730T082708/IMG_DATA/R10m/T35MRU_20250730T080609_B04_10m.tif",
          "B05": "https://sentinel2l2a01.blob.core.windows.net/sentinel2-l2/35/M/RU/2025/07/30/S2B_MSIL2A_20250730T080609_N0511_R078_T35MRU_20250730T103041.SAFE/GRANULE/L2A_T35MRU_A043862_20250730T082708/IMG_DATA/R20m/T35MRU_20250730T080609_B05_20m.tif",
          "B06": "https://sentinel2l2a01.blob.core.windows.net/sentinel2-l2/35/M/RU/2025/07/30/S2B_MSIL2A_20250730T080609_N0511_R078_T35MRU_20250730T103041.SAFE/GRANULE/L2A_T35MRU_A043862_20250730T082708/IMG_DATA/R20m/T35MRU_20250730T080609_B06_20m.tif",
          "B07": "https://sentinel2l2a01.blob.core.windows.net/sentinel2-l2/35/M/RU/2025/07/30/S2B_MSIL2A_20250730T080609_N0511_R078_T35MRU_20250730T103041.SAFE/GRANULE/L2A_T35MRU_A043862_20250730T082708/IMG_DATA/R20m/T35MRU_20250730T080609_B07_20m.tif",
          "B08": "https://sentinel2l2a01.blob.core.windows.net/sentinel2-l2/35/M/RU/2025/07/30/S2B_MSIL2A_20250730T080609_N0511_R078_T35MRU_20250730T103041.SAFE/GRANULE/L2A_T35MRU_A043862_20250730T082708/IMG_DATA/R10m/T35MRU_20250730T080609_B08_10m.tif",
          "B09": "https://sentinel2l2a01.blob.core.windows.net/sentinel2-l2/35/M/RU/2025/07/30/S2B_MSIL2A_20250730T080609_N0511_R078_T35MRU_20250730T103041.SAFE/GRANULE/L2A_T35MRU_A043862_20250730T082708/IMG_DATA/R60m/T35MRU_20250730T080609_B09_60m.tif",
          "B11": "https://sentinel2l2a01.blob.core.windows.net/sentinel2-l2/35/M/RU/2025/07/30/S2B_MSIL2A_20250730T080609_N0511_R078_T35MRU_20250730T103041.SAFE/GRANULE/L2A_T35MRU_A043862_20250730T082708/IMG_DATA/R20m/T35MRU_20250730T080609_B11_20m.tif",
          "B12": "https://sentinel2l2a01.blob.core.windows.net/sentinel2-l2/35/M/RU/2025/07/30/S2B_MSIL2A_20250730T080609_N0511_R078_T35MRU_20250730T103041.SAFE/GRANULE/L2A_T35MRU_A043862_20250730T082708/IMG_DATA/R20m/T35MRU_20250730T080609_B12_20m.tif",
          "B8A": "https://sentinel2l2a01.blob.core.windows.net/sentinel2-l2/35/M/RU/2025/07/30/S2B_MSIL2A_20250730T080609_N0511_R078_T35MRU_20250730T103041.SAFE/GRANULE/L2A_T35MRU_A043862_20250730T082708/IMG_DATA/R20m/T35MRU_20250730T080609_B8A_20m.tif",
          "SCL": "https://sentinel2l2a01.blob.core.windows.net/sentinel2-l2/35/M/RU/2025/07/30/S2B_MSIL2A_20250730T080609_N0511_R078_T35MRU_20250730T103041.SAFE/GRANULE/L2A_T35MRU_A043862_20250730T082708/IMG_DATA/R20m/T35MRU_20250730T080609_SCL_20m.tif",
          "WVP": "https://sentinel2l2a01.blob.core.windows.net/sentinel2-l2/35/M/RU/2025/07/30/S2B_MSIL2A_20250730T080609_N0511_R078_T35MRU_20250730T103041.SAFE/GRANULE/L2A_T35MRU_A043862_20250730T082708/IMG_DATA/R10m/T35MRU_20250730T080609_WVP_10m.tif",
          "visual": "https://sentinel2l2a01.blob.core.windows.net/sentinel2-l2/35/M/RU/2025/07/30/S2B_MSIL2A_20250730T080609_N0511_R078_T35MRU_20250730T103041.SAFE/GRANULE/L2A_T35MRU_A043862_20250730T082708/IMG_DATA/R10m/T35MRU_20250730T080609_TCI_10m.tif",
          "safe-manifest": "https://sentinel2l2a01.blob.core.windows.net/sentinel2-l2/35/M/RU/2025/07/30/S2B_MSIL2A_20250730T080609_N0511_R078_T35MRU_20250730T103041.SAFE/manifest.safe",
          "granule-metadata": "https://sentinel2l2a01.blob.core.windows.net/sentinel2-l2/35/M/RU/2025/07/30/S2B_MSIL2A_20250730T080609_N0511_R078_T35MRU_20250730T103041.SAFE/GRANULE/L2A_T35MRU_A043862_20250730T082708/MTD_TL.xml",
          "inspire-metadata": "https://sentinel2l2a01.blob.core.windows.net/sentinel2-l2/35/M/RU/2025/07/30/S2B_MSIL2A_20250730T080609_N0511_R078_T35MRU_20250730T103041.SAFE/INSPIRE.xml",
          "product-metadata": "https://sentinel2l2a01.blob.core.windows.net/sentinel2-l2/35/M/RU/2025/07/30/S2B_MSIL2A_20250730T080609_N0511_R078_T35MRU_20250730T103041.SAFE/MTD_MSIL2A.xml",
          "datastrip-metadata": "https://sentinel2l2a01.blob.core.windows.net/sentinel2-l2/35/M/RU/2025/07/30/S2B_MSIL2A_20250730T080609_N0511_R078_T35MRU_20250730T103041.SAFE/DATASTRIP/DS_2BPS_20250730T103041_S20250730T082708/MTD_DS.xml",
          "tilejson": "https://planetarycomputer.microsoft.com/api/data/v1/item/tilejson.json?collection=sentinel-2-l2a&item=S2B_MSIL2A_20250730T080609_R078_T35MRU_20250730T103041&assets=visual&asset_bidx=visual%7C1%2C2%2C3&nodata=0&format=png",
          "rendered_preview": "https://planetarycomputer.microsoft.com/api/data/v1/item/preview.png?collection=sentinel-2-l2a&item=S2B_MSIL2A_20250730T080609_R078_T35MRU_20250730T103041&assets=visual&asset_bidx=visual%7C1%2C2%2C3&nodata=0&format=png"
        },
        "stac_properties": {
          "datetime": "2025-07-30T08:06:09.024000Z",
          "platform": "Sentinel-2B",
          "instruments": [
            "msi"
          ],
          "s2:mgrs_tile": "35MRU",
          "constellation": "Sentinel 2",
          "s2:granule_id": "S2B_OPER_MSI_L2A_TL_2BPS_20250730T103041_A043862_T35MRU_N05.11",
          "eo:cloud_cover": 2.7e-05,
          "s2:datatake_id": "GS2B_20250730T080609_043862_N05.11",
          "s2:product_uri": "S2B_MSIL2A_20250730T080609_N0511_R078_T35MRU_20250730T103041.SAFE",
          "s2:datastrip_id": "S2B_OPER_MSI_L2A_DS_2BPS_20250730T103041_S20250730T082708_N05.11",
          "s2:product_type": "S2MSI2A",
          "sat:orbit_state": "descending",
          "s2:datatake_type": "INS-NOBS",
          "s2:generation_time": "2025-07-30T10:30:41.000000Z",
          "sat:relative_orbit": 78,
          "s2:water_percentage": 1.627121,
          "s2:mean_solar_zenith": 30.6513598073368,
          "s2:mean_solar_azimuth": 48.6365064111806,
          "s2:processing_baseline": "05.11",
          "s2:snow_ice_percentage": 0.0,
          "s2:vegetation_percentage": 60.514581,
          "s2:thin_cirrus_percentage": 0.0,
          "s2:cloud_shadow_percentage": 0.0,
          "s2:nodata_pixel_percentage": 0.0,
          "s2:unclassified_percentage": 1.039416,
          "s2:not_vegetated_percentage": 36.483204,
          "s2:degraded_msi_data_percentage": 0.0139,
          "s2:high_proba_clouds_percentage": 0.0,
          "s2:reflectance_conversion_factor": 0.969532226135215,
          "s2:medium_proba_clouds_percentage": 2.7e-05,
          "s2:saturated_defective_pixel_percentage": 0.0,
          "proj:code": "EPSG:32735"
        }
      }
    },
    {
      "type": "Feature",
      "id": "S2B_MSIL2A_20250829T080609_R078_T35MRT_20250829T104056",
      "geometry": {
        "type": "Polygon",
        "coordinates": [
          [
            [
              29.6961769,
              -1.8072608
            ],
            [
              30.6818577,
              -1.8055187
            ],
            [
              30.684405,
              -2.796832
            ],
            [
              29.6980446,
              -2.7995317
            ],
            [
              29.6961769,
              -1.8072608
            ]
          ]
        ]
      },
      "properties": {
        "id": "S2B_MSIL2A_20250829T080609_R078_T35MRT_20250829T104056",
        "collection": "sentinel-2-l2a",
        "datetime": "2025-08-29T08:06:09.024000Z",
        "cloud_cover": 2.005876,
        "mgrs_tile": "35MRT",
        "assets": {
          "AOT": "https://sentinel2l2a01.blob.core.windows.net/sentinel2-l2/35/M/RT/2025/08/29/S2B_MSIL2A_20250829T080609_N0511_R078_T35MRT_20250829T104056.SAFE/GRANULE/L2A_T35MRT_A044291_20250829T082654/IMG_DATA/R10m/T35MRT_20250829T080609_AOT_10m.tif",
          "B01": "https://sentinel2l2a01.blob.core.windows.net/sentinel2-l2/35/M/RT/2025/08/29/S2B_MSIL2A_20250829T080609_N0511_R078_T35MRT_20250829T104056.SAFE/GRANULE/L2A_T35MRT_A044291_20250829T082654/IMG_DATA/R60m/T35MRT_20250829T080609_B01_60m.tif",
          "B02": "https://sentinel2l2a01.blob.core.windows.net/sentinel2-l2/35/M/RT/2025/08/29/S2B_MSIL2A_20250829T080609_N0511_R078_T35MRT_20250829T104056.SAFE/GRANULE/L2A_T35MRT_A044291_20250829T082654/IMG_DATA/R10m/T35MRT_20250829T080609_B02_10m.tif",
          "B03": "https://sentinel2l2a01.blob.core.windows.net/sentinel2-l2/35/M/RT/2025/08/29/S2B_MSIL2A_20250829T080609_N0511_R078_T35MRT_20250829T104056.SAFE/GRANULE/L2A_T35MRT_A044291_20250829T082654/IMG_DATA/R10m/T35MRT_20250829T080609_B03_10m.tif",
          "B04": "https://sentinel2l2a01.blob.core.windows.net/sentinel2-l2/35/M/RT/2025/08/29/S2B_MSIL2A_20250829T080609_N0511_R078_T35MRT_20250829T104056.SAFE/GRANULE/L2A_T35MRT_A044291_20250829T082654/IMG_DATA/R10m/T35MRT_20250829T080609_B04_10m.tif",
          "B05": "https://sentinel2l2a01.blob.core.windows.net/sentinel2-l2/35/M/RT/2025/08/29/S2B_MSIL2A_20250829T080609_N0511_R078_T35MRT_20250829T104056.SAFE/GRANULE/L2A_T35MRT_A044291_20250829T082654/IMG_DATA/R20m/T35MRT_20250829T080609_B05_20m.tif",
          "B06": "https://sentinel2l2a01.blob.core.windows.net/sentinel2-l2/35/M/RT/2025/08/29/S2B_MSIL2A_20250829T080609_N0511_R078_T35MRT_20250829T104056.SAFE/GRANULE/L2A_T35MRT_A044291_20250829T082654/IMG_DATA/R20m/T35MRT_20250829T080609_B06_20m.tif",
          "B07": "https://sentinel2l2a01.blob.core.windows.net/sentinel2-l2/35/M/RT/2025/08/29/S2B_MSIL2A_20250829T080609_N0511_R078_T35MRT_20250829T104056.SAFE/GRANULE/L2A_T35MRT_A044291_20250829T082654/IMG_DATA/R20m/T35MRT_20250829T080609_B07_20m.tif",
          "B08": "https://sentinel2l2a01.blob.core.windows.net/sentinel2-l2/35/M/RT/2025/08/29/S2B_MSIL2A_20250829T080609_N0511_R078_T35MRT_20250829T104056.SAFE/GRANULE/L2A_T35MRT_A044291_20250829T082654/IMG_DATA/R10m/T35MRT_20250829T080609_B08_10m.tif",
          "B09": "https://sentinel2l2a01.blob.core.windows.net/sentinel2-l2/35/M/RT/2025/08/29/S2B_MSIL2A_20250829T080609_N0511_R078_T35MRT_20250829T104056.SAFE/GRANULE/L2A_T35MRT_A044291_20250829T082654/IMG_DATA/R60m/T35MRT_20250829T080609_B09_60m.tif",
          "B11": "https://sentinel2l2a01.blob.core.windows.net/sentinel2-l2/35/M/RT/2025/08/29/S2B_MSIL2A_20250829T080609_N0511_R078_T35MRT_20250829T104056.SAFE/GRANULE/L2A_T35MRT_A044291_20250829T082654/IMG_DATA/R20m/T35MRT_20250829T080609_B11_20m.tif",
          "B12": "https://sentinel2l2a01.blob.core.windows.net/sentinel2-l2/35/M/RT/2025/08/29/S2B_MSIL2A_20250829T080609_N0511_R078_T35MRT_20250829T104056.SAFE/GRANULE/L2A_T35MRT_A044291_20250829T082654/IMG_DATA/R20m/T35MRT_20250829T080609_B12_20m.tif",
          "B8A": "https://sentinel2l2a01.blob.core.windows.net/sentinel2-l2/35/M/RT/2025/08/29/S2B_MSIL2A_20250829T080609_N0511_R078_T35MRT_20250829T104056.SAFE/GRANULE/L2A_T35MRT_A044291_20250829T082654/IMG_DATA/R20m/T35MRT_20250829T080609_B8A_20m.tif",
          "SCL": "https://sentinel2l2a01.blob.core.windows.net/sentinel2-l2/35/M/RT/2025/08/29/S2B_MSIL2A_20250829T080609_N0511_R078_T35MRT_20250829T104056.SAFE/GRANULE/L2A_T35MRT_A044291_20250829T082654/IMG_DATA/R20m/T35MRT_20250829T080609_SCL_20m.tif",
          "WVP": "https://sentinel2l2a01.blob.core.windows.net/sentinel2-l2/35/M/RT/2025/08/29/S2B_MSIL2A_20250829T080609_N0511_R078_T35MRT_20250829T104056.SAFE/GRANULE/L2A_T35MRT_A044291_20250829T082654/IMG_DATA/R10m/T35MRT_20250829T080609_WVP_10m.tif",
          "visual": "https://sentinel2l2a01.blob.core.windows.net/sentinel2-l2/35/M/RT/2025/08/29/S2B_MSIL2A_20250829T080609_N0511_R078_T35MRT_20250829T104056.SAFE/GRANULE/L2A_T35MRT_A044291_20250829T082654/IMG_DATA/R10m/T35MRT_20250829T080609_TCI_10m.tif",
          "safe-manifest": "https://sentinel2l2a01.blob.core.windows.net/sentinel2-l2/35/M/RT/2025/08/29/S2B_MSIL2A_20250829T080609_N0511_R078_T35MRT_20250829T104056.SAFE/manifest.safe",
          "granule-metadata": "https://sentinel2l2a01.blob.core.windows.net/sentinel2-l2/35/M/RT/2025/08/29/S2B_MSIL2A_20250829T080609_N0511_R078_T35MRT_20250829T104056.SAFE/GRANULE/L2A_T35MRT_A044291_20250829T082654/MTD_TL.xml",
          "inspire-metadata": "https://sentinel2l2a01.blob.core.windows.net/sentinel2-l2/35/M/RT/2025/08/29/S2B_MSIL2A_20250829T080609_N0511_R078_T35MRT_20250829T104056.SAFE/INSPIRE.xml",
          "product-metadata": "https://sentinel2l2a01.blob.core.windows.net/sentinel2-l2/35/M/RT/2025/08/29/S2B_MSIL2A_20250829T080609_N0511_R078_T35MRT_20250829T104056.SAFE/MTD_MSIL2A.xml",
          "datastrip-metadata": "https://sentinel2l2a01.blob.core.windows.net/sentinel2-l2/35/M/RT/2025/08/29/S2B_MSIL2A_20250829T080609_N0511_R078_T35MRT_20250829T104056.SAFE/DATASTRIP/DS_2BPS_20250829T104056_S20250829T082654/MTD_DS.xml",
          "tilejson": "https://planetarycomputer.microsoft.com/api/data/v1/item/tilejson.json?collection=sentinel-2-l2a&item=S2B_MSIL2A_20250829T080609_R078_T35MRT_20250829T104056&assets=visual&asset_bidx=visual%7C1%2C2%2C3&nodata=0&format=png",
          "rendered_preview": "https://planetarycomputer.microsoft.com/api/data/v1/item/preview.png?collection=sentinel-2-l2a&item=S2B_MSIL2A_20250829T080609_R078_T35MRT_20250829T104056&assets=visual&asset_bidx=visual%7C1%2C2%2C3&nodata=0&format=png"
        },
        "stac_properties": {
          "datetime": "2025-08-29T08:06:09.024000Z",
          "platform": "Sentinel-2B",
          "instruments": [
            "msi"
          ],
          "s2:mgrs_tile": "35MRT",
          "constellation": "Sentinel 2",
          "s2:granule_id": "S2B_OPER_MSI_L2A_TL_2BPS_20250829T104056_A044291_T35MRT_N05.11",
          "eo:cloud_cover": 2.005876,
          "s2:datatake_id": "GS2B_20250829T080609_044291_N05.11",
          "s2:product_uri": "S2B_MSIL2A_20250829T080609_N0511_R078_T35MRT_20250829T104056.SAFE",
          "s2:datastrip_id": "S2B_OPER_MSI_L2A_DS_2BPS_20250829T104056_S20250829T082654_N05.11",
          "s2:product_type": "S2MSI2A",
          "sat:orbit_state": "descending",
          "s2:datatake_type": "INS-NOBS",
          "s2:generation_time": "2025-08-29T10:40:56.000000Z",
          "sat:relative_orbit": 78,
          "s2:water_percentage": 2.273287,
          "s2:mean_solar_zenith": 25.0516560708538,
          "s2:mean_solar_azimuth": 62.3335957556478,
          "s2:processing_baseline": "05.11",
          "s2:snow_ice_percentage": 0.0,
          "s2:vegetation_percentage": 29.893413,
          "s2:thin_cirrus_percentage": 2.004048,
          "s2:cloud_shadow_percentage": 0.002326,
          "s2:nodata_pixel_percentage": 0.0,
          "s2:unclassified_percentage": 0.609384,
          "s2:not_vegetated_percentage": 65.150279,
          "s2:degraded_msi_data_percentage": 0.0195,
          "s2:high_proba_clouds_percentage": 0.000186,
          "s2:reflectance_conversion_factor": 0.979195335676927,
          "s2:medium_proba_clouds_percentage": 0.001642,
          "s2:saturated_defective_pixel_percentage": 0.0,
          "proj:code": "EPSG:32735"
        }
      }
    },
    {
      "type": "Feature",
      "id": "S2B_MSIL2A_20250829T080609_R078_T35MRU_20250829T104056",
      "geometry": {
        "type": "Polygon",
        "coordinates": [
          [
            [
              29.6951767,
              -0.9033618
            ],
            [
              30.6804936,
              -0.9024912
            ],
            [
              30.68204,
              -1.8938167
            ],
            [
              29.6963105,
              -1.895644
            ],
            [
              29.6951767,
              -0.9033618
            ]
          ]
        ]
      },
      "properties": {
        "id": "S2B_MSIL2A_20250829T080609_R078_T35MRU_20250829T104056",
        "collection": "sentinel-2-l2a",
        "datetime": "2025-08-29T08:06:09.024000Z",
        "cloud_cover": 1.171904,
        "mgrs_tile": "35MRU",
        "assets": {
          "AOT": "https://sentinel2l2a01.blob.core.windows.net/sentinel2-l2/35/M/RU/2025/08/29/S2B_MSIL2A_20250829T080609_N0511_R078_T35MRU_20250829T104056.SAFE/GRANULE/L2A_T35MRU_A044291_20250829T082654/IMG_DATA/R10m/T35MRU_20250829T080609_AOT_10m.tif",
          "B01": "https://sentinel2l2a01.blob.core.windows.net/sentinel2-l2/35/M/RU/2025/08/29/S2B_MSIL2A_20250829T080609_N0511_R078_T35MRU_20250829T104056.SAFE/GRANULE/L2A_T35MRU_A044291_20250829T082654/IMG_DATA/R60m/T35MRU_20250829T080609_B01_60m.tif",
          "B02": "https://sentinel2l2a01.blob.core.windows.net/sentinel2-l2/35/M/RU/2025/08/29/S2B_MSIL2A_20250829T080609_N0511_R078_T35MRU_20250829T104056.SAFE/GRANULE/L2A_T35MRU_A044291_20250829T082654/IMG_DATA/R10m/T35MRU_20250829T080609_B02_10m.tif",
          "B03": "https://sentinel2l2a01.blob.core.windows.net/sentinel2-l2/35/M/RU/2025/08/29/S2B_MSIL2A_20250829T080609_N0511_R078_T35MRU_20250829T104056.SAFE/GRANULE/L2A_T35MRU_A044291_20250829T082654/IMG_DATA/R10m/T35MRU_20250829T080609_B03_10m.tif",
          "B04": "https://sentinel2l2a01.blob.core.windows.net/sentinel2-l2/35/M/RU/2025/08/29/S2B_MSIL2A_20250829T080609_N0511_R078_T35MRU_20250829T104056.SAFE/GRANULE/L2A_T35MRU_A044291_20250829T082654/IMG_DATA/R10m/T35MRU_20250829T080609_B04_10m.tif",
          "B05": "https://sentinel2l2a01.blob.core.windows.net/sentinel2-l2/35/M/RU/2025/08/29/S2B_MSIL2A_20250829T080609_N0511_R078_T35MRU_20250829T104056.SAFE/GRANULE/L2A_T35MRU_A044291_20250829T082654/IMG_DATA/R20m/T35MRU_20250829T080609_B05_20m.tif",
          "B06": "https://sentinel2l2a01.blob.core.windows.net/sentinel2-l2/35/M/RU/2025/08/29/S2B_MSIL2A_20250829T080609_N0511_R078_T35MRU_20250829T104056.SAFE/GRANULE/L2A_T35MRU_A044291_20250829T082654/IMG_DATA/R20m/T35MRU_20250829T080609_B06_20m.tif",
          "B07": "https://sentinel2l2a01.blob.core.windows.net/sentinel2-l2/35/M/RU/2025/08/29/S2B_MSIL2A_20250829T080609_N0511_R078_T35MRU_20250829T104056.SAFE/GRANULE/L2A_T35MRU_A044291_20250829T082654/IMG_DATA/R20m/T35MRU_20250829T080609_B07_20m.tif",
          "B08": "https://sentinel2l2a01.blob.core.windows.net/sentinel2-l2/35/M/RU/2025/08/29/S2B_MSIL2A_20250829T080609_N0511_R078_T35MRU_20250829T104056.SAFE/GRANULE/L2A_T35MRU_A044291_20250829T082654/IMG_DATA/R10m/T35MRU_20250829T080609_B08_10m.tif",
          "B09": "https://sentinel2l2a01.blob.core.windows.net/sentinel2-l2/35/M/RU/2025/08/29/S2B_MSIL2A_20250829T080609_N0511_R078_T35MRU_20250829T104056.SAFE/GRANULE/L2A_T35MRU_A044291_20250829T082654/IMG_DATA/R60m/T35MRU_20250829T080609_B09_60m.tif",
          "B11": "https://sentinel2l2a01.blob.core.windows.net/sentinel2-l2/35/M/RU/2025/08/29/S2B_MSIL2A_20250829T080609_N0511_R078_T35MRU_20250829T104056.SAFE/GRANULE/L2A_T35MRU_A044291_20250829T082654/IMG_DATA/R20m/T35MRU_20250829T080609_B11_20m.tif",
          "B12": "https://sentinel2l2a01.blob.core.windows.net/sentinel2-l2/35/M/RU/2025/08/29/S2B_MSIL2A_20250829T080609_N0511_R078_T35MRU_20250829T104056.SAFE/GRANULE/L2A_T35MRU_A044291_20250829T082654/IMG_DATA/R20m/T35MRU_20250829T080609_B12_20m.tif",
          "B8A": "https://sentinel2l2a01.blob.core.windows.net/sentinel2-l2/35/M/RU/2025/08/29/S2B_MSIL2A_20250829T080609_N0511_R078_T35MRU_20250829T104056.SAFE/GRANULE/L2A_T35MRU_A044291_20250829T082654/IMG_DATA/R20m/T35MRU_20250829T080609_B8A_20m.tif",
          "SCL": "https://sentinel2l2a01.blob.core.windows.net/sentinel2-l2/35/M/RU/2025/08/29/S2B_MSIL2A_20250829T080609_N0511_R078_T35MRU_20250829T104056.SAFE/GRANULE/L2A_T35MRU_A044291_20250829T082654/IMG_DATA/R20m/T35MRU_20250829T080609_SCL_20m.tif",
          "WVP": "https://sentinel2l2a01.blob.core.windows.net/sentinel2-l2/35/M/RU/2025/08/29/S2B_MSIL2A_20250829T080609_N0511_R078_T35MRU_20250829T104056.SAFE/GRANULE/L2A_T35MRU_A044291_20250829T082654/IMG_DATA/R10m/T35MRU_20250829T080609_WVP_10m.tif",
          "visual": "https://sentinel2l2a01.blob.core.windows.net/sentinel2-l2/35/M/RU/2025/08/29/S2B_MSIL2A_20250829T080609_N0511_R078_T35MRU_20250829T104056.SAFE/GRANULE/L2A_T35MRU_A044291_20250829T082654/IMG_DATA/R10m/T35MRU_20250829T080609_TCI_10m.tif",
          "safe-manifest": "https://sentinel2l2a01.blob.core.windows.net/sentinel2-l2/35/M/RU/2025/08/29/S2B_MSIL2A_20250829T080609_N0511_R078_T35MRU_20250829T104056.SAFE/manifest.safe",
          "granule-metadata": "https://sentinel2l2a01.blob.core.windows.net/sentinel2-l2/35/M/RU/2025/08/29/S2B_MSIL2A_20250829T080609_N0511_R078_T35MRU_20250829T104056.SAFE/GRANULE/L2A_T35MRU_A044291_20250829T082654/MTD_TL.xml",
          "inspire-metadata": "https://sentinel2l2a01.blob.core.windows.net/sentinel2-l2/35/M/RU/2025/08/29/S2B_MSIL2A_20250829T080609_N0511_R078_T35MRU_20250829T104056.SAFE/INSPIRE.xml",
          "product-metadata": "https://sentinel2l2a01.blob.core.windows.net/sentinel2-l2/35/M/RU/2025/08/29/S2B_MSIL2A_20250829T080609_N0511_R078_T35MRU_20250829T104056.SAFE/MTD_MSIL2A.xml",
          "datastrip-metadata": "https://sentinel2l2a01.blob.core.windows.net/sentinel2-l2/35/M/RU/2025/08/29/S2B_MSIL2A_20250829T080609_N0511_R078_T35MRU_20250829T104056.SAFE/DATASTRIP/DS_2BPS_20250829T104056_S20250829T082654/MTD_DS.xml",
          "tilejson": "https://planetarycomputer.microsoft.com/api/data/v1/item/tilejson.json?collection=sentinel-2-l2a&item=S2B_MSIL2A_20250829T080609_R078_T35MRU_20250829T104056&assets=visual&asset_bidx=visual%7C1%2C2%2C3&nodata=0&format=png",
          "rendered_preview": "https://planetarycomputer.microsoft.com/api/data/v1/item/preview.png?collection=sentinel-2-l2a&item=S2B_MSIL2A_20250829T080609_R078_T35MRU_20250829T104056&assets=visual&asset_bidx=visual%7C1%2C2%2C3&nodata=0&format=png"
        },
        "stac_properties": {
          "datetime": "2025-08-29T08:06:09.024000Z",
          "platform": "Sentinel-2B",
          "instruments": [
            "msi"
          ],
          "s2:mgrs_tile": "35MRU",
          "constellation": "Sentinel 2",
          "s2:granule_id": "S2B_OPER_MSI_L2A_TL_2BPS_20250829T104056_A044291_T35MRU_N05.11",
          "eo:cloud_cover": 1.171904,
          "s2:datatake_id": "GS2B_20250829T080609_044291_N05.11",
          "s2:product_uri": "S2B_MSIL2A_20250829T080609_N0511_R078_T35MRU_20250829T104056.SAFE",
          "s2:datastrip_id": "S2B_OPER_MSI_L2A_DS_2BPS_20250829T104056_S20250829T082654_N05.11",
          "s2:product_type": "S2MSI2A",
          "sat:orbit_state": "descending",
          "s2:datatake_type": "INS-NOBS",
          "s2:generation_time": "2025-08-29T10:40:56.000000Z",
          "sat:relative_orbit": 78,
          "s2:water_percentage": 1.594504,
          "s2:mean_solar_zenith": 24.7007349820378,
          "s2:mean_solar_azimuth": 64.1364254656195,
          "s2:processing_baseline": "05.11",
          "s2:snow_ice_percentage": 0.0,
          "s2:vegetation_percentage": 57.861513,
          "s2:thin_cirrus_percentage": 0.258599,
          "s2:cloud_shadow_percentage": 0.789407,
          "s2:nodata_pixel_percentage": 0.0,
          "s2:unclassified_percentage": 0.354548,
          "s2:not_vegetated_percentage": 38.147786,
          "s2:degraded_msi_data_percentage": 0.0145,
          "s2:high_proba_clouds_percentage": 0.385009,
          "s2:reflectance_conversion_factor": 0.979195335676927,
          "s2:medium_proba_clouds_percentage": 0.528296,
          "s2:saturated_defective_pixel_percentage": 0.0,
          "proj:code": "EPSG:32735"
        }
      }
    },
    {
      "type": "Feature",
      "id": "S2B_MSIL2A_20250220T080859_R078_T35MRT_20250220T102720",
      "geometry": {
        "type": "Polygon",
        "coordinates": [
          [
            [
              29.6961769,
              -1.8072608
            ],
            [
              30.6818577,
              -1.8055187
            ],
            [
              30.684405,
              -2.796832
            ],
            [
              29.6980446,
              -2.7995317
            ],
            [
              29.6961769,
              -1.8072608
            ]
          ]
        ]
      },
      "properties": {
        "id": "S2B_MSIL2A_20250220T080859_R078_T35MRT_20250220T102720",
        "collection": "sentinel-2-l2a",
        "datetime": "2025-02-20T08:08:59.024000Z",
        "cloud_cover": 2.971523,
        "mgrs_tile": "35MRT",
        "assets": {
          "AOT": "https://sentinel2l2a01.blob.core.windows.net/sentinel2-l2/35/M/RT/2025/02/20/S2B_MSIL2A_20250220T080859_N0511_R078_T35MRT_20250220T102720.SAFE/GRANULE/L2A_T35MRT_A041574_20250220T082908/IMG_DATA/R10m/T35MRT_20250220T080859_AOT_10m.tif",
          "B01": "https://sentinel2l2a01.blob.core.windows.net/sentinel2-l2/35/M/RT/2025/02/20/S2B_MSIL2A_20250220T080859_N0511_R078_T35MRT_20250220T102720.SAFE/GRANULE/L2A_T35MRT_A041574_20250220T082908/IMG_DATA/R60m/T35MRT_20250220T080859_B01_60m.tif",
          "B02": "https://sentinel2l2a01.blob.core.windows.net/sentinel2-l2/35/M/RT/2025/02/20/S2B_MSIL2A_20250220T080859_N0511_R078_T35MRT_20250220T102720.SAFE/GRANULE/L2A_T35MRT_A041574_20250220T082908/IMG_DATA/R10m/T35MRT_20250220T080859_B02_10m.tif",
          "B03": "https://sentinel2l2a01.blob.core.windows.net/sentinel2-l2/35/M/RT/2025/02/20/S2B_MSIL2A_20250220T080859_N0511_R078_T35MRT_20250220T102720.SAFE/GRANULE/L2A_T35MRT_A041574_20250220T082908/IMG_DATA/R10m/T35MRT_20250220T080859_B03_10m.tif",
          "B04": "https://sentinel2l2a01.blob.core.windows.net/sentinel2-l2/35/M/RT/2025/02/20/S2B_MSIL2A_20250220T080859_N0511_R078_T35MRT_20250220T102720.SAFE/GRANULE/L2A_T35MRT_A041574_20250220T082908/IMG_DATA/R10m/T35MRT_20250220T080859_B04_10m.tif",
          "B05": "https://sentinel2l2a01.blob.core.windows.net/sentinel2-l2/35/M/RT/2025/02/20/S2B_MSIL2A_20250220T080859_N0511_R078_T35MRT_20250220T102720.SAFE/GRANULE/L2A_T35MRT_A041574_20250220T082908/IMG_DATA/R20m/T35MRT_20250220T080859_B05_20m.tif",
          "B06": "https://sentinel2l2a01.blob.core.windows.net/sentinel2-l2/35/M/RT/2025/02/20/S2B_MSIL2A_20250220T080859_N0511_R078_T35MRT_20250220T102720.SAFE/GRANULE/L2A_T35MRT_A041574_20250220T082908/IMG_DATA/R20m/T35MRT_20250220T080859_B06_20m.tif",
          "B07": "https://sentinel2l2a01.blob.core.windows.net/sentinel2-l2/35/M/RT/2025/02/20/S2B_MSIL2A_20250220T080859_N0511_R078_T35MRT_20250220T102720.SAFE/GRANULE/L2A_T35MRT_A041574_20250220T082908/IMG_DATA/R20m/T35MRT_20250220T080859_B07_20m.tif",
          "B08": "https://sentinel2l2a01.blob.core.windows.net/sentinel2-l2/35/M/RT/2025/02/20/S2B_MSIL2A_20250220T080859_N0511_R078_T35MRT_20250220T102720.SAFE/GRANULE/L2A_T35MRT_A041574_20250220T082908/IMG_DATA/R10m/T35MRT_20250220T080859_B08_10m.tif",
          "B09": "https://sentinel2l2a01.blob.core.windows.net/sentinel2-l2/35/M/RT/2025/02/20/S2B_MSIL2A_20250220T080859_N0511_R078_T35MRT_20250220T102720.SAFE/GRANULE/L2A_T35MRT_A041574_20250220T082908/IMG_DATA/R60m/T35MRT_20250220T080859_B09_60m.tif",
          "B11": "https://sentinel2l2a01.blob.core.windows.net/sentinel2-l2/35/M/RT/2025/02/20/S2B_MSIL2A_20250220T080859_N0511_R078_T35MRT_20250220T102720.SAFE/GRANULE/L2A_T35MRT_A041574_20250220T082908/IMG_DATA/R20m/T35MRT_20250220T080859_B11_20m.tif",
          "B12": "https://sentinel2l2a01.blob.core.windows.net/sentinel2-l2/35/M/RT/2025/02/20/S2B_MSIL2A_20250220T080859_N0511_R078_T35MRT_20250220T102720.SAFE/GRANULE/L2A_T35MRT_A041574_20250220T082908/IMG_DATA/R20m/T35MRT_20250220T080859_B12_20m.tif",
          "B8A": "https://sentinel2l2a01.blob.core.windows.net/sentinel2-l2/35/M/RT/2025/02/20/S2B_MSIL2A_20250220T080859_N0511_R078_T35MRT_20250220T102720.SAFE/GRANULE/L2A_T35MRT_A041574_20250220T082908/IMG_DATA/R20m/T35MRT_20250220T080859_B8A_20m.tif",
          "SCL": "https://sentinel2l2a01.blob.core.windows.net/sentinel2-l2/35/M/RT/2025/02/20/S2B_MSIL2A_20250220T080859_N0511_R078_T35MRT_20250220T102720.SAFE/GRANULE/L2A_T35MRT_A041574_20250220T082908/IMG_DATA/R20m/T35MRT_20250220T080859_SCL_20m.tif",
          "WVP": "https://sentinel2l2a01.blob.core.windows.net/sentinel2-l2/35/M/RT/2025/02/20/S2B_MSIL2A_20250220T080859_N0511_R078_T35MRT_20250220T102720.SAFE/GRANULE/L2A_T35MRT_A041574_20250220T082908/IMG_DATA/R10m/T35MRT_20250220T080859_WVP_10m.tif",
          "visual": "https://sentinel2l2a01.blob.core.windows.net/sentinel2-l2/35/M/RT/2025/02/20/S2B_MSIL2A_20250220T080859_N0511_R078_T35MRT_20250220T102720.SAFE/GRANULE/L2A_T35MRT_A041574_20250220T082908/IMG_DATA/R10m/T35MRT_20250220T080859_TCI_10m.tif",
          "safe-manifest": "https://sentinel2l2a01.blob.core.windows.net/sentinel2-l2/35/M/RT/2025/02/20/S2B_MSIL2A_20250220T080859_N0511_R078_T35MRT_20250220T102720.SAFE/manifest.safe",
          "granule-metadata": "https://sentinel2l2a01.blob.core.windows.net/sentinel2-l2/35/M/RT/2025/02/20/S2B_MSIL2A_20250220T080859_N0511_R078_T35MRT_20250220T102720.SAFE/GRANULE/L2A_T35MRT_A041574_20250220T082908/MTD_TL.xml",
          "inspire-metadata": "https://sentinel2l2a01.blob.core.windows.net/sentinel2-l2/35/M/RT/2025/02/20/S2B_MSIL2A_20250220T080859_N0511_R078_T35MRT_20250220T102720.SAFE/INSPIRE.xml",
          "product-metadata": "https://sentinel2l2a01.blob.core.windows.net/sentinel2-l2/35/M/RT/2025/02/20/S2B_MSIL2A_20250220T080859_N0511_R078_T35MRT_20250220T102720.SAFE/MTD_MSIL2A.xml",
          "datastrip-metadata": "https://sentinel2l2a01.blob.core.windows.net/sentinel2-l2/35/M/RT/2025/02/20/S2B_MSIL2A_20250220T080859_N0511_R078_T35MRT_20250220T102720.SAFE/DATASTRIP/DS_2BPS_20250220T102720_S20250220T082908/MTD_DS.xml",
          "tilejson": "https://planetarycomputer.microsoft.com/api/data/v1/item/tilejson.json?collection=sentinel-2-l2a&item=S2B_MSIL2A_20250220T080859_R078_T35MRT_20250220T102720&assets=visual&asset_bidx=visual%7C1%2C2%2C3&nodata=0&format=png",
          "rendered_preview": "https://planetarycomputer.microsoft.com/api/data/v1/item/preview.png?collection=sentinel-2-l2a&item=S2B_MSIL2A_20250220T080859_R078_T35MRT_20250220T102720&assets=visual&asset_bidx=visual%7C1%2C2%2C3&nodata=0&format=png"
        },
        "stac_properties": {
          "datetime": "2025-02-20T08:08:59.024000Z",
          "platform": "Sentinel-2B",
          "instruments": [
            "msi"
          ],
          "s2:mgrs_tile": "35MRT",
          "constellation": "Sentinel 2",
          "s2:granule_id": "S2B_OPER_MSI_L2A_TL_2BPS_20250220T102720_A041574_T35MRT_N05.11",
          "eo:cloud_cover": 2.971523,
          "s2:datatake_id": "GS2B_20250220T080859_041574_N05.11",
          "s2:product_uri": "S2B_MSIL2A_20250220T080859_N0511_R078_T35MRT_20250220T102720.SAFE",
          "s2:datastrip_id": "S2B_OPER_MSI_L2A_DS_2BPS_20250220T102720_S20250220T082908_N05.11",
          "s2:product_type": "S2MSI2A",
          "sat:orbit_state": "descending",
          "s2:datatake_type": "INS-NOBS",
          "s2:generation_time": "2025-02-20T10:27:20.000000Z",
          "sat:relative_orbit": 78,
          "s2:water_percentage": 2.585396,
          "s2:mean_solar_zenith": 26.6875037320055,
          "s2:mean_solar_azimuth": 109.678779641183,
          "s2:processing_baseline": "05.11",
          "s2:snow_ice_percentage": 0.0,
          "s2:vegetation_percentage": 65.170109,
          "s2:thin_cirrus_percentage": 0.335951,
          "s2:cloud_shadow_percentage": 2.372384,
          "s2:nodata_pixel_percentage": 0.0,
          "s2:unclassified_percentage": 0.5788,
          "s2:not_vegetated_percentage": 26.244536,
          "s2:degraded_msi_data_percentage": 0.0196,
          "s2:high_proba_clouds_percentage": 1.049595,
          "s2:reflectance_conversion_factor": 1.02468364925269,
          "s2:medium_proba_clouds_percentage": 1.585977,
          "s2:saturated_defective_pixel_percentage": 0.0,
          "proj:code": "EPSG:32735"
        }
      }
    },
    {
      "type": "Feature",
      "id": "S2B_MSIL2A_20250220T080859_R078_T35MRU_20250220T102720",
      "geometry": {
        "type": "Polygon",
        "coordinates": [
          [
            [
              29.6951767,
              -0.9033618
            ],
            [
              30.6804936,
              -0.9024912
            ],
            [
              30.68204,
              -1.8938167
            ],
            [
              29.6963105,
              -1.895644
            ],
            [
              29.6951767,
              -0.9033618
            ]
          ]
        ]
      },
      "properties": {
        "id": "S2B_MSIL2A_20250220T080859_R078_T35MRU_20250220T102720",
        "collection": "sentinel-2-l2a",
        "datetime": "2025-02-20T08:08:59.024000Z",
        "cloud_cover": 3.05427,
        "mgrs_tile": "35MRU",
        "assets": {
          "AOT": "https://sentinel2l2a01.blob.core.windows.net/sentinel2-l2/35/M/RU/2025/02/20/S2B_MSIL2A_20250220T080859_N0511_R078_T35MRU_20250220T102720.SAFE/GRANULE/L2A_T35MRU_A041574_20250220T082908/IMG_DATA/R10m/T35MRU_20250220T080859_AOT_10m.tif",
          "B01": "https://sentinel2l2a01.blob.core.windows.net/sentinel2-l2/35/M/RU/2025/02/20/S2B_MSIL2A_20250220T080859_N0511_R078_T35MRU_20250220T102720.SAFE/GRANULE/L2A_T35MRU_A041574_20250220T082908/IMG_DATA/R60m/T35MRU_20250220T080859_B01_60m.tif",
          "B02": "https://sentinel2l2a01.blob.core.windows.net/sentinel2-l2/35/M/RU/2025/02/20/S2B_MSIL2A_20250220T080859_N0511_R078_T35MRU_20250220T102720.SAFE/GRANULE/L2A_T35MRU_A041574_20250220T082908/IMG_DATA/R10m/T35MRU_20250220T080859_B02_10m.tif",
          "B03": "https://sentinel2l2a01.blob.core.windows.net/sentinel2-l2/35/M/RU/2025/02/20/S2B_MSIL2A_20250220T080859_N0511_R078_T35MRU_20250220T102720.SAFE/GRANULE/L2A_T35MRU_A041574_20250220T082908/IMG_DATA/R10m/T35MRU_20250220T080859_B03_10m.tif",
          "B04": "https://sentinel2l2a01.blob.core.windows.net/sentinel2-l2/35/M/RU/2025/02/20/S2B_MSIL2A_20250220T080859_N0511_R078_T35MRU_20250220T102720.SAFE/GRANULE/L2A_T35MRU_A041574_20250220T082908/IMG_DATA/R10m/T35MRU_20250220T080859_B04_10m.tif",
          "B05": "https://sentinel2l2a01.blob.core.windows.net/sentinel2-l2/35/M/RU/2025/02/20/S2B_MSIL2A_20250220T080859_N0511_R078_T35MRU_20250220T102720.SAFE/GRANULE/L2A_T35MRU_A041574_20250220T082908/IMG_DATA/R20m/T35MRU_20250220T080859_B05_20m.tif",
          "B06": "https://sentinel2l2a01.blob.core.windows.net/sentinel2-l2/35/M/RU/2025/02/20/S2B_MSIL2A_20250220T080859_N0511_R078_T35MRU_20250220T102720.SAFE/GRANULE/L2A_T35MRU_A041574_20250220T082908/IMG_DATA/R20m/T35MRU_20250220T080859_B06_20m.tif",
          "B07": "https://sentinel2l2a01.blob.core.windows.net/sentinel2-l2/35/M/RU/2025/02/20/S2B_MSIL2A_20250220T080859_N0511_R078_T35MRU_20250220T102720.SAFE/GRANULE/L2A_T35MRU_A041574_20250220T082908/IMG_DATA/R20m/T35MRU_20250220T080859_B07_20m.tif",
          "B08": "https://sentinel2l2a01.blob.core.windows.net/sentinel2-l2/35/M/RU/2025/02/20/S2B_MSIL2A_20250220T080859_N0511_R078_T35MRU_20250220T102720.SAFE/GRANULE/L2A_T35MRU_A041574_20250220T082908/IMG_DATA/R10m/T35MRU_20250220T080859_B08_10m.tif",
          "B09": "https://sentinel2l2a01.blob.core.windows.net/sentinel2-l2/35/M/RU/2025/02/20/S2B_MSIL2A_20250220T080859_N0511_R078_T35MRU_20250220T102720.SAFE/GRANULE/L2A_T35MRU_A041574_20250220T082908/IMG_DATA/R60m/T35MRU_20250220T080859_B09_60m.tif",
          "B11": "https://sentinel2l2a01.blob.core.windows.net/sentinel2-l2/35/M/RU/2025/02/20/S2B_MSIL2A_20250220T080859_N0511_R078_T35MRU_20250220T102720.SAFE/GRANULE/L2A_T35MRU_A041574_20250220T082908/IMG_DATA/R20m/T35MRU_20250220T080859_B11_20m.tif",
          "B12": "https://sentinel2l2a01.blob.core.windows.net/sentinel2-l2/35/M/RU/2025/02/20/S2B_MSIL2A_20250220T080859_N0511_R078_T35MRU_20250220T102720.SAFE/GRANULE/L2A_T35MRU_A041574_20250220T082908/IMG_DATA/R20m/T35MRU_20250220T080859_B12_20m.tif",
          "B8A": "https://sentinel2l2a01.blob.core.windows.net/sentinel2-l2/35/M/RU/2025/02/20/S2B_MSIL2A_20250220T080859_N0511_R078_T35MRU_20250220T102720.SAFE/GRANULE/L2A_T35MRU_A041574_20250220T082908/IMG_DATA/R20m/T35MRU_20250220T080859_B8A_20m.tif",
          "SCL": "https://sentinel2l2a01.blob.core.windows.net/sentinel2-l2/35/M/RU/2025/02/20/S2B_MSIL2A_20250220T080859_N0511_R078_T35MRU_20250220T102720.SAFE/GRANULE/L2A_T35MRU_A041574_20250220T082908/IMG_DATA/R20m/T35MRU_20250220T080859_SCL_20m.tif",
          "WVP": "https://sentinel2l2a01.blob.core.windows.net/sentinel2-l2/35/M/RU/2025/02/20/S2B_MSIL2A_20250220T080859_N0511_R078_T35MRU_20250220T102720.SAFE/GRANULE/L2A_T35MRU_A041574_20250220T082908/IMG_DATA/R10m/T35MRU_20250220T080859_WVP_10m.tif",
          "visual": "https://sentinel2l2a01.blob.core.windows.net/sentinel2-l2/35/M/RU/2025/02/20/S2B_MSIL2A_20250220T080859_N0511_R078_T35MRU_20250220T102720.SAFE/GRANULE/L2A_T35MRU_A041574_20250220T082908/IMG_DATA/R10m/T35MRU_20250220T080859_TCI_10m.tif",
          "safe-manifest": "https://sentinel2l2a01.blob.core.windows.net/sentinel2-l2/35/M/RU/2025/02/20/S2B_MSIL2A_20250220T080859_N0511_R078_T35MRU_20250220T102720.SAFE/manifest.safe",
          "granule-metadata": "https://sentinel2l2a01.blob.core.windows.net/sentinel2-l2/35/M/RU/2025/02/20/S2B_MSIL2A_20250220T080859_N0511_R078_T35MRU_20250220T102720.SAFE/GRANULE/L2A_T35MRU_A041574_20250220T082908/MTD_TL.xml",
          "inspire-metadata": "https://sentinel2l2a01.blob.core.windows.net/sentinel2-l2/35/M/RU/2025/02/20/S2B_MSIL2A_20250220T080859_N0511_R078_T35MRU_20250220T102720.SAFE/INSPIRE.xml",
          "product-metadata": "https://sentinel2l2a01.blob.core.windows.net/sentinel2-l2/35/M/RU/2025/02/20/S2B_MSIL2A_20250220T080859_N0511_R078_T35MRU_20250220T102720.SAFE/MTD_MSIL2A.xml",
          "datastrip-metadata": "https://sentinel2l2a01.blob.core.windows.net/sentinel2-l2/35/M/RU/2025/02/20/S2B_MSIL2A_20250220T080859_N0511_R078_T35MRU_20250220T102720.SAFE/DATASTRIP/DS_2BPS_20250220T102720_S20250220T082908/MTD_DS.xml",
          "tilejson": "https://planetarycomputer.microsoft.com/api/data/v1/item/tilejson.json?collection=sentinel-2-l2a&item=S2B_MSIL2A_20250220T080859_R078_T35MRU_20250220T102720&assets=visual&asset_bidx=visual%7C1%2C2%2C3&nodata=0&format=png",
          "rendered_preview": "https://planetarycomputer.microsoft.com/api/data/v1/item/preview.png?collection=sentinel-2-l2a&item=S2B_MSIL2A_20250220T080859_R078_T35MRU_20250220T102720&assets=visual&asset_bidx=visual%7C1%2C2%2C3&nodata=0&format=png"
        },
        "stac_properties": {
          "datetime": "2025-02-20T08:08:59.024000Z",
          "platform": "Sentinel-2B",
          "instruments": [
            "msi"
          ],
          "s2:mgrs_tile": "35MRU",
          "constellation": "Sentinel 2",
          "s2:granule_id": "S2B_OPER_MSI_L2A_TL_2BPS_20250220T102720_A041574_T35MRU_N05.11",
          "eo:cloud_cover": 3.05427,
          "s2:datatake_id": "GS2B_20250220T080859_041574_N05.11",
          "s2:product_uri": "S2B_MSIL2A_20250220T080859_N0511_R078_T35MRU_20250220T102720.SAFE",
          "s2:datastrip_id": "S2B_OPER_MSI_L2A_DS_2BPS_20250220T102720_S20250220T082908_N05.11",
          "s2:product_type": "S2MSI2A",
          "sat:orbit_state": "descending",
          "s2:datatake_type": "INS-NOBS",
          "s2:generation_time": "2025-02-20T10:27:20.000000Z",
          "sat:relative_orbit": 78,
          "s2:water_percentage": 1.606345,
          "s2:mean_solar_zenith": 27.0625643377233,
          "s2:mean_solar_azimuth": 111.307907806632,
          "s2:processing_baseline": "05.11",
          "s2:snow_ice_percentage": 0.0,
          "s2:vegetation_percentage": 68.238193,
          "s2:thin_cirrus_percentage": 0.001457,
          "s2:cloud_shadow_percentage": 2.574112,
          "s2:nodata_pixel_percentage": 0.0,
          "s2:unclassified_percentage": 0.353373,
          "s2:not_vegetated_percentage": 24.106997,
          "s2:degraded_msi_data_percentage": 0.0171,
          "s2:high_proba_clouds_percentage": 1.50386,
          "s2:reflectance_conversion_factor": 1.02468364925269,
          "s2:medium_proba_clouds_percentage": 1.548953,
          "s2:saturated_defective_pixel_percentage": 0.0,
          "proj:code": "EPSG:32735"
        }
      }
    },
    {
      "type": "Feature",
      "id": "S2A_MSIL2A_20250806T082511_R078_T35MRT_20250806T102913",
      "geometry": {
        "type": "Polygon",
        "coordinates": [
          [
            [
              29.6961769,
              -1.8072608
            ],
            [
              30.6818577,
              -1.8055187
            ],
            [
              30.684405,
              -2.796832
            ],
            [
              29.6980446,
              -2.7995317
            ],
            [
              29.6961769,
              -1.8072608
            ]
          ]
        ]
      },
      "properties": {
        "id": "S2A_MSIL2A_20250806T082511_R078_T35MRT_20250806T102913",
        "collection": "sentinel-2-l2a",
        "datetime": "2025-08-06T08:25:11.024000Z",
        "cloud_cover": 2.845621,
        "mgrs_tile": "35MRT",
        "assets": {
          "AOT": "https://sentinel2l2a01.blob.core.windows.net/sentinel2-l2/35/M/RT/2025/08/06/S2A_MSIL2A_20250806T082511_N0511_R078_T35MRT_20250806T102913.SAFE/GRANULE/L2A_T35MRT_A052871_20250806T082512/IMG_DATA/R10m/T35MRT_20250806T082511_AOT_10m.tif",
          "B01": "https://sentinel2l2a01.blob.core.windows.net/sentinel2-l2/35/M/RT/2025/08/06/S2A_MSIL2A_20250806T082511_N0511_R078_T35MRT_20250806T102913.SAFE/GRANULE/L2A_T35MRT_A052871_20250806T082512/IMG_DATA/R60m/T35MRT_20250806T082511_B01_60m.tif",
          "B02": "https://sentinel2l2a01.blob.core.windows.net/sentinel2-l2/35/M/RT/2025/08/06/S2A_MSIL2A_20250806T082511_N0511_R078_T35MRT_20250806T102913.SAFE/GRANULE/L2A_T35MRT_A052871_20250806T082512/IMG_DATA/R10m/T35MRT_20250806T082511_B02_10m.tif",
          "B03": "https://sentinel2l2a01.blob.core.windows.net/sentinel2-l2/35/M/RT/2025/08/06/S2A_MSIL2A_20250806T082511_N0511_R078_T35MRT_20250806T102913.SAFE/GRANULE/L2A_T35MRT_A052871_20250806T082512/IMG_DATA/R10m/T35MRT_20250806T082511_B03_10m.tif",
          "B04": "https://sentinel2l2a01.blob.core.windows.net/sentinel2-l2/35/M/RT/2025/08/06/S2A_MSIL2A_20250806T082511_N0511_R078_T35MRT_20250806T102913.SAFE/GRANULE/L2A_T35MRT_A052871_20250806T082512/IMG_DATA/R10m/T35MRT_20250806T082511_B04_10m.tif",
          "B05": "https://sentinel2l2a01.blob.core.windows.net/sentinel2-l2/35/M/RT/2025/08/06/S2A_MSIL2A_20250806T082511_N0511_R078_T35MRT_20250806T102913.SAFE/GRANULE/L2A_T35MRT_A052871_20250806T082512/IMG_DATA/R20m/T35MRT_20250806T082511_B05_20m.tif",
          "B06": "https://sentinel2l2a01.blob.core.windows.net/sentinel2-l2/35/M/RT/2025/08/06/S2A_MSIL2A_20250806T082511_N0511_R078_T35MRT_20250806T102913.SAFE/GRANULE/L2A_T35MRT_A052871_20250806T082512/IMG_DATA/R20m/T35MRT_20250806T082511_B06_20m.tif",
          "B07": "https://sentinel2l2a01.blob.core.windows.net/sentinel2-l2/35/M/RT/2025/08/06/S2A_MSIL2A_20250806T082511_N0511_R078_T35MRT_20250806T102913.SAFE/GRANULE/L2A_T35MRT_A052871_20250806T082512/IMG_DATA/R20m/T35MRT_20250806T082511_B07_20m.tif",
          "B08": "https://sentinel2l2a01.blob.core.windows.net/sentinel2-l2/35/M/RT/2025/08/06/S2A_MSIL2A_20250806T082511_N0511_R078_T35MRT_20250806T102913.SAFE/GRANULE/L2A_T35MRT_A052871_20250806T082512/IMG_DATA/R10m/T35MRT_20250806T082511_B08_10m.tif",
          "B09": "https://sentinel2l2a01.blob.core.windows.net/sentinel2-l2/35/M/RT/2025/08/06/S2A_MSIL2A_20250806T082511_N0511_R078_T35MRT_20250806T102913.SAFE/GRANULE/L2A_T35MRT_A052871_20250806T082512/IMG_DATA/R60m/T35MRT_20250806T082511_B09_60m.tif",
          "B11": "https://sentinel2l2a01.blob.core.windows.net/sentinel2-l2/35/M/RT/2025/08/06/S2A_MSIL2A_20250806T082511_N0511_R078_T35MRT_20250806T102913.SAFE/GRANULE/L2A_T35MRT_A052871_20250806T082512/IMG_DATA/R20m/T35MRT_20250806T082511_B11_20m.tif",
          "B12": "https://sentinel2l2a01.blob.core.windows.net/sentinel2-l2/35/M/RT/2025/08/06/S2A_MSIL2A_20250806T082511_N0511_R078_T35MRT_20250806T102913.SAFE/GRANULE/L2A_T35MRT_A052871_20250806T082512/IMG_DATA/R20m/T35MRT_20250806T082511_B12_20m.tif",
          "B8A": "https://sentinel2l2a01.blob.core.windows.net/sentinel2-l2/35/M/RT/2025/08/06/S2A_MSIL2A_20250806T082511_N0511_R078_T35MRT_20250806T102913.SAFE/GRANULE/L2A_T35MRT_A052871_20250806T082512/IMG_DATA/R20m/T35MRT_20250806T082511_B8A_20m.tif",
          "SCL": "https://sentinel2l2a01.blob.core.windows.net/sentinel2-l2/35/M/RT/2025/08/06/S2A_MSIL2A_20250806T082511_N0511_R078_T35MRT_20250806T102913.SAFE/GRANULE/L2A_T35MRT_A052871_20250806T082512/IMG_DATA/R20m/T35MRT_20250806T082511_SCL_20m.tif",
          "WVP": "https://sentinel2l2a01.blob.core.windows.net/sentinel2-l2/35/M/RT/2025/08/06/S2A_MSIL2A_20250806T082511_N0511_R078_T35MRT_20250806T102913.SAFE/GRANULE/L2A_T35MRT_A052871_20250806T082512/IMG_DATA/R10m/T35MRT_20250806T082511_WVP_10m.tif",
          "visual": "https://sentinel2l2a01.blob.core.windows.net/sentinel2-l2/35/M/RT/2025/08/06/S2A_MSIL2A_20250806T082511_N0511_R078_T35MRT_20250806T102913.SAFE/GRANULE/L2A_T35MRT_A052871_20250806T082512/IMG_DATA/R10m/T35MRT_20250806T082511_TCI_10m.tif",
          "safe-manifest": "https://sentinel2l2a01.blob.core.windows.net/sentinel2-l2/35/M/RT/2025/08/06/S2A_MSIL2A_20250806T082511_N0511_R078_T35MRT_20250806T102913.SAFE/manifest.safe",
          "granule-metadata": "https://sentinel2l2a01.blob.core.windows.net/sentinel2-l2/35/M/RT/2025/08/06/S2A_MSIL2A_20250806T082511_N0511_R078_T35MRT_20250806T102913.SAFE/GRANULE/L2A_T35MRT_A052871_20250806T082512/MTD_TL.xml",
          "inspire-metadata": "https://sentinel2l2a01.blob.core.windows.net/sentinel2-l2/35/M/RT/2025/08/06/S2A_MSIL2A_20250806T082511_N0511_R078_T35MRT_20250806T102913.SAFE/INSPIRE.xml",
          "product-metadata": "https://sentinel2l2a01.blob.core.windows.net/sentinel2-l2/35/M/RT/2025/08/06/S2A_MSIL2A_20250806T082511_N0511_R078_T35MRT_20250806T102913.SAFE/MTD_MSIL2A.xml",
          "datastrip-metadata": "https://sentinel2l2a01.blob.core.windows.net/sentinel2-l2/35/M/RT/2025/08/06/S2A_MSIL2A_20250806T082511_N0511_R078_T35MRT_20250806T102913.SAFE/DATASTRIP/DS_2APS_20250806T102913_S20250806T082512/MTD_DS.xml",
          "tilejson": "https://planetarycomputer.microsoft.com/api/data/v1/item/tilejson.json?collection=sentinel-2-l2a&item=S2A_MSIL2A_20250806T082511_R078_T35MRT_20250806T102913&assets=visual&asset_bidx=visual%7C1%2C2%2C3&nodata=0&format=png",
          "rendered_preview": "https://planetarycomputer.microsoft.com/api/data/v1/item/preview.png?collection=sentinel-2-l2a&item=S2A_MSIL2A_20250806T082511_R078_T35MRT_20250806T102913&assets=visual&asset_bidx=visual%7C1%2C2%2C3&nodata=0&format=png"
        },
        "stac_properties": {
          "datetime": "2025-08-06T08:25:11.024000Z",
          "platform": "Sentinel-2A",
          "instruments": [
            "msi"
          ],
          "s2:mgrs_tile": "35MRT",
          "constellation": "Sentinel 2",
          "s2:granule_id": "S2A_OPER_MSI_L2A_TL_2APS_20250806T102913_A052871_T35MRT_N05.11",
          "eo:cloud_cover": 2.845621,
          "s2:datatake_id": "GS2A_20250806T082511_052871_N05.11",
          "s2:product_uri": "S2A_MSIL2A_20250806T082511_N0511_R078_T35MRT_20250806T102913.SAFE",
          "s2:datastrip_id": "S2A_OPER_MSI_L2A_DS_2APS_20250806T102913_S20250806T082512_N05.11",
          "s2:product_type": "S2MSI2A",
          "sat:orbit_state": "descending",
          "s2:datatake_type": "INS-NOBS",
          "s2:generation_time": "2025-08-06T10:29:13.000000Z",
          "sat:relative_orbit": 78,
          "s2:water_percentage": 2.64519,
          "s2:mean_solar_zenith": 29.9302173448381,
          "s2:mean_solar_azimuth": 50.0330153062064,
          "s2:processing_baseline": "05.11",
          "s2:snow_ice_percentage": 0.0,
          "s2:vegetation_percentage": 25.912139,
          "s2:thin_cirrus_percentage": 0.012193,
          "s2:cloud_shadow_percentage": 0.811202,
          "s2:nodata_pixel_percentage": 0.0,
          "s2:unclassified_percentage": 1.492291,
          "s2:not_vegetated_percentage": 66.206282,
          "s2:degraded_msi_data_percentage": 0.0215,
          "s2:high_proba_clouds_percentage": 1.023487,
          "s2:reflectance_conversion_factor": 0.971144526107921,
          "s2:medium_proba_clouds_percentage": 1.809941,
          "s2:saturated_defective_pixel_percentage": 0.0,
          "proj:code": "EPSG:32735"
        }
      }
    },
    {
      "type": "Feature",
      "id": "S2A_MSIL2A_20250806T082511_R078_T35MRU_20250806T102913",
      "geometry": {
        "type": "Polygon",
        "coordinates": [
          [
            [
              29.6951767,
              -0.9033618
            ],
            [
              30.6804936,
              -0.9024912
            ],
            [
              30.68204,
              -1.8938167
            ],
            [
              29.6963105,
              -1.895644
            ],
            [
              29.6951767,
              -0.9033618
            ]
          ]
        ]
      },
      "properties": {
        "id": "S2A_MSIL2A_20250806T082511_R078_T35MRU_20250806T102913",
        "collection": "sentinel-2-l2a",
        "datetime": "2025-08-06T08:25:11.024000Z",
        "cloud_cover": 3.30978,
        "mgrs_tile": "35MRU",
        "assets": {
          "AOT": "https://sentinel2l2a01.blob.core.windows.net/sentinel2-l2/35/M/RU/2025/08/06/S2A_MSIL2A_20250806T082511_N0511_R078_T35MRU_20250806T102913.SAFE/GRANULE/L2A_T35MRU_A052871_20250806T082512/IMG_DATA/R10m/T35MRU_20250806T082511_AOT_10m.tif",
          "B01": "https://sentinel2l2a01.blob.core.windows.net/sentinel2-l2/35/M/RU/2025/08/06/S2A_MSIL2A_20250806T082511_N0511_R078_T35MRU_20250806T102913.SAFE/GRANULE/L2A_T35MRU_A052871_20250806T082512/IMG_DATA/R60m/T35MRU_20250806T082511_B01_60m.tif",
          "B02": "https://sentinel2l2a01.blob.core.windows.net/sentinel2-l2/35/M/RU/2025/08/06/S2A_MSIL2A_20250806T082511_N0511_R078_T35MRU_20250806T102913.SAFE/GRANULE/L2A_T35MRU_A052871_20250806T082512/IMG_DATA/R10m/T35MRU_20250806T082511_B02_10m.tif",
          "B03": "https://sentinel2l2a01.blob.core.windows.net/sentinel2-l2/35/M/RU/2025/08/06/S2A_MSIL2A_20250806T082511_N0511_R078_T35MRU_20250806T102913.SAFE/GRANULE/L2A_T35MRU_A052871_20250806T082512/IMG_DATA/R10m/T35MRU_20250806T082511_B03_10m.tif",
          "B04": "https://sentinel2l2a01.blob.core.windows.net/sentinel2-l2/35/M/RU/2025/08/06/S2A_MSIL2A_20250806T082511_N0511_R078_T35MRU_20250806T102913.SAFE/GRANULE/L2A_T35MRU_A052871_20250806T082512/IMG_DATA/R10m/T35MRU_20250806T082511_B04_10m.tif",
          "B05": "https://sentinel2l2a01.blob.core.windows.net/sentinel2-l2/35/M/RU/2025/08/06/S2A_MSIL2A_20250806T082511_N0511_R078_T35MRU_20250806T102913.SAFE/GRANULE/L2A_T35MRU_A052871_20250806T082512/IMG_DATA/R20m/T35MRU_20250806T082511_B05_20m.tif",
          "B06": "https://sentinel2l2a01.blob.core.windows.net/sentinel2-l2/35/M/RU/2025/08/06/S2A_MSIL2A_20250806T082511_N0511_R078_T35MRU_20250806T102913.SAFE/GRANULE/L2A_T35MRU_A052871_20250806T082512/IMG_DATA/R20m/T35MRU_20250806T082511_B06_20m.tif",
          "B07": "https://sentinel2l2a01.blob.core.windows.net/sentinel2-l2/35/M/RU/2025/08/06/S2A_MSIL2A_20250806T082511_N0511_R078_T35MRU_20250806T102913.SAFE/GRANULE/L2A_T35MRU_A052871_20250806T082512/IMG_DATA/R20m/T35MRU_20250806T082511_B07_20m.tif",
          "B08": "https://sentinel2l2a01.blob.core.windows.net/sentinel2-l2/35/M/RU/2025/08/06/S2A_MSIL2A_20250806T082511_N0511_R078_T35MRU_20250806T102913.SAFE/GRANULE/L2A_T35MRU_A052871_20250806T082512/IMG_DATA/R10m/T35MRU_20250806T082511_B08_10m.tif",
          "B09": "https://sentinel2l2a01.blob.core.windows.net/sentinel2-l2/35/M/RU/2025/08/06/S2A_MSIL2A_20250806T082511_N0511_R078_T35MRU_20250806T102913.SAFE/GRANULE/L2A_T35MRU_A052871_20250806T082512/IMG_DATA/R60m/T35MRU_20250806T082511_B09_60m.tif",
          "B11": "https://sentinel2l2a01.blob.core.windows.net/sentinel2-l2/35/M/RU/2025/08/06/S2A_MSIL2A_20250806T082511_N0511_R078_T35MRU_20250806T102913.SAFE/GRANULE/L2A_T35MRU_A052871_20250806T082512/IMG_DATA/R20m/T35MRU_20250806T082511_B11_20m.tif",
          "B12": "https://sentinel2l2a01.blob.core.windows.net/sentinel2-l2/35/M/RU/2025/08/06/S2A_MSIL2A_20250806T082511_N0511_R078_T35MRU_20250806T102913.SAFE/GRANULE/L2A_T35MRU_A052871_20250806T082512/IMG_DATA/R20m/T35MRU_20250806T082511_B12_20m.tif",
          "B8A": "https://sentinel2l2a01.blob.core.windows.net/sentinel2-l2/35/M/RU/2025/08/06/S2A_MSIL2A_20250806T082511_N0511_R078_T35MRU_20250806T102913.SAFE/GRANULE/L2A_T35MRU_A052871_20250806T082512/IMG_DATA/R20m/T35MRU_20250806T082511_B8A_20m.tif",
          "SCL": "https://sentinel2l2a01.blob.core.windows.net/sentinel2-l2/35/M/RU/2025/08/06/S2A_MSIL2A_20250806T082511_N0511_R078_T35MRU_20250806T102913.SAFE/GRANULE/L2A_T35MRU_A052871_20250806T082512/IMG_DATA/R20m/T35MRU_20250806T082511_SCL_20m.tif",
          "WVP": "https://sentinel2l2a01.blob.core.windows.net/sentinel2-l2/35/M/RU/2025/08/06/S2A_MSIL2A_20250806T082511_N0511_R078_T35MRU_20250806T102913.SAFE/GRANULE/L2A_T35MRU_A052871_20250806T082512/IMG_DATA/R10m/T35MRU_20250806T082511_WVP_10m.tif",
          "visual": "https://sentinel2l2a01.blob.core.windows.net/sentinel2-l2/35/M/RU/2025/08/06/S2A_MSIL2A_20250806T082511_N0511_R078_T35MRU_20250806T102913.SAFE/GRANULE/L2A_T35MRU_A052871_20250806T082512/IMG_DATA/R10m/T35MRU_20250806T082511_TCI_10m.tif",
          "safe-manifest": "https://sentinel2l2a01.blob.core.windows.net/sentinel2-l2/35/M/RU/2025/08/06/S2A_MSIL2A_20250806T082511_N0511_R078_T35MRU_20250806T102913.SAFE/manifest.safe",
          "granule-metadata": "https://sentinel2l2a01.blob.core.windows.net/sentinel2-l2/35/M/RU/2025/08/06/S2A_MSIL2A_20250806T082511_N0511_R078_T35MRU_20250806T102913.SAFE/GRANULE/L2A_T35MRU_A052871_20250806T082512/MTD_TL.xml",
          "inspire-metadata": "https://sentinel2l2a01.blob.core.windows.net/sentinel2-l2/35/M/RU/2025/08/06/S2A_MSIL2A_20250806T082511_N0511_R078_T35MRU_20250806T102913.SAFE/INSPIRE.xml",
          "product-metadata": "https://sentinel2l2a01.blob.core.windows.net/sentinel2-l2/35/M/RU/2025/08/06/S2A_MSIL2A_20250806T082511_N0511_R078_T35MRU_20250806T102913.SAFE/MTD_MSIL2A.xml",
          "datastrip-metadata": "https://sentinel2l2a01.blob.core.windows.net/sentinel2-l2/35/M/RU/2025/08/06/S2A_MSIL2A_20250806T082511_N0511_R078_T35MRU_20250806T102913.SAFE/DATASTRIP/DS_2APS_20250806T102913_S20250806T082512/MTD_DS.xml",
          "tilejson": "https://planetarycomputer.microsoft.com/api/data/v1/item/tilejson.json?collection=sentinel-2-l2a&item=S2A_MSIL2A_20250806T082511_R078_T35MRU_20250806T102913&assets=visual&asset_bidx=visual%7C1%2C2%2C3&nodata=0&format=png",
          "rendered_preview": "https://planetarycomputer.microsoft.com/api/data/v1/item/preview.png?collection=sentinel-2-l2a&item=S2A_MSIL2A_20250806T082511_R078_T35MRU_20250806T102913&assets=visual&asset_bidx=visual%7C1%2C2%2C3&nodata=0&format=png"
        },
        "stac_properties": {
          "datetime": "2025-08-06T08:25:11.024000Z",
          "platform": "Sentinel-2A",
          "instruments": [
            "msi"
          ],
          "s2:mgrs_tile": "35MRU",
          "constellation": "Sentinel 2",
          "s2:granule_id": "S2A_OPER_MSI_L2A_TL_2APS_20250806T102913_A052871_T35MRU_N05.11",
          "eo:cloud_cover": 3.30978,
          "s2:datatake_id": "GS2A_20250806T082511_052871_N05.11",
          "s2:product_uri": "S2A_MSIL2A_20250806T082511_N0511_R078_T35MRU_20250806T102913.SAFE",
          "s2:datastrip_id": "S2A_OPER_MSI_L2A_DS_2APS_20250806T102913_S20250806T082512_N05.11",
          "s2:product_type": "S2MSI2A",
          "sat:orbit_state": "descending",
          "s2:datatake_type": "INS-NOBS",
          "s2:generation_time": "2025-08-06T10:29:13.000000Z",
          "sat:relative_orbit": 78,
          "s2:water_percentage": 1.523386,
          "s2:mean_solar_zenith": 29.4062187066255,
          "s2:mean_solar_azimuth": 51.3318532932969,
          "s2:processing_baseline": "05.11",
          "s2:snow_ice_percentage": 0.0,
          "s2:vegetation_percentage": 38.449946,
          "s2:thin_cirrus_percentage": 0.048371,
          "s2:cloud_shadow_percentage": 1.800478,
          "s2:nodata_pixel_percentage": 0.0,
          "s2:unclassified_percentage": 2.113016,
          "s2:not_vegetated_percentage": 52.119231,
          "s2:degraded_msi_data_percentage": 0.0217,
          "s2:high_proba_clouds_percentage": 1.450961,
          "s2:reflectance_conversion_factor": 0.971144526107921,
          "s2:medium_proba_clouds_percentage": 1.810449,
          "s2:saturated_defective_pixel_percentage": 0.0,
          "proj:code": "EPSG:32735"
        }
      }
    }
  ]
}