{"type": "FeatureCollection", "name": "self_supervised_review_patches", "features": [{"type": "Feature", "id": "training_2023_20230716_20230714_r000_c000_00000", "properties": {"patch_id": "training_2023_20230716_20230714_r000_c000_00000", "training_tag": "training_2023_20230716_20230714", "year": 2023, "split": "train", "cluster_id": 2, "dominant_interpretation": "vegetation", "weak_source_fraction": 0.593518, "anomaly_score": 0.667537, "review_priority": "weak_support_review", "review_reason": "mixed or weak-source support", "area_m2": 1638400.0}, "geometry": {"type": "Polygon", "coordinates": [[[29.971674588, -1.85399072], [29.983167969, -1.853971259], [29.983187407, -1.865535899], [29.971693952, -1.865555482], [29.971674588, -1.85399072]]]}}, {"type": "Feature", "id": "training_2023_20230716_20230714_r000_c001_00001", "properties": {"patch_id": "training_2023_20230716_20230714_r000_c001_00001", "training_tag": "training_2023_20230716_20230714", "year": 2023, "split": "train", "cluster_id": 8, "dominant_interpretation": "built_up", "weak_source_fraction": 0.81058, "anomaly_score": 0.121124, "review_priority": "embedding_supported", "review_reason": "embedding cluster has compatible weak-source interpretation", "area_m2": 1638400.0}, "geometry": {"type": "Polygon", "coordinates": [[[29.983167969, -1.853971259], [29.994661228, -1.853951724], [29.994680741, -1.865516242], [29.983187407, -1.865535899], [29.983167969, -1.853971259]]]}}, {"type": "Feature", "id": "training_2023_20230716_20230714_r000_c003_00003", "properties": {"patch_id": "training_2023_20230716_20230714_r000_c003_00003", "training_tag": "training_2023_20230716_20230714", "year": 2023, "split": "train", "cluster_id": 8, "dominant_interpretation": "built_up", "weak_source_fraction": 0.928253, "anomaly_score": 0.355478, "review_priority": "embedding_supported", "review_reason": "embedding cluster has compatible weak-source interpretation", "area_m2": 1638400.0}, "geometry": {"type": "Polygon", "coordinates": [[[30.006154366, -1.853932113], [30.017647381, -1.853912428], [30.017667044, -1.865476701], [30.006173953, -1.865496509], [30.006154366, -1.853932113]]]}}, {"type": "Feature", "id": "training_2023_20230716_20230714_r000_c014_00009", "properties": {"patch_id": "training_2023_20230716_20230714_r000_c014_00009", "training_tag": "training_2023_20230716_20230714", "year": 2023, "split": "train", "cluster_id": 2, "dominant_interpretation": "built_up", "weak_source_fraction": 0.939968, "anomaly_score": 0.381822, "review_priority": "embedding_supported", "review_reason": "embedding cluster has compatible weak-source interpretation", "area_m2": 1638400.0}, "geometry": {"type": "Polygon", "coordinates": [[[30.132570726, -1.85371146], [30.144062369, -1.853690952], [30.144082852, -1.865253843], [30.132591135, -1.865274479], [30.132570726, -1.85371146]]]}}, {"type": "Feature", "id": "training_2023_20230716_20230714_r001_c001_00010", "properties": {"patch_id": "training_2023_20230716_20230714_r001_c001_00010", "training_tag": "training_2023_20230716_20230714", "year": 2023, "split": "train", "cluster_id": 8, "dominant_interpretation": "built_up", "weak_source_fraction": 0.970827, "anomaly_score": 0.117226, "review_priority": "embedding_supported", "review_reason": "embedding cluster has compatible weak-source interpretation", "area_m2": 1638400.0}, "geometry": {"type": "Polygon", "coordinates": [[[29.983187407, -1.865535899], [29.994680741, -1.865516242], [29.994700375, -1.877080759], [29.983206966, -1.877100538], [29.983187407, -1.865535899]]]}}, {"type": "Feature", "id": "training_2023_20230716_20230714_r001_c002_00011", "properties": {"patch_id": "training_2023_20230716_20230714_r001_c002_00011", "training_tag": "training_2023_20230716_20230714", "year": 2023, "split": "train", "cluster_id": 8, "dominant_interpretation": "built_up", "weak_source_fraction": 0.965997, "anomaly_score": 0.043245, "review_priority": "embedding_supported", "review_reason": "embedding cluster has compatible weak-source interpretation", "area_m2": 1638400.0}, "geometry": {"type": "Polygon", "coordinates": [[[29.994680741, -1.865516242], [30.006173953, -1.865496509], [30.006193663, -1.877060903], [29.994700375, -1.877080759], [29.994680741, -1.865516242]]]}}, {"type": "Feature", "id": "training_2023_20230716_20230714_r001_c006_00012", "properties": {"patch_id": "training_2023_20230716_20230714_r001_c006_00012", "training_tag": "training_2023_20230716_20230714", "year": 2023, "split": "train", "cluster_id": 1, "dominant_interpretation": "vegetation", "weak_source_fraction": 0.909596, "anomaly_score": 0.29348, "review_priority": "embedding_supported", "review_reason": "embedding cluster has compatible weak-source interpretation", "area_m2": 1638400.0}, "geometry": {"type": "Polygon", "coordinates": [[[30.040652857, -1.865436859], [30.052145578, -1.865416825], [30.052165588, -1.876980725], [30.040672791, -1.877000883], [30.040652857, -1.865436859]]]}}, {"type": "Feature", "id": "training_2023_20230716_20230714_r001_c008_00013", "properties": {"patch_id": "training_2023_20230716_20230714_r001_c008_00013", "training_tag": "training_2023_20230716_20230714", "year": 2023, "split": "train", "cluster_id": 2, "dominant_interpretation": "built_up", "weak_source_fraction": 0.53735, "anomaly_score": 0.014648, "review_priority": "weak_support_review", "review_reason": "mixed or weak-source support", "area_m2": 1638400.0}, "geometry": {"type": "Polygon", "coordinates": [[[30.063638176, -1.865396716], [30.075130649, -1.865376531], [30.075150809, -1.876940181], [30.063658261, -1.876960491], [30.063638176, -1.865396716]]]}}, {"type": "Feature", "id": "training_2023_20230716_20230714_r001_c009_00014", "properties": {"patch_id": "training_2023_20230716_20230714_r001_c009_00014", "training_tag": "training_2023_20230716_20230714", "year": 2023, "split": "train", "cluster_id": 1, "dominant_interpretation": "vegetation", "weak_source_fraction": 0.998376, "anomaly_score": 0.139856, "review_priority": "embedding_supported", "review_reason": "embedding cluster has compatible weak-source interpretation", "area_m2": 1638400.0}, "geometry": {"type": "Polygon", "coordinates": [[[30.075130649, -1.865376531], [30.086622998, -1.865356271], [30.086643233, -1.876919795], [30.075150809, -1.876940181], [30.075130649, -1.865376531]]]}}, {"type": "Feature", "id": "training_2023_20230716_20230714_r001_c010_00015", "properties": {"patch_id": "training_2023_20230716_20230714_r001_c010_00015", "training_tag": "training_2023_20230716_20230714", "year": 2023, "split": "train", "cluster_id": 1, "dominant_interpretation": "vegetation", "weak_source_fraction": 0.999817, "anomaly_score": 0.169824, "review_priority": "embedding_supported", "review_reason": "embedding cluster has compatible weak-source interpretation", "area_m2": 1638400.0}, "geometry": {"type": "Polygon", "coordinates": [[[30.086622998, -1.865356271], [30.098115221, -1.865335936], [30.098135531, -1.876899334], [30.086643233, -1.876919795], [30.086622998, -1.865356271]]]}}, {"type": "Feature", "id": "training_2023_20230716_20230714_r001_c011_00016", "properties": {"patch_id": "training_2023_20230716_20230714_r001_c011_00016", "training_tag": "training_2023_20230716_20230714", "year": 2023, "split": "train", "cluster_id": 1, "dominant_interpretation": "vegetation", "weak_source_fraction": 0.94507, "anomaly_score": 0.06937, "review_priority": "embedding_supported", "review_reason": "embedding cluster has compatible weak-source interpretation", "area_m2": 1638400.0}, "geometry": {"type": "Polygon", "coordinates": [[[30.098115221, -1.865335936], [30.109607319, -1.865315526], [30.109627704, -1.876878797], [30.098135531, -1.876899334], [30.098115221, -1.865335936]]]}}, {"type": "Feature", "id": "training_2023_20230716_20230714_r002_c001_00019", "properties": {"patch_id": "training_2023_20230716_20230714_r002_c001_00019", "training_tag": "training_2023_20230716_20230714", "year": 2023, "split": "train", "cluster_id": 1, "dominant_interpretation": "built_up", "weak_source_fraction": 0.60419, "anomaly_score": 0.439359, "review_priority": "weak_support_review", "review_reason": "mixed or weak-source support", "area_m2": 1638400.0}, "geometry": {"type": "Polygon", "coordinates": [[[29.983206966, -1.877100538], [29.994700375, -1.877080759], [29.994720132, -1.888645273], [29.983226647, -1.888665175], [29.983206966, -1.877100538]]]}}, {"type": "Feature", "id": "training_2023_20230716_20230714_r002_c003_00020", "properties": {"patch_id": "training_2023_20230716_20230714_r002_c003_00020", "training_tag": "training_2023_20230716_20230714", "year": 2023, "split": "train", "cluster_id": 8, "dominant_interpretation": "built_up", "weak_source_fraction": 0.948057, "anomaly_score": 0.409875, "review_priority": "embedding_supported", "review_reason": "embedding cluster has compatible weak-source interpretation", "area_m2": 1638400.0}, "geometry": {"type": "Polygon", "coordinates": [[[30.006193663, -1.877060903], [30.017686828, -1.877040972], [30.017706736, -1.888605242], [30.006213495, -1.888625296], [30.006193663, -1.877060903]]]}}, {"type": "Feature", "id": "training_2023_20230716_20230714_r002_c004_00021", "properties": {"patch_id": "training_2023_20230716_20230714_r002_c004_00021", "training_tag": "training_2023_20230716_20230714", "year": 2023, "split": "train", "cluster_id": 8, "dominant_interpretation": "built_up", "weak_source_fraction": 0.916452, "anomaly_score": 0.310427, "review_priority": "embedding_supported", "review_reason": "embedding cluster has compatible weak-source interpretation", "area_m2": 1638400.0}, "geometry": {"type": "Polygon", "coordinates": [[[30.017686828, -1.877040972], [30.029179871, -1.877020966], [30.029199854, -1.888585112], [30.017706736, -1.888605242], [30.017686828, -1.877040972]]]}}, {"type": "Feature", "id": "training_2023_20230716_20230714_r002_c007_00024", "properties": {"patch_id": "training_2023_20230716_20230714_r002_c007_00024", "training_tag": "training_2023_20230716_20230714", "year": 2023, "split": "train", "cluster_id": 1, "dominant_interpretation": "vegetation", "weak_source_fraction": 1.0, "anomaly_score": 0.258332, "review_priority": "embedding_supported", "review_reason": "embedding cluster has compatible weak-source interpretation", "area_m2": 1638400.0}, "geometry": {"type": "Polygon", "coordinates": [[[30.052165588, -1.876980725], [30.063658261, -1.876960491], [30.06367847, -1.888524264], [30.052185722, -1.888544623], [30.052165588, -1.876980725]]]}}, {"type": "Feature", "id": "training_2023_20230716_20230714_r002_c008_00025", "properties": {"patch_id": "training_2023_20230716_20230714_r002_c008_00025", "training_tag": "training_2023_20230716_20230714", "year": 2023, "split": "train", "cluster_id": 1, "dominant_interpretation": "vegetation", "weak_source_fraction": 0.960114, "anomaly_score": 0.133341, "review_priority": "embedding_supported", "review_reason": "embedding cluster has compatible weak-source interpretation", "area_m2": 1638400.0}, "geometry": {"type": "Polygon", "coordinates": [[[30.063658261, -1.876960491], [30.075150809, -1.876940181], [30.075171094, -1.888503829], [30.06367847, -1.888524264], [30.063658261, -1.876960491]]]}}, {"type": "Feature", "id": "training_2023_20230716_20230714_r002_c010_00026", "properties": {"patch_id": "training_2023_20230716_20230714_r002_c010_00026", "training_tag": "training_2023_20230716_20230714", "year": 2023, "split": "train", "cluster_id": 5, "dominant_interpretation": "vegetation", "weak_source_fraction": 1.0, "anomaly_score": 0.159584, "review_priority": "embedding_supported", "review_reason": "embedding cluster has compatible weak-source interpretation", "area_m2": 1638400.0}, "geometry": {"type": "Polygon", "coordinates": [[[30.086643233, -1.876919795], [30.098135531, -1.876899334], [30.098155967, -1.888462731], [30.086663593, -1.888483318], [30.086643233, -1.876919795]]]}}, {"type": "Feature", "id": "training_2023_20230716_20230714_r002_c011_00027", "properties": {"patch_id": "training_2023_20230716_20230714_r002_c011_00027", "training_tag": "training_2023_20230716_20230714", "year": 2023, "split": "train", "cluster_id": 1, "dominant_interpretation": "vegetation", "weak_source_fraction": 1.0, "anomaly_score": 0.043708, "review_priority": "embedding_supported", "review_reason": "embedding cluster has compatible weak-source interpretation", "area_m2": 1638400.0}, "geometry": {"type": "Polygon", "coordinates": [[[30.098135531, -1.876899334], [30.109627704, -1.876878797], [30.109648215, -1.888442067], [30.098155967, -1.888462731], [30.098135531, -1.876899334]]]}}, {"type": "Feature", "id": "training_2023_20230716_20230714_r002_c012_00028", "properties": {"patch_id": "training_2023_20230716_20230714_r002_c012_00028", "training_tag": "training_2023_20230716_20230714", "year": 2023, "split": "train", "cluster_id": 1, "dominant_interpretation": "vegetation", "weak_source_fraction": 0.99885, "anomaly_score": 0.177751, "review_priority": "embedding_supported", "review_reason": "embedding cluster has compatible weak-source interpretation", "area_m2": 1638400.0}, "geometry": {"type": "Polygon", "coordinates": [[[30.109627704, -1.876878797], [30.12111975, -1.876858184], [30.121140337, -1.888421327], [30.109648215, -1.888442067], [30.109627704, -1.876878797]]]}}, {"type": "Feature", "id": "training_2023_20230716_20230714_r002_c013_00029", "properties": {"patch_id": "training_2023_20230716_20230714_r002_c013_00029", "training_tag": "training_2023_20230716_20230714", "year": 2023, "split": "train", "cluster_id": 1, "dominant_interpretation": "vegetation", "weak_source_fraction": 0.965449, "anomaly_score": 0.119699, "review_priority": "embedding_supported", "review_reason": "embedding cluster has compatible weak-source interpretation", "area_m2": 1638400.0}, "geometry": {"type": "Polygon", "coordinates": [[[30.12111975, -1.876858184], [30.13261167, -1.876837496], [30.132632332, -1.888400511], [30.121140337, -1.888421327], [30.12111975, -1.876858184]]]}}, {"type": "Feature", "id": "training_2023_20230716_20230714_r003_c001_00032", "properties": {"patch_id": "training_2023_20230716_20230714_r003_c001_00032", "training_tag": "training_2023_20230716_20230714", "year": 2023, "split": "train", "cluster_id": 2, "dominant_interpretation": "built_up", "weak_source_fraction": 0.743332, "anomaly_score": 0.277392, "review_priority": "embedding_supported", "review_reason": "embedding cluster has compatible weak-source interpretation", "area_m2": 1638400.0}, "geometry": {"type": "Polygon", "coordinates": [[[29.983226647, -1.888665175], [29.994720132, -1.888645273], [29.994740009, -1.900209787], [29.983246449, -1.90022981], [29.983226647, -1.888665175]]]}}, {"type": "Feature", "id": "training_2023_20230716_20230714_r003_c002_00033", "properties": {"patch_id": "training_2023_20230716_20230714_r003_c002_00033", "training_tag": "training_2023_20230716_20230714", "year": 2023, "split": "train", "cluster_id": 8, "dominant_interpretation": "built_up", "weak_source_fraction": 0.965529, "anomaly_score": 0.0, "review_priority": "embedding_supported", "review_reason": "embedding cluster has compatible weak-source interpretation", "area_m2": 1638400.0}, "geometry": {"type": "Polygon", "coordinates": [[[29.994720132, -1.888645273], [30.006213495, -1.888625296], [30.006233448, -1.900189687], [29.994740009, -1.900209787], [29.994720132, -1.888645273]]]}}, {"type": "Feature", "id": "training_2023_20230716_20230714_r003_c003_00034", "properties": {"patch_id": "training_2023_20230716_20230714_r003_c003_00034", "training_tag": "training_2023_20230716_20230714", "year": 2023, "split": "train", "cluster_id": 8, "dominant_interpretation": "built_up", "weak_source_fraction": 0.956385, "anomaly_score": 0.258301, "review_priority": "embedding_supported", "review_reason": "embedding cluster has compatible weak-source interpretation", "area_m2": 1638400.0}, "geometry": {"type": "Polygon", "coordinates": [[[30.006213495, -1.888625296], [30.017706736, -1.888605242], [30.017726765, -1.90016951], [30.006233448, -1.900189687], [30.006213495, -1.888625296]]]}}, {"type": "Feature", "id": "training_2023_20230716_20230714_r003_c004_00035", "properties": {"patch_id": "training_2023_20230716_20230714_r003_c004_00035", "training_tag": "training_2023_20230716_20230714", "year": 2023, "split": "train", "cluster_id": 8, "dominant_interpretation": "built_up", "weak_source_fraction": 0.980159, "anomaly_score": 0.440444, "review_priority": "embedding_supported", "review_reason": "embedding cluster has compatible weak-source interpretation", "area_m2": 1638400.0}, "geometry": {"type": "Polygon", "coordinates": [[[30.017706736, -1.888605242], [30.029199854, -1.888585112], [30.02921996, -1.900149256], [30.017726765, -1.90016951], [30.017706736, -1.888605242]]]}}, {"type": "Feature", "id": "training_2023_20230716_20230714_r003_c005_00036", "properties": {"patch_id": "training_2023_20230716_20230714_r003_c005_00036", "training_tag": "training_2023_20230716_20230714", "year": 2023, "split": "train", "cluster_id": 1, "dominant_interpretation": "vegetation", "weak_source_fraction": 0.806591, "anomaly_score": 0.585546, "review_priority": "embedding_supported", "review_reason": "embedding cluster has compatible weak-source interpretation", "area_m2": 1638400.0}, "geometry": {"type": "Polygon", "coordinates": [[[30.029199854, -1.888585112], [30.04069285, -1.888564906], [30.040713031, -1.900128926], [30.02921996, -1.900149256], [30.029199854, -1.888585112]]]}}, {"type": "Feature", "id": "training_2023_20230716_20230714_r003_c006_00037", "properties": {"patch_id": "training_2023_20230716_20230714_r003_c006_00037", "training_tag": "training_2023_20230716_20230714", "year": 2023, "split": "train", "cluster_id": 1, "dominant_interpretation": "vegetation", "weak_source_fraction": 0.52439, "anomaly_score": 0.409342, "review_priority": "weak_support_review", "review_reason": "mixed or weak-source support", "area_m2": 1638400.0}, "geometry": {"type": "Polygon", "coordinates": [[[30.04069285, -1.888564906], [30.052185722, -1.888544623], [30.05220598, -1.900108519], [30.040713031, -1.900128926], [30.04069285, -1.888564906]]]}}, {"type": "Feature", "id": "training_2023_20230716_20230714_r003_c007_00038", "properties": {"patch_id": "training_2023_20230716_20230714_r003_c007_00038", "training_tag": "training_2023_20230716_20230714", "year": 2023, "split": "train", "cluster_id": 5, "dominant_interpretation": "vegetation", "weak_source_fraction": 0.888723, "anomaly_score": 0.418922, "review_priority": "embedding_supported", "review_reason": "embedding cluster has compatible weak-source interpretation", "area_m2": 1638400.0}, "geometry": {"type": "Polygon", "coordinates": [[[30.052185722, -1.888544623], [30.06367847, -1.888524264], [30.063698804, -1.900088036], [30.05220598, -1.900108519], [30.052185722, -1.888544623]]]}}, {"type": "Feature", "id": "training_2023_20230716_20230714_r003_c008_00039", "properties": {"patch_id": "training_2023_20230716_20230714_r003_c008_00039", "training_tag": "training_2023_20230716_20230714", "year": 2023, "split": "train", "cluster_id": 3, "dominant_interpretation": "vegetation", "weak_source_fraction": 0.820609, "anomaly_score": 0.602348, "review_priority": "embedding_supported", "review_reason": "embedding cluster has compatible weak-source interpretation", "area_m2": 1638400.0}, "geometry": {"type": "Polygon", "coordinates": [[[30.06367847, -1.888524264], [30.075171094, -1.888503829], [30.075191504, -1.900067476], [30.063698804, -1.900088036], [30.06367847, -1.888524264]]]}}, {"type": "Feature", "id": "training_2023_20230716_20230714_r003_c009_00040", "properties": {"patch_id": "training_2023_20230716_20230714_r003_c009_00040", "training_tag": "training_2023_20230716_20230714", "year": 2023, "split": "train", "cluster_id": 3, "dominant_interpretation": "vegetation", "weak_source_fraction": 0.968607, "anomaly_score": 0.739863, "review_priority": "embedding_supported", "review_reason": "embedding cluster has compatible weak-source interpretation", "area_m2": 1638400.0}, "geometry": {"type": "Polygon", "coordinates": [[[30.075171094, -1.888503829], [30.086663593, -1.888483318], [30.086684079, -1.900046839], [30.075191504, -1.900067476], [30.075171094, -1.888503829]]]}}, {"type": "Feature", "id": "training_2023_20230716_20230714_r003_c011_00042", "properties": {"patch_id": "training_2023_20230716_20230714_r003_c011_00042", "training_tag": "training_2023_20230716_20230714", "year": 2023, "split": "train", "cluster_id": 1, "dominant_interpretation": "vegetation", "weak_source_fraction": 0.975898, "anomaly_score": 0.509, "review_priority": "embedding_supported", "review_reason": "embedding cluster has compatible weak-source interpretation", "area_m2": 1638400.0}, "geometry": {"type": "Polygon", "coordinates": [[[30.098155967, -1.888462731], [30.109648215, -1.888442067], [30.109668853, -1.900005335], [30.098176529, -1.900026125], [30.098155967, -1.888462731]]]}}, {"type": "Feature", "id": "training_2023_20230716_20230714_r003_c012_00043", "properties": {"patch_id": "training_2023_20230716_20230714_r003_c012_00043", "training_tag": "training_2023_20230716_20230714", "year": 2023, "split": "train", "cluster_id": 5, "dominant_interpretation": "vegetation", "weak_source_fraction": 0.997862, "anomaly_score": 0.117105, "review_priority": "embedding_supported", "review_reason": "embedding cluster has compatible weak-source interpretation", "area_m2": 1638400.0}, "geometry": {"type": "Polygon", "coordinates": [[[30.109648215, -1.888442067], [30.121140337, -1.888421327], [30.121161051, -1.899984468], [30.109668853, -1.900005335], [30.109648215, -1.888442067]]]}}, {"type": "Feature", "id": "training_2023_20230716_20230714_r003_c013_00044", "properties": {"patch_id": "training_2023_20230716_20230714_r003_c013_00044", "training_tag": "training_2023_20230716_20230714", "year": 2023, "split": "train", "cluster_id": 1, "dominant_interpretation": "vegetation", "weak_source_fraction": 0.999441, "anomaly_score": 0.0, "review_priority": "embedding_supported", "review_reason": "embedding cluster has compatible weak-source interpretation", "area_m2": 1638400.0}, "geometry": {"type": "Polygon", "coordinates": [[[30.121140337, -1.888421327], [30.132632332, -1.888400511], [30.132653122, -1.899963524], [30.121161051, -1.899984468], [30.121140337, -1.888421327]]]}}, {"type": "Feature", "id": "training_2023_20230716_20230714_r003_c014_00045", "properties": {"patch_id": "training_2023_20230716_20230714_r003_c014_00045", "training_tag": "training_2023_20230716_20230714", "year": 2023, "split": "train", "cluster_id": 1, "dominant_interpretation": "vegetation", "weak_source_fraction": 1.0, "anomaly_score": 0.29668, "review_priority": "embedding_supported", "review_reason": "embedding cluster has compatible weak-source interpretation", "area_m2": 1638400.0}, "geometry": {"type": "Polygon", "coordinates": [[[30.132632332, -1.888400511], [30.1441242, -1.888379619], [30.144145066, -1.899942504], [30.132653122, -1.899963524], [30.132632332, -1.888400511]]]}}, {"type": "Feature", "id": "training_2023_20230716_20230714_r004_c000_00046", "properties": {"patch_id": "training_2023_20230716_20230714_r004_c000_00046", "training_tag": "training_2023_20230716_20230714", "year": 2023, "split": "train", "cluster_id": 3, "dominant_interpretation": "vegetation", "weak_source_fraction": 0.537215, "anomaly_score": 0.877233, "review_priority": "weak_support_review", "review_reason": "mixed or weak-source support", "area_m2": 1638400.0}, "geometry": {"type": "Polygon", "coordinates": [[[29.971752767, -1.900249756], [29.983246449, -1.90022981], [29.983266371, -1.911794443], [29.971772613, -1.911814511], [29.971752767, -1.900249756]]]}}, {"type": "Feature", "id": "training_2023_20230716_20230714_r004_c001_00047", "properties": {"patch_id": "training_2023_20230716_20230714_r004_c001_00047", "training_tag": "training_2023_20230716_20230714", "year": 2023, "split": "train", "cluster_id": 2, "dominant_interpretation": "vegetation", "weak_source_fraction": 0.518096, "anomaly_score": 0.326942, "review_priority": "weak_support_review", "review_reason": "mixed or weak-source support", "area_m2": 1638400.0}, "geometry": {"type": "Polygon", "coordinates": [[[29.983246449, -1.90022981], [29.994740009, -1.900209787], [29.994760009, -1.911774298], [29.983266371, -1.911794443], [29.983246449, -1.90022981]]]}}, {"type": "Feature", "id": "training_2023_20230716_20230714_r004_c002_00048", "properties": {"patch_id": "training_2023_20230716_20230714_r004_c002_00048", "training_tag": "training_2023_20230716_20230714", "year": 2023, "split": "train", "cluster_id": 2, "dominant_interpretation": "built_up", "weak_source_fraction": 0.739619, "anomaly_score": 0.272721, "review_priority": "embedding_supported", "review_reason": "embedding cluster has compatible weak-source interpretation", "area_m2": 1638400.0}, "geometry": {"type": "Polygon", "coordinates": [[[29.994740009, -1.900209787], [30.006233448, -1.900189687], [30.006253524, -1.911754076], [29.994760009, -1.911774298], [29.994740009, -1.900209787]]]}}, {"type": "Feature", "id": "training_2023_20230716_20230714_r004_c003_00049", "properties": {"patch_id": "training_2023_20230716_20230714_r004_c003_00049", "training_tag": "training_2023_20230716_20230714", "year": 2023, "split": "train", "cluster_id": 8, "dominant_interpretation": "built_up", "weak_source_fraction": 0.960394, "anomaly_score": 0.031563, "review_priority": "embedding_supported", "review_reason": "embedding cluster has compatible weak-source interpretation", "area_m2": 1638400.0}, "geometry": {"type": "Polygon", "coordinates": [[[30.006233448, -1.900189687], [30.017726765, -1.90016951], [30.017746918, -1.911733776], [30.006253524, -1.911754076], [30.006233448, -1.900189687]]]}}, {"type": "Feature", "id": "training_2023_20230716_20230714_r004_c004_00050", "properties": {"patch_id": "training_2023_20230716_20230714_r004_c004_00050", "training_tag": "training_2023_20230716_20230714", "year": 2023, "split": "train", "cluster_id": 8, "dominant_interpretation": "built_up", "weak_source_fraction": 0.915593, "anomaly_score": 0.0, "review_priority": "embedding_supported", "review_reason": "embedding cluster has compatible weak-source interpretation", "area_m2": 1638400.0}, "geometry": {"type": "Polygon", "coordinates": [[[30.017726765, -1.90016951], [30.02921996, -1.900149256], [30.029240189, -1.911713399], [30.017746918, -1.911733776], [30.017726765, -1.90016951]]]}}, {"type": "Feature", "id": "training_2023_20230716_20230714_r004_c005_00051", "properties": {"patch_id": "training_2023_20230716_20230714_r004_c005_00051", "training_tag": "training_2023_20230716_20230714", "year": 2023, "split": "train", "cluster_id": 2, "dominant_interpretation": "built_up", "weak_source_fraction": 0.601536, "anomaly_score": 0.796845, "review_priority": "weak_support_review", "review_reason": "mixed or weak-source support", "area_m2": 1638400.0}, "geometry": {"type": "Polygon", "coordinates": [[[30.02921996, -1.900149256], [30.040713031, -1.900128926], [30.040733337, -1.911692945], [30.029240189, -1.911713399], [30.02921996, -1.900149256]]]}}, {"type": "Feature", "id": "training_2023_20230716_20230714_r004_c006_00052", "properties": {"patch_id": "training_2023_20230716_20230714_r004_c006_00052", "training_tag": "training_2023_20230716_20230714", "year": 2023, "split": "train", "cluster_id": 7, "dominant_interpretation": "vegetation", "weak_source_fraction": 1.0, "anomaly_score": 0.391189, "review_priority": "embedding_supported", "review_reason": "embedding cluster has compatible weak-source interpretation", "area_m2": 1638400.0}, "geometry": {"type": "Polygon", "coordinates": [[[30.040713031, -1.900128926], [30.05220598, -1.900108519], [30.052226361, -1.911672414], [30.040733337, -1.911692945], [30.040713031, -1.900128926]]]}}, {"type": "Feature", "id": "training_2023_20230716_20230714_r004_c007_00053", "properties": {"patch_id": "training_2023_20230716_20230714_r004_c007_00053", "training_tag": "training_2023_20230716_20230714", "year": 2023, "split": "train", "cluster_id": 3, "dominant_interpretation": "vegetation", "weak_source_fraction": 0.545009, "anomaly_score": 0.289666, "review_priority": "weak_support_review", "review_reason": "mixed or weak-source support", "area_m2": 1638400.0}, "geometry": {"type": "Polygon", "coordinates": [[[30.05220598, -1.900108519], [30.063698804, -1.900088036], [30.063719262, -1.911651806], [30.052226361, -1.911672414], [30.05220598, -1.900108519]]]}}, {"type": "Feature", "id": "training_2023_20230716_20230714_r004_c008_00054", "properties": {"patch_id": "training_2023_20230716_20230714_r004_c008_00054", "training_tag": "training_2023_20230716_20230714", "year": 2023, "split": "train", "cluster_id": 3, "dominant_interpretation": "vegetation", "weak_source_fraction": 0.61086, "anomaly_score": 0.282404, "review_priority": "weak_support_review", "review_reason": "mixed or weak-source support", "area_m2": 1638400.0}, "geometry": {"type": "Polygon", "coordinates": [[[30.063698804, -1.900088036], [30.075191504, -1.900067476], [30.075212038, -1.91163112], [30.063719262, -1.911651806], [30.063698804, -1.900088036]]]}}, {"type": "Feature", "id": "training_2023_20230716_20230714_r004_c009_00055", "properties": {"patch_id": "training_2023_20230716_20230714_r004_c009_00055", "training_tag": "training_2023_20230716_20230714", "year": 2023, "split": "train", "cluster_id": 5, "dominant_interpretation": "vegetation", "weak_source_fraction": 0.980938, "anomaly_score": 0.056838, "review_priority": "embedding_supported", "review_reason": "embedding cluster has compatible weak-source interpretation", "area_m2": 1638400.0}, "geometry": {"type": "Polygon", "coordinates": [[[30.075191504, -1.900067476], [30.086684079, -1.900046839], [30.08670469, -1.911610358], [30.075212038, -1.91163112], [30.075191504, -1.900067476]]]}}, {"type": "Feature", "id": "training_2023_20230716_20230714_r004_c011_00057", "properties": {"patch_id": "training_2023_20230716_20230714_r004_c011_00057", "training_tag": "training_2023_20230716_20230714", "year": 2023, "split": "train", "cluster_id": 5, "dominant_interpretation": "vegetation", "weak_source_fraction": 0.998486, "anomaly_score": 0.0, "review_priority": "embedding_supported", "review_reason": "embedding cluster has compatible weak-source interpretation", "area_m2": 1638400.0}, "geometry": {"type": "Polygon", "coordinates": [[[30.098176529, -1.900026125], [30.109668853, -1.900005335], [30.109689616, -1.911568601], [30.098197216, -1.911589518], [30.098176529, -1.900026125]]]}}, {"type": "Feature", "id": "training_2023_20230716_20230714_r004_c012_00058", "properties": {"patch_id": "training_2023_20230716_20230714_r004_c012_00058", "training_tag": "training_2023_20230716_20230714", "year": 2023, "split": "train", "cluster_id": 5, "dominant_interpretation": "vegetation", "weak_source_fraction": 1.0, "anomaly_score": 0.019604, "review_priority": "embedding_supported", "review_reason": "embedding cluster has compatible weak-source interpretation", "area_m2": 1638400.0}, "geometry": {"type": "Polygon", "coordinates": [[[30.109668853, -1.900005335], [30.121161051, -1.899984468], [30.121181891, -1.911547607], [30.109689616, -1.911568601], [30.109668853, -1.900005335]]]}}, {"type": "Feature", "id": "training_2023_20230716_20230714_r004_c013_00059", "properties": {"patch_id": "training_2023_20230716_20230714_r004_c013_00059", "training_tag": "training_2023_20230716_20230714", "year": 2023, "split": "train", "cluster_id": 5, "dominant_interpretation": "vegetation", "weak_source_fraction": 1.0, "anomaly_score": 0.154907, "review_priority": "embedding_supported", "review_reason": "embedding cluster has compatible weak-source interpretation", "area_m2": 1638400.0}, "geometry": {"type": "Polygon", "coordinates": [[[30.121161051, -1.899984468], [30.132653122, -1.899963524], [30.132674038, -1.911526536], [30.121181891, -1.911547607], [30.121161051, -1.899984468]]]}}, {"type": "Feature", "id": "training_2023_20230716_20230714_r004_c014_00060", "properties": {"patch_id": "training_2023_20230716_20230714_r004_c014_00060", "training_tag": "training_2023_20230716_20230714", "year": 2023, "split": "train", "cluster_id": 1, "dominant_interpretation": "vegetation", "weak_source_fraction": 0.878728, "anomaly_score": 0.082544, "review_priority": "embedding_supported", "review_reason": "embedding cluster has compatible weak-source interpretation", "area_m2": 1638400.0}, "geometry": {"type": "Polygon", "coordinates": [[[30.132653122, -1.899963524], [30.144145066, -1.899942504], [30.144166059, -1.911505388], [30.132674038, -1.911526536], [30.132653122, -1.899963524]]]}}, {"type": "Feature", "id": "training_2023_20230716_20230714_r005_c000_00061", "properties": {"patch_id": "training_2023_20230716_20230714_r005_c000_00061", "training_tag": "training_2023_20230716_20230714", "year": 2023, "split": "train", "cluster_id": 3, "dominant_interpretation": "built_up", "weak_source_fraction": 0.827149, "anomaly_score": 0.922859, "review_priority": "high_anomaly", "review_reason": "high embedding anomaly", "area_m2": 1638400.0}, "geometry": {"type": "Polygon", "coordinates": [[[29.971772613, -1.911814511], [29.983266371, -1.911794443], [29.983286415, -1.923359075], [29.97179258, -1.923379264], [29.971772613, -1.911814511]]]}}, {"type": "Feature", "id": "training_2023_20230716_20230714_r005_c001_00062", "properties": {"patch_id": "training_2023_20230716_20230714_r005_c001_00062", "training_tag": "training_2023_20230716_20230714", "year": 2023, "split": "train", "cluster_id": 3, "dominant_interpretation": "built_up", "weak_source_fraction": 0.562196, "anomaly_score": 0.834844, "review_priority": "weak_support_review", "review_reason": "mixed or weak-source support", "area_m2": 1638400.0}, "geometry": {"type": "Polygon", "coordinates": [[[29.983266371, -1.911794443], [29.994760009, -1.911774298], [29.994780129, -1.923338808], [29.983286415, -1.923359075], [29.983266371, -1.911794443]]]}}, {"type": "Feature", "id": "training_2023_20230716_20230714_r005_c002_00063", "properties": {"patch_id": "training_2023_20230716_20230714_r005_c002_00063", "training_tag": "training_2023_20230716_20230714", "year": 2023, "split": "train", "cluster_id": 4, "dominant_interpretation": "built_up", "weak_source_fraction": 0.694132, "anomaly_score": 0.019899, "review_priority": "embedding_supported", "review_reason": "embedding cluster has compatible weak-source interpretation", "area_m2": 1638400.0}, "geometry": {"type": "Polygon", "coordinates": [[[29.994760009, -1.911774298], [30.006253524, -1.911754076], [30.006273722, -1.923318463], [29.994780129, -1.923338808], [29.994760009, -1.911774298]]]}}, {"type": "Feature", "id": "training_2023_20230716_20230714_r005_c003_00064", "properties": {"patch_id": "training_2023_20230716_20230714_r005_c003_00064", "training_tag": "training_2023_20230716_20230714", "year": 2023, "split": "train", "cluster_id": 8, "dominant_interpretation": "built_up", "weak_source_fraction": 0.829237, "anomaly_score": 0.289282, "review_priority": "embedding_supported", "review_reason": "embedding cluster has compatible weak-source interpretation", "area_m2": 1638400.0}, "geometry": {"type": "Polygon", "coordinates": [[[30.006253524, -1.911754076], [30.017746918, -1.911733776], [30.017767192, -1.92329804], [30.006273722, -1.923318463], [30.006253524, -1.911754076]]]}}, {"type": "Feature", "id": "training_2023_20230716_20230714_r005_c006_00067", "properties": {"patch_id": "training_2023_20230716_20230714_r005_c006_00067", "training_tag": "training_2023_20230716_20230714", "year": 2023, "split": "train", "cluster_id": 1, "dominant_interpretation": "vegetation", "weak_source_fraction": 0.844808, "anomaly_score": 0.167633, "review_priority": "embedding_supported", "review_reason": "embedding cluster has compatible weak-source interpretation", "area_m2": 1638400.0}, "geometry": {"type": "Polygon", "coordinates": [[[30.040733337, -1.911692945], [30.052226361, -1.911672414], [30.052246867, -1.923236307], [30.040753765, -1.923256962], [30.040733337, -1.911692945]]]}}, {"type": "Feature", "id": "training_2023_20230716_20230714_r005_c007_00068", "properties": {"patch_id": "training_2023_20230716_20230714_r005_c007_00068", "training_tag": "training_2023_20230716_20230714", "year": 2023, "split": "train", "cluster_id": 7, "dominant_interpretation": "vegetation", "weak_source_fraction": 0.916557, "anomaly_score": 0.175083, "review_priority": "embedding_supported", "review_reason": "embedding cluster has compatible weak-source interpretation", "area_m2": 1638400.0}, "geometry": {"type": "Polygon", "coordinates": [[[30.052226361, -1.911672414], [30.063719262, -1.911651806], [30.063739844, -1.923215574], [30.052246867, -1.923236307], [30.052226361, -1.911672414]]]}}, {"type": "Feature", "id": "training_2023_20230716_20230714_r005_c008_00069", "properties": {"patch_id": "training_2023_20230716_20230714_r005_c008_00069", "training_tag": "training_2023_20230716_20230714", "year": 2023, "split": "train", "cluster_id": 7, "dominant_interpretation": "vegetation", "weak_source_fraction": 0.998414, "anomaly_score": 0.010938, "review_priority": "embedding_supported", "review_reason": "embedding cluster has compatible weak-source interpretation", "area_m2": 1638400.0}, "geometry": {"type": "Polygon", "coordinates": [[[30.063719262, -1.911651806], [30.075212038, -1.91163112], [30.075232698, -1.923194763], [30.063739844, -1.923215574], [30.063719262, -1.911651806]]]}}, {"type": "Feature", "id": "training_2023_20230716_20230714_r005_c009_00070", "properties": {"patch_id": "training_2023_20230716_20230714_r005_c009_00070", "training_tag": "training_2023_20230716_20230714", "year": 2023, "split": "train", "cluster_id": 7, "dominant_interpretation": "vegetation", "weak_source_fraction": 0.995425, "anomaly_score": 0.265638, "review_priority": "embedding_supported", "review_reason": "embedding cluster has compatible weak-source interpretation", "area_m2": 1638400.0}, "geometry": {"type": "Polygon", "coordinates": [[[30.075212038, -1.91163112], [30.08670469, -1.911610358], [30.086725426, -1.923173875], [30.075232698, -1.923194763], [30.075212038, -1.91163112]]]}}, {"type": "Feature", "id": "training_2023_20230716_20230714_r005_c010_00071", "properties": {"patch_id": "training_2023_20230716_20230714_r005_c010_00071", "training_tag": "training_2023_20230716_20230714", "year": 2023, "split": "train", "cluster_id": 5, "dominant_interpretation": "vegetation", "weak_source_fraction": 0.993524, "anomaly_score": 0.669187, "review_priority": "embedding_supported", "review_reason": "embedding cluster has compatible weak-source interpretation", "area_m2": 1638400.0}, "geometry": {"type": "Polygon", "coordinates": [[[30.08670469, -1.911610358], [30.098197216, -1.911589518], [30.098218029, -1.923152909], [30.086725426, -1.923173875], [30.08670469, -1.911610358]]]}}, {"type": "Feature", "id": "training_2023_20230716_20230714_r005_c011_00072", "properties": {"patch_id": "training_2023_20230716_20230714_r005_c011_00072", "training_tag": "training_2023_20230716_20230714", "year": 2023, "split": "train", "cluster_id": 5, "dominant_interpretation": "vegetation", "weak_source_fraction": 1.0, "anomaly_score": 0.0, "review_priority": "embedding_supported", "review_reason": "embedding cluster has compatible weak-source interpretation", "area_m2": 1638400.0}, "geometry": {"type": "Polygon", "coordinates": [[[30.098197216, -1.911589518], [30.109689616, -1.911568601], [30.109710507, -1.923131866], [30.098218029, -1.923152909], [30.098197216, -1.911589518]]]}}, {"type": "Feature", "id": "training_2023_20230716_20230714_r005_c012_00073", "properties": {"patch_id": "training_2023_20230716_20230714_r005_c012_00073", "training_tag": "training_2023_20230716_20230714", "year": 2023, "split": "train", "cluster_id": 5, "dominant_interpretation": "vegetation", "weak_source_fraction": 0.999523, "anomaly_score": 0.113765, "review_priority": "embedding_supported", "review_reason": "embedding cluster has compatible weak-source interpretation", "area_m2": 1638400.0}, "geometry": {"type": "Polygon", "coordinates": [[[30.109689616, -1.911568601], [30.121181891, -1.911547607], [30.121202858, -1.923110744], [30.109710507, -1.923131866], [30.109689616, -1.911568601]]]}}, {"type": "Feature", "id": "training_2023_20230716_20230714_r005_c013_00074", "properties": {"patch_id": "training_2023_20230716_20230714_r005_c013_00074", "training_tag": "training_2023_20230716_20230714", "year": 2023, "split": "train", "cluster_id": 5, "dominant_interpretation": "vegetation", "weak_source_fraction": 0.925773, "anomaly_score": 0.327328, "review_priority": "embedding_supported", "review_reason": "embedding cluster has compatible weak-source interpretation", "area_m2": 1638400.0}, "geometry": {"type": "Polygon", "coordinates": [[[30.121181891, -1.911547607], [30.132674038, -1.911526536], [30.132695082, -1.923089546], [30.121202858, -1.923110744], [30.121181891, -1.911547607]]]}}, {"type": "Feature", "id": "training_2023_20230716_20230714_r005_c014_00075", "properties": {"patch_id": "training_2023_20230716_20230714_r005_c014_00075", "training_tag": "training_2023_20230716_20230714", "year": 2023, "split": "train", "cluster_id": 1, "dominant_interpretation": "vegetation", "weak_source_fraction": 0.854466, "anomaly_score": 0.056364, "review_priority": "embedding_supported", "review_reason": "embedding cluster has compatible weak-source interpretation", "area_m2": 1638400.0}, "geometry": {"type": "Polygon", "coordinates": [[[30.132674038, -1.911526536], [30.144166059, -1.911505388], [30.14418718, -1.923068269], [30.132695082, -1.923089546], [30.132674038, -1.911526536]]]}}, {"type": "Feature", "id": "training_2023_20230716_20230714_r006_c000_00076", "properties": {"patch_id": "training_2023_20230716_20230714_r006_c000_00076", "training_tag": "training_2023_20230716_20230714", "year": 2023, "split": "train", "cluster_id": 8, "dominant_interpretation": "built_up", "weak_source_fraction": 0.94611, "anomaly_score": 0.370141, "review_priority": "embedding_supported", "review_reason": "embedding cluster has compatible weak-source interpretation", "area_m2": 1638400.0}, "geometry": {"type": "Polygon", "coordinates": [[[29.97179258, -1.923379264], [29.983286415, -1.923359075], [29.98330658, -1.934923705], [29.971812668, -1.934944016], [29.97179258, -1.923379264]]]}}, {"type": "Feature", "id": "training_2023_20230716_20230714_r006_c001_00077", "properties": {"patch_id": "training_2023_20230716_20230714_r006_c001_00077", "training_tag": "training_2023_20230716_20230714", "year": 2023, "split": "train", "cluster_id": 3, "dominant_interpretation": "built_up", "weak_source_fraction": 0.818321, "anomaly_score": 1.0, "review_priority": "high_anomaly", "review_reason": "high embedding anomaly", "area_m2": 1638400.0}, "geometry": {"type": "Polygon", "coordinates": [[[29.983286415, -1.923359075], [29.994780129, -1.923338808], [29.994800372, -1.934903315], [29.98330658, -1.934923705], [29.983286415, -1.923359075]]]}}, {"type": "Feature", "id": "training_2023_20230716_20230714_r006_c002_00078", "properties": {"patch_id": "training_2023_20230716_20230714_r006_c002_00078", "training_tag": "training_2023_20230716_20230714", "year": 2023, "split": "train", "cluster_id": 4, "dominant_interpretation": "built_up", "weak_source_fraction": 0.870073, "anomaly_score": 0.714145, "review_priority": "embedding_supported", "review_reason": "embedding cluster has compatible weak-source interpretation", "area_m2": 1638400.0}, "geometry": {"type": "Polygon", "coordinates": [[[29.994780129, -1.923338808], [30.006273722, -1.923318463], [30.006294042, -1.934882848], [29.994800372, -1.934903315], [29.994780129, -1.923338808]]]}}, {"type": "Feature", "id": "training_2023_20230721_20230723_r000_c008_00000", "properties": {"patch_id": "training_2023_20230721_20230723_r000_c008_00000", "training_tag": "training_2023_20230721_20230723", "year": 2023, "split": "train", "cluster_id": 1, "dominant_interpretation": "vegetation", "weak_source_fraction": 1.0, "anomaly_score": 0.538369, "review_priority": "embedding_supported", "review_reason": "embedding cluster has compatible weak-source interpretation", "area_m2": 1638400.0}, "geometry": {"type": "Polygon", "coordinates": [[[30.063618215, -1.853832939], [30.075110614, -1.853812879], [30.075130649, -1.865376531], [30.063638176, -1.865396716], [30.063618215, -1.853832939]]]}}, {"type": "Feature", "id": "training_2023_20230721_20230723_r000_c010_00001", "properties": {"patch_id": "training_2023_20230721_20230723_r000_c010_00001", "training_tag": "training_2023_20230721_20230723", "year": 2023, "split": "train", "cluster_id": 1, "dominant_interpretation": "vegetation", "weak_source_fraction": 1.0, "anomaly_score": 0.152675, "review_priority": "embedding_supported", "review_reason": "embedding cluster has compatible weak-source interpretation", "area_m2": 1638400.0}, "geometry": {"type": "Polygon", "coordinates": [[[30.086602888, -1.853792745], [30.098095037, -1.853772536], [30.098115221, -1.865335936], [30.086622998, -1.865356271], [30.086602888, -1.853792745]]]}}, {"type": "Feature", "id": "training_2023_20230721_20230723_r000_c014_00002", "properties": {"patch_id": "training_2023_20230721_20230723_r000_c014_00002", "training_tag": "training_2023_20230721_20230723", "year": 2023, "split": "train", "cluster_id": 2, "dominant_interpretation": "built_up", "weak_source_fraction": 0.939968, "anomaly_score": 0.366154, "review_priority": "embedding_supported", "review_reason": "embedding cluster has compatible weak-source interpretation", "area_m2": 1638400.0}, "geometry": {"type": "Polygon", "coordinates": [[[30.132570726, -1.85371146], [30.144062369, -1.853690952], [30.144082852, -1.865253843], [30.132591135, -1.865274479], [30.132570726, -1.85371146]]]}}, {"type": "Feature", "id": "training_2023_20230721_20230723_r001_c008_00003", "properties": {"patch_id": "training_2023_20230721_20230723_r001_c008_00003", "training_tag": "training_2023_20230721_20230723", "year": 2023, "split": "train", "cluster_id": 2, "dominant_interpretation": "built_up", "weak_source_fraction": 0.53735, "anomaly_score": 0.179402, "review_priority": "weak_support_review", "review_reason": "mixed or weak-source support", "area_m2": 1638400.0}, "geometry": {"type": "Polygon", "coordinates": [[[30.063638176, -1.865396716], [30.075130649, -1.865376531], [30.075150809, -1.876940181], [30.063658261, -1.876960491], [30.063638176, -1.865396716]]]}}, {"type": "Feature", "id": "training_2023_20230721_20230723_r001_c009_00004", "properties": {"patch_id": "training_2023_20230721_20230723_r001_c009_00004", "training_tag": "training_2023_20230721_20230723", "year": 2023, "split": "train", "cluster_id": 1, "dominant_interpretation": "vegetation", "weak_source_fraction": 0.998376, "anomaly_score": 0.043328, "review_priority": "embedding_supported", "review_reason": "embedding cluster has compatible weak-source interpretation", "area_m2": 1638400.0}, "geometry": {"type": "Polygon", "coordinates": [[[30.075130649, -1.865376531], [30.086622998, -1.865356271], [30.086643233, -1.876919795], [30.075150809, -1.876940181], [30.075130649, -1.865376531]]]}}, {"type": "Feature", "id": "training_2023_20230721_20230723_r001_c010_00005", "properties": {"patch_id": "training_2023_20230721_20230723_r001_c010_00005", "training_tag": "training_2023_20230721_20230723", "year": 2023, "split": "train", "cluster_id": 1, "dominant_interpretation": "vegetation", "weak_source_fraction": 0.999817, "anomaly_score": 0.051103, "review_priority": "embedding_supported", "review_reason": "embedding cluster has compatible weak-source interpretation", "area_m2": 1638400.0}, "geometry": {"type": "Polygon", "coordinates": [[[30.086622998, -1.865356271], [30.098115221, -1.865335936], [30.098135531, -1.876899334], [30.086643233, -1.876919795], [30.086622998, -1.865356271]]]}}, {"type": "Feature", "id": "training_2023_20230721_20230723_r001_c011_00006", "properties": {"patch_id": "training_2023_20230721_20230723_r001_c011_00006", "training_tag": "training_2023_20230721_20230723", "year": 2023, "split": "train", "cluster_id": 1, "dominant_interpretation": "vegetation", "weak_source_fraction": 0.94507, "anomaly_score": 0.280154, "review_priority": "embedding_supported", "review_reason": "embedding cluster has compatible weak-source interpretation", "area_m2": 1638400.0}, "geometry": {"type": "Polygon", "coordinates": [[[30.098115221, -1.865335936], [30.109607319, -1.865315526], [30.109627704, -1.876878797], [30.098135531, -1.876899334], [30.098115221, -1.865335936]]]}}, {"type": "Feature", "id": "training_2023_20230721_20230723_r001_c013_00007", "properties": {"patch_id": "training_2023_20230721_20230723_r001_c013_00007", "training_tag": "training_2023_20230721_20230723", "year": 2023, "split": "train", "cluster_id": 1, "dominant_interpretation": "vegetation", "weak_source_fraction": 1.0, "anomaly_score": 0.697027, "review_priority": "embedding_supported", "review_reason": "embedding cluster has compatible weak-source interpretation", "area_m2": 1638400.0}, "geometry": {"type": "Polygon", "coordinates": [[[30.12109929, -1.86529504], [30.132591135, -1.865274479], [30.13261167, -1.876837496], [30.12111975, -1.876858184], [30.12109929, -1.86529504]]]}}, {"type": "Feature", "id": "training_2023_20230721_20230723_r001_c014_00008", "properties": {"patch_id": "training_2023_20230721_20230723_r001_c014_00008", "training_tag": "training_2023_20230721_20230723", "year": 2023, "split": "train", "cluster_id": 2, "dominant_interpretation": "built_up", "weak_source_fraction": 0.768632, "anomaly_score": 0.932538, "review_priority": "high_anomaly", "review_reason": "high embedding anomaly", "area_m2": 1638400.0}, "geometry": {"type": "Polygon", "coordinates": [[[30.132591135, -1.865274479], [30.144082852, -1.865253843], [30.144103462, -1.876816732], [30.13261167, -1.876837496], [30.132591135, -1.865274479]]]}}, {"type": "Feature", "id": "training_2023_20230721_20230723_r002_c007_00009", "properties": {"patch_id": "training_2023_20230721_20230723_r002_c007_00009", "training_tag": "training_2023_20230721_20230723", "year": 2023, "split": "train", "cluster_id": 7, "dominant_interpretation": "vegetation", "weak_source_fraction": 1.0, "anomaly_score": 0.30179, "review_priority": "embedding_supported", "review_reason": "embedding cluster has compatible weak-source interpretation", "area_m2": 1638400.0}, "geometry": {"type": "Polygon", "coordinates": [[[30.052165588, -1.876980725], [30.063658261, -1.876960491], [30.06367847, -1.888524264], [30.052185722, -1.888544623], [30.052165588, -1.876980725]]]}}, {"type": "Feature", "id": "training_2023_20230721_20230723_r002_c008_00010", "properties": {"patch_id": "training_2023_20230721_20230723_r002_c008_00010", "training_tag": "training_2023_20230721_20230723", "year": 2023, "split": "train", "cluster_id": 1, "dominant_interpretation": "vegetation", "weak_source_fraction": 0.960114, "anomaly_score": 0.036833, "review_priority": "embedding_supported", "review_reason": "embedding cluster has compatible weak-source interpretation", "area_m2": 1638400.0}, "geometry": {"type": "Polygon", "coordinates": [[[30.063658261, -1.876960491], [30.075150809, -1.876940181], [30.075171094, -1.888503829], [30.06367847, -1.888524264], [30.063658261, -1.876960491]]]}}, {"type": "Feature", "id": "training_2023_20230721_20230723_r002_c010_00011", "properties": {"patch_id": "training_2023_20230721_20230723_r002_c010_00011", "training_tag": "training_2023_20230721_20230723", "year": 2023, "split": "train", "cluster_id": 5, "dominant_interpretation": "vegetation", "weak_source_fraction": 1.0, "anomaly_score": 0.118479, "review_priority": "embedding_supported", "review_reason": "embedding cluster has compatible weak-source interpretation", "area_m2": 1638400.0}, "geometry": {"type": "Polygon", "coordinates": [[[30.086643233, -1.876919795], [30.098135531, -1.876899334], [30.098155967, -1.888462731], [30.086663593, -1.888483318], [30.086643233, -1.876919795]]]}}, {"type": "Feature", "id": "training_2023_20230721_20230723_r002_c011_00012", "properties": {"patch_id": "training_2023_20230721_20230723_r002_c011_00012", "training_tag": "training_2023_20230721_20230723", "year": 2023, "split": "train", "cluster_id": 1, "dominant_interpretation": "vegetation", "weak_source_fraction": 1.0, "anomaly_score": 0.052554, "review_priority": "embedding_supported", "review_reason": "embedding cluster has compatible weak-source interpretation", "area_m2": 1638400.0}, "geometry": {"type": "Polygon", "coordinates": [[[30.098135531, -1.876899334], [30.109627704, -1.876878797], [30.109648215, -1.888442067], [30.098155967, -1.888462731], [30.098135531, -1.876899334]]]}}, {"type": "Feature", "id": "training_2023_20230721_20230723_r002_c012_00013", "properties": {"patch_id": "training_2023_20230721_20230723_r002_c012_00013", "training_tag": "training_2023_20230721_20230723", "year": 2023, "split": "train", "cluster_id": 1, "dominant_interpretation": "vegetation", "weak_source_fraction": 0.99885, "anomaly_score": 0.081583, "review_priority": "embedding_supported", "review_reason": "embedding cluster has compatible weak-source interpretation", "area_m2": 1638400.0}, "geometry": {"type": "Polygon", "coordinates": [[[30.109627704, -1.876878797], [30.12111975, -1.876858184], [30.121140337, -1.888421327], [30.109648215, -1.888442067], [30.109627704, -1.876878797]]]}}, {"type": "Feature", "id": "training_2023_20230721_20230723_r002_c013_00014", "properties": {"patch_id": "training_2023_20230721_20230723_r002_c013_00014", "training_tag": "training_2023_20230721_20230723", "year": 2023, "split": "train", "cluster_id": 1, "dominant_interpretation": "vegetation", "weak_source_fraction": 0.965449, "anomaly_score": 0.18102, "review_priority": "embedding_supported", "review_reason": "embedding cluster has compatible weak-source interpretation", "area_m2": 1638400.0}, "geometry": {"type": "Polygon", "coordinates": [[[30.12111975, -1.876858184], [30.13261167, -1.876837496], [30.132632332, -1.888400511], [30.121140337, -1.888421327], [30.12111975, -1.876858184]]]}}, {"type": "Feature", "id": "training_2023_20230721_20230723_r002_c014_00015", "properties": {"patch_id": "training_2023_20230721_20230723_r002_c014_00015", "training_tag": "training_2023_20230721_20230723", "year": 2023, "split": "train", "cluster_id": 1, "dominant_interpretation": "built_up", "weak_source_fraction": 0.662377, "anomaly_score": 0.729404, "review_priority": "embedding_supported", "review_reason": "embedding cluster has compatible weak-source interpretation", "area_m2": 1638400.0}, "geometry": {"type": "Polygon", "coordinates": [[[30.13261167, -1.876837496], [30.144103462, -1.876816732], [30.1441242, -1.888379619], [30.132632332, -1.888400511], [30.13261167, -1.876837496]]]}}, {"type": "Feature", "id": "training_2023_20230721_20230723_r003_c007_00016", "properties": {"patch_id": "training_2023_20230721_20230723_r003_c007_00016", "training_tag": "training_2023_20230721_20230723", "year": 2023, "split": "train", "cluster_id": 5, "dominant_interpretation": "vegetation", "weak_source_fraction": 0.888723, "anomaly_score": 0.203795, "review_priority": "embedding_supported", "review_reason": "embedding cluster has compatible weak-source interpretation", "area_m2": 1638400.0}, "geometry": {"type": "Polygon", "coordinates": [[[30.052185722, -1.888544623], [30.06367847, -1.888524264], [30.063698804, -1.900088036], [30.05220598, -1.900108519], [30.052185722, -1.888544623]]]}}, {"type": "Feature", "id": "training_2023_20230721_20230723_r003_c008_00017", "properties": {"patch_id": "training_2023_20230721_20230723_r003_c008_00017", "training_tag": "training_2023_20230721_20230723", "year": 2023, "split": "train", "cluster_id": 3, "dominant_interpretation": "vegetation", "weak_source_fraction": 0.820609, "anomaly_score": 0.341487, "review_priority": "embedding_supported", "review_reason": "embedding cluster has compatible weak-source interpretation", "area_m2": 1638400.0}, "geometry": {"type": "Polygon", "coordinates": [[[30.06367847, -1.888524264], [30.075171094, -1.888503829], [30.075191504, -1.900067476], [30.063698804, -1.900088036], [30.06367847, -1.888524264]]]}}, {"type": "Feature", "id": "training_2023_20230721_20230723_r003_c009_00018", "properties": {"patch_id": "training_2023_20230721_20230723_r003_c009_00018", "training_tag": "training_2023_20230721_20230723", "year": 2023, "split": "train", "cluster_id": 5, "dominant_interpretation": "vegetation", "weak_source_fraction": 0.968607, "anomaly_score": 0.04603, "review_priority": "embedding_supported", "review_reason": "embedding cluster has compatible weak-source interpretation", "area_m2": 1638400.0}, "geometry": {"type": "Polygon", "coordinates": [[[30.075171094, -1.888503829], [30.086663593, -1.888483318], [30.086684079, -1.900046839], [30.075191504, -1.900067476], [30.075171094, -1.888503829]]]}}, {"type": "Feature", "id": "training_2023_20230721_20230723_r003_c010_00019", "properties": {"patch_id": "training_2023_20230721_20230723_r003_c010_00019", "training_tag": "training_2023_20230721_20230723", "year": 2023, "split": "train", "cluster_id": 5, "dominant_interpretation": "vegetation", "weak_source_fraction": 1.0, "anomaly_score": 0.177369, "review_priority": "embedding_supported", "review_reason": "embedding cluster has compatible weak-source interpretation", "area_m2": 1638400.0}, "geometry": {"type": "Polygon", "coordinates": [[[30.086663593, -1.888483318], [30.098155967, -1.888462731], [30.098176529, -1.900026125], [30.086684079, -1.900046839], [30.086663593, -1.888483318]]]}}, {"type": "Feature", "id": "training_2023_20230721_20230723_r003_c011_00020", "properties": {"patch_id": "training_2023_20230721_20230723_r003_c011_00020", "training_tag": "training_2023_20230721_20230723", "year": 2023, "split": "train", "cluster_id": 1, "dominant_interpretation": "vegetation", "weak_source_fraction": 0.975898, "anomaly_score": 0.537983, "review_priority": "embedding_supported", "review_reason": "embedding cluster has compatible weak-source interpretation", "area_m2": 1638400.0}, "geometry": {"type": "Polygon", "coordinates": [[[30.098155967, -1.888462731], [30.109648215, -1.888442067], [30.109668853, -1.900005335], [30.098176529, -1.900026125], [30.098155967, -1.888462731]]]}}, {"type": "Feature", "id": "training_2023_20230721_20230723_r003_c012_00021", "properties": {"patch_id": "training_2023_20230721_20230723_r003_c012_00021", "training_tag": "training_2023_20230721_20230723", "year": 2023, "split": "train", "cluster_id": 5, "dominant_interpretation": "vegetation", "weak_source_fraction": 0.997862, "anomaly_score": 0.232221, "review_priority": "embedding_supported", "review_reason": "embedding cluster has compatible weak-source interpretation", "area_m2": 1638400.0}, "geometry": {"type": "Polygon", "coordinates": [[[30.109648215, -1.888442067], [30.121140337, -1.888421327], [30.121161051, -1.899984468], [30.109668853, -1.900005335], [30.109648215, -1.888442067]]]}}, {"type": "Feature", "id": "training_2023_20230721_20230723_r003_c013_00022", "properties": {"patch_id": "training_2023_20230721_20230723_r003_c013_00022", "training_tag": "training_2023_20230721_20230723", "year": 2023, "split": "train", "cluster_id": 1, "dominant_interpretation": "vegetation", "weak_source_fraction": 0.999441, "anomaly_score": 0.023869, "review_priority": "embedding_supported", "review_reason": "embedding cluster has compatible weak-source interpretation", "area_m2": 1638400.0}, "geometry": {"type": "Polygon", "coordinates": [[[30.121140337, -1.888421327], [30.132632332, -1.888400511], [30.132653122, -1.899963524], [30.121161051, -1.899984468], [30.121140337, -1.888421327]]]}}, {"type": "Feature", "id": "training_2023_20230721_20230723_r003_c014_00023", "properties": {"patch_id": "training_2023_20230721_20230723_r003_c014_00023", "training_tag": "training_2023_20230721_20230723", "year": 2023, "split": "train", "cluster_id": 1, "dominant_interpretation": "vegetation", "weak_source_fraction": 1.0, "anomaly_score": 0.499238, "review_priority": "embedding_supported", "review_reason": "embedding cluster has compatible weak-source interpretation", "area_m2": 1638400.0}, "geometry": {"type": "Polygon", "coordinates": [[[30.132632332, -1.888400511], [30.1441242, -1.888379619], [30.144145066, -1.899942504], [30.132653122, -1.899963524], [30.132632332, -1.888400511]]]}}, {"type": "Feature", "id": "training_2023_20230721_20230723_r004_c007_00024", "properties": {"patch_id": "training_2023_20230721_20230723_r004_c007_00024", "training_tag": "training_2023_20230721_20230723", "year": 2023, "split": "train", "cluster_id": 3, "dominant_interpretation": "vegetation", "weak_source_fraction": 0.545009, "anomaly_score": 0.250199, "review_priority": "weak_support_review", "review_reason": "mixed or weak-source support", "area_m2": 1638400.0}, "geometry": {"type": "Polygon", "coordinates": [[[30.05220598, -1.900108519], [30.063698804, -1.900088036], [30.063719262, -1.911651806], [30.052226361, -1.911672414], [30.05220598, -1.900108519]]]}}, {"type": "Feature", "id": "training_2023_20230721_20230723_r004_c008_00025", "properties": {"patch_id": "training_2023_20230721_20230723_r004_c008_00025", "training_tag": "training_2023_20230721_20230723", "year": 2023, "split": "train", "cluster_id": 3, "dominant_interpretation": "vegetation", "weak_source_fraction": 0.61086, "anomaly_score": 0.48663, "review_priority": "weak_support_review", "review_reason": "mixed or weak-source support", "area_m2": 1638400.0}, "geometry": {"type": "Polygon", "coordinates": [[[30.063698804, -1.900088036], [30.075191504, -1.900067476], [30.075212038, -1.91163112], [30.063719262, -1.911651806], [30.063698804, -1.900088036]]]}}, {"type": "Feature", "id": "training_2023_20230721_20230723_r004_c009_00026", "properties": {"patch_id": "training_2023_20230721_20230723_r004_c009_00026", "training_tag": "training_2023_20230721_20230723", "year": 2023, "split": "train", "cluster_id": 5, "dominant_interpretation": "vegetation", "weak_source_fraction": 0.980938, "anomaly_score": 0.349498, "review_priority": "embedding_supported", "review_reason": "embedding cluster has compatible weak-source interpretation", "area_m2": 1638400.0}, "geometry": {"type": "Polygon", "coordinates": [[[30.075191504, -1.900067476], [30.086684079, -1.900046839], [30.08670469, -1.911610358], [30.075212038, -1.91163112], [30.075191504, -1.900067476]]]}}, {"type": "Feature", "id": "training_2023_20230721_20230723_r004_c010_00027", "properties": {"patch_id": "training_2023_20230721_20230723_r004_c010_00027", "training_tag": "training_2023_20230721_20230723", "year": 2023, "split": "train", "cluster_id": 1, "dominant_interpretation": "vegetation", "weak_source_fraction": 0.881593, "anomaly_score": 0.433359, "review_priority": "embedding_supported", "review_reason": "embedding cluster has compatible weak-source interpretation", "area_m2": 1638400.0}, "geometry": {"type": "Polygon", "coordinates": [[[30.086684079, -1.900046839], [30.098176529, -1.900026125], [30.098197216, -1.911589518], [30.08670469, -1.911610358], [30.086684079, -1.900046839]]]}}, {"type": "Feature", "id": "training_2023_20230721_20230723_r004_c011_00028", "properties": {"patch_id": "training_2023_20230721_20230723_r004_c011_00028", "training_tag": "training_2023_20230721_20230723", "year": 2023, "split": "train", "cluster_id": 5, "dominant_interpretation": "vegetation", "weak_source_fraction": 0.998486, "anomaly_score": 0.138307, "review_priority": "embedding_supported", "review_reason": "embedding cluster has compatible weak-source interpretation", "area_m2": 1638400.0}, "geometry": {"type": "Polygon", "coordinates": [[[30.098176529, -1.900026125], [30.109668853, -1.900005335], [30.109689616, -1.911568601], [30.098197216, -1.911589518], [30.098176529, -1.900026125]]]}}, {"type": "Feature", "id": "training_2023_20230721_20230723_r004_c012_00029", "properties": {"patch_id": "training_2023_20230721_20230723_r004_c012_00029", "training_tag": "training_2023_20230721_20230723", "year": 2023, "split": "train", "cluster_id": 5, "dominant_interpretation": "vegetation", "weak_source_fraction": 1.0, "anomaly_score": 0.221403, "review_priority": "embedding_supported", "review_reason": "embedding cluster has compatible weak-source interpretation", "area_m2": 1638400.0}, "geometry": {"type": "Polygon", "coordinates": [[[30.109668853, -1.900005335], [30.121161051, -1.899984468], [30.121181891, -1.911547607], [30.109689616, -1.911568601], [30.109668853, -1.900005335]]]}}, {"type": "Feature", "id": "training_2023_20230721_20230723_r004_c013_00030", "properties": {"patch_id": "training_2023_20230721_20230723_r004_c013_00030", "training_tag": "training_2023_20230721_20230723", "year": 2023, "split": "train", "cluster_id": 5, "dominant_interpretation": "vegetation", "weak_source_fraction": 1.0, "anomaly_score": 0.232041, "review_priority": "embedding_supported", "review_reason": "embedding cluster has compatible weak-source interpretation", "area_m2": 1638400.0}, "geometry": {"type": "Polygon", "coordinates": [[[30.121161051, -1.899984468], [30.132653122, -1.899963524], [30.132674038, -1.911526536], [30.121181891, -1.911547607], [30.121161051, -1.899984468]]]}}, {"type": "Feature", "id": "training_2023_20230721_20230723_r004_c014_00031", "properties": {"patch_id": "training_2023_20230721_20230723_r004_c014_00031", "training_tag": "training_2023_20230721_20230723", "year": 2023, "split": "train", "cluster_id": 1, "dominant_interpretation": "vegetation", "weak_source_fraction": 0.878728, "anomaly_score": 0.095299, "review_priority": "embedding_supported", "review_reason": "embedding cluster has compatible weak-source interpretation", "area_m2": 1638400.0}, "geometry": {"type": "Polygon", "coordinates": [[[30.132653122, -1.899963524], [30.144145066, -1.899942504], [30.144166059, -1.911505388], [30.132674038, -1.911526536], [30.132653122, -1.899963524]]]}}, {"type": "Feature", "id": "training_2023_20230721_20230723_r005_c007_00032", "properties": {"patch_id": "training_2023_20230721_20230723_r005_c007_00032", "training_tag": "training_2023_20230721_20230723", "year": 2023, "split": "train", "cluster_id": 7, "dominant_interpretation": "vegetation", "weak_source_fraction": 0.916557, "anomaly_score": 0.160987, "review_priority": "embedding_supported", "review_reason": "embedding cluster has compatible weak-source interpretation", "area_m2": 1638400.0}, "geometry": {"type": "Polygon", "coordinates": [[[30.052226361, -1.911672414], [30.063719262, -1.911651806], [30.063739844, -1.923215574], [30.052246867, -1.923236307], [30.052226361, -1.911672414]]]}}, {"type": "Feature", "id": "training_2023_20230721_20230723_r005_c008_00033", "properties": {"patch_id": "training_2023_20230721_20230723_r005_c008_00033", "training_tag": "training_2023_20230721_20230723", "year": 2023, "split": "train", "cluster_id": 5, "dominant_interpretation": "vegetation", "weak_source_fraction": 0.998414, "anomaly_score": 0.50715, "review_priority": "embedding_supported", "review_reason": "embedding cluster has compatible weak-source interpretation", "area_m2": 1638400.0}, "geometry": {"type": "Polygon", "coordinates": [[[30.063719262, -1.911651806], [30.075212038, -1.91163112], [30.075232698, -1.923194763], [30.063739844, -1.923215574], [30.063719262, -1.911651806]]]}}, {"type": "Feature", "id": "training_2023_20230721_20230723_r005_c009_00034", "properties": {"patch_id": "training_2023_20230721_20230723_r005_c009_00034", "training_tag": "training_2023_20230721_20230723", "year": 2023, "split": "train", "cluster_id": 5, "dominant_interpretation": "vegetation", "weak_source_fraction": 0.995425, "anomaly_score": 0.168322, "review_priority": "embedding_supported", "review_reason": "embedding cluster has compatible weak-source interpretation", "area_m2": 1638400.0}, "geometry": {"type": "Polygon", "coordinates": [[[30.075212038, -1.91163112], [30.08670469, -1.911610358], [30.086725426, -1.923173875], [30.075232698, -1.923194763], [30.075212038, -1.91163112]]]}}, {"type": "Feature", "id": "training_2023_20230721_20230723_r005_c010_00035", "properties": {"patch_id": "training_2023_20230721_20230723_r005_c010_00035", "training_tag": "training_2023_20230721_20230723", "year": 2023, "split": "train", "cluster_id": 7, "dominant_interpretation": "vegetation", "weak_source_fraction": 0.993524, "anomaly_score": 0.139484, "review_priority": "embedding_supported", "review_reason": "embedding cluster has compatible weak-source interpretation", "area_m2": 1638400.0}, "geometry": {"type": "Polygon", "coordinates": [[[30.08670469, -1.911610358], [30.098197216, -1.911589518], [30.098218029, -1.923152909], [30.086725426, -1.923173875], [30.08670469, -1.911610358]]]}}, {"type": "Feature", "id": "training_2023_20230721_20230723_r005_c011_00036", "properties": {"patch_id": "training_2023_20230721_20230723_r005_c011_00036", "training_tag": "training_2023_20230721_20230723", "year": 2023, "split": "train", "cluster_id": 5, "dominant_interpretation": "vegetation", "weak_source_fraction": 1.0, "anomaly_score": 0.0, "review_priority": "embedding_supported", "review_reason": "embedding cluster has compatible weak-source interpretation", "area_m2": 1638400.0}, "geometry": {"type": "Polygon", "coordinates": [[[30.098197216, -1.911589518], [30.109689616, -1.911568601], [30.109710507, -1.923131866], [30.098218029, -1.923152909], [30.098197216, -1.911589518]]]}}, {"type": "Feature", "id": "training_2023_20230721_20230723_r005_c012_00037", "properties": {"patch_id": "training_2023_20230721_20230723_r005_c012_00037", "training_tag": "training_2023_20230721_20230723", "year": 2023, "split": "train", "cluster_id": 5, "dominant_interpretation": "vegetation", "weak_source_fraction": 0.999523, "anomaly_score": 0.144047, "review_priority": "embedding_supported", "review_reason": "embedding cluster has compatible weak-source interpretation", "area_m2": 1638400.0}, "geometry": {"type": "Polygon", "coordinates": [[[30.109689616, -1.911568601], [30.121181891, -1.911547607], [30.121202858, -1.923110744], [30.109710507, -1.923131866], [30.109689616, -1.911568601]]]}}, {"type": "Feature", "id": "training_2023_20230721_20230723_r005_c013_00038", "properties": {"patch_id": "training_2023_20230721_20230723_r005_c013_00038", "training_tag": "training_2023_20230721_20230723", "year": 2023, "split": "train", "cluster_id": 5, "dominant_interpretation": "vegetation", "weak_source_fraction": 0.925773, "anomaly_score": 0.124184, "review_priority": "embedding_supported", "review_reason": "embedding cluster has compatible weak-source interpretation", "area_m2": 1638400.0}, "geometry": {"type": "Polygon", "coordinates": [[[30.121181891, -1.911547607], [30.132674038, -1.911526536], [30.132695082, -1.923089546], [30.121202858, -1.923110744], [30.121181891, -1.911547607]]]}}, {"type": "Feature", "id": "training_2023_20230721_20230723_r005_c014_00039", "properties": {"patch_id": "training_2023_20230721_20230723_r005_c014_00039", "training_tag": "training_2023_20230721_20230723", "year": 2023, "split": "train", "cluster_id": 1, "dominant_interpretation": "vegetation", "weak_source_fraction": 0.854466, "anomaly_score": 0.081656, "review_priority": "embedding_supported", "review_reason": "embedding cluster has compatible weak-source interpretation", "area_m2": 1638400.0}, "geometry": {"type": "Polygon", "coordinates": [[[30.132674038, -1.911526536], [30.144166059, -1.911505388], [30.14418718, -1.923068269], [30.132695082, -1.923089546], [30.132674038, -1.911526536]]]}}, {"type": "Feature", "id": "training_2023_20230721_20230723_r006_c007_00040", "properties": {"patch_id": "training_2023_20230721_20230723_r006_c007_00040", "training_tag": "training_2023_20230721_20230723", "year": 2023, "split": "train", "cluster_id": 5, "dominant_interpretation": "vegetation", "weak_source_fraction": 0.983162, "anomaly_score": 0.347698, "review_priority": "embedding_supported", "review_reason": "embedding cluster has compatible weak-source interpretation", "area_m2": 1638400.0}, "geometry": {"type": "Polygon", "coordinates": [[[30.052246867, -1.923236307], [30.063739844, -1.923215574], [30.063760551, -1.93477934], [30.052267496, -1.934800198], [30.052246867, -1.923236307]]]}}, {"type": "Feature", "id": "training_2023_20230721_20230723_r006_c008_00041", "properties": {"patch_id": "training_2023_20230721_20230723_r006_c008_00041", "training_tag": "training_2023_20230721_20230723", "year": 2023, "split": "train", "cluster_id": 5, "dominant_interpretation": "vegetation", "weak_source_fraction": 0.96344, "anomaly_score": 0.0, "review_priority": "embedding_supported", "review_reason": "embedding cluster has compatible weak-source interpretation", "area_m2": 1638400.0}, "geometry": {"type": "Polygon", "coordinates": [[[30.063739844, -1.923215574], [30.075232698, -1.923194763], [30.075253482, -1.934758404], [30.063760551, -1.93477934], [30.063739844, -1.923215574]]]}}, {"type": "Feature", "id": "training_2023_20230721_20230723_r006_c009_00042", "properties": {"patch_id": "training_2023_20230721_20230723_r006_c009_00042", "training_tag": "training_2023_20230721_20230723", "year": 2023, "split": "train", "cluster_id": 5, "dominant_interpretation": "vegetation", "weak_source_fraction": 0.829341, "anomaly_score": 0.202935, "review_priority": "embedding_supported", "review_reason": "embedding cluster has compatible weak-source interpretation", "area_m2": 1638400.0}, "geometry": {"type": "Polygon", "coordinates": [[[30.075232698, -1.923194763], [30.086725426, -1.923173875], [30.086746287, -1.93473739], [30.075253482, -1.934758404], [30.075232698, -1.923194763]]]}}, {"type": "Feature", "id": "training_2023_20230721_20230723_r006_c010_00043", "properties": {"patch_id": "training_2023_20230721_20230723_r006_c010_00043", "training_tag": "training_2023_20230721_20230723", "year": 2023, "split": "train", "cluster_id": 3, "dominant_interpretation": "vegetation", "weak_source_fraction": 0.741381, "anomaly_score": 0.407657, "review_priority": "embedding_supported", "review_reason": "embedding cluster has compatible weak-source interpretation", "area_m2": 1638400.0}, "geometry": {"type": "Polygon", "coordinates": [[[30.086725426, -1.923173875], [30.098218029, -1.923152909], [30.098238968, -1.934716298], [30.086746287, -1.93473739], [30.086725426, -1.923173875]]]}}, {"type": "Feature", "id": "training_2023_20230721_20230723_r006_c011_00044", "properties": {"patch_id": "training_2023_20230721_20230723_r006_c011_00044", "training_tag": "training_2023_20230721_20230723", "year": 2023, "split": "train", "cluster_id": 5, "dominant_interpretation": "vegetation", "weak_source_fraction": 0.979583, "anomaly_score": 0.0, "review_priority": "embedding_supported", "review_reason": "embedding cluster has compatible weak-source interpretation", "area_m2": 1638400.0}, "geometry": {"type": "Polygon", "coordinates": [[[30.098218029, -1.923152909], [30.109710507, -1.923131866], [30.109731523, -1.934695128], [30.098238968, -1.934716298], [30.098218029, -1.923152909]]]}}, {"type": "Feature", "id": "training_2023_20230721_20230723_r006_c012_00045", "properties": {"patch_id": "training_2023_20230721_20230723_r006_c012_00045", "training_tag": "training_2023_20230721_20230723", "year": 2023, "split": "train", "cluster_id": 5, "dominant_interpretation": "vegetation", "weak_source_fraction": 1.0, "anomaly_score": 0.439844, "review_priority": "embedding_supported", "review_reason": "embedding cluster has compatible weak-source interpretation", "area_m2": 1638400.0}, "geometry": {"type": "Polygon", "coordinates": [[[30.109710507, -1.923131866], [30.121202858, -1.923110744], [30.121223951, -1.93467388], [30.109731523, -1.934695128], [30.109710507, -1.923131866]]]}}, {"type": "Feature", "id": "training_2023_20230721_20230723_r006_c013_00046", "properties": {"patch_id": "training_2023_20230721_20230723_r006_c013_00046", "training_tag": "training_2023_20230721_20230723", "year": 2023, "split": "train", "cluster_id": 7, "dominant_interpretation": "vegetation", "weak_source_fraction": 0.929707, "anomaly_score": 0.248035, "review_priority": "embedding_supported", "review_reason": "embedding cluster has compatible weak-source interpretation", "area_m2": 1638400.0}, "geometry": {"type": "Polygon", "coordinates": [[[30.121202858, -1.923110744], [30.132695082, -1.923089546], [30.132716253, -1.934652554], [30.121223951, -1.93467388], [30.121202858, -1.923110744]]]}}, {"type": "Feature", "id": "training_2023_20230721_20230723_r006_c014_00047", "properties": {"patch_id": "training_2023_20230721_20230723_r006_c014_00047", "training_tag": "training_2023_20230721_20230723", "year": 2023, "split": "train", "cluster_id": 7, "dominant_interpretation": "vegetation", "weak_source_fraction": 0.972744, "anomaly_score": 0.112806, "review_priority": "embedding_supported", "review_reason": "embedding cluster has compatible weak-source interpretation", "area_m2": 1638400.0}, "geometry": {"type": "Polygon", "coordinates": [[[30.132695082, -1.923089546], [30.14418718, -1.923068269], [30.144208428, -1.934631149], [30.132716253, -1.934652554], [30.132695082, -1.923089546]]]}}, {"type": "Feature", "id": "training_2023_20230721_20230723_r007_c007_00048", "properties": {"patch_id": "training_2023_20230721_20230723_r007_c007_00048", "training_tag": "training_2023_20230721_20230723", "year": 2023, "split": "train", "cluster_id": 5, "dominant_interpretation": "vegetation", "weak_source_fraction": 0.99896, "anomaly_score": 0.427915, "review_priority": "embedding_supported", "review_reason": "embedding cluster has compatible weak-source interpretation", "area_m2": 1638400.0}, "geometry": {"type": "Polygon", "coordinates": [[[30.052267496, -1.934800198], [30.063760551, -1.93477934], [30.063781382, -1.946343105], [30.052288249, -1.946364087], [30.052267496, -1.934800198]]]}}, {"type": "Feature", "id": "training_2023_20230721_20230723_r007_c008_00049", "properties": {"patch_id": "training_2023_20230721_20230723_r007_c008_00049", "training_tag": "training_2023_20230721_20230723", "year": 2023, "split": "train", "cluster_id": 5, "dominant_interpretation": "vegetation", "weak_source_fraction": 0.978063, "anomaly_score": 0.0, "review_priority": "embedding_supported", "review_reason": "embedding cluster has compatible weak-source interpretation", "area_m2": 1638400.0}, "geometry": {"type": "Polygon", "coordinates": [[[30.063760551, -1.93477934], [30.075253482, -1.934758404], [30.075274391, -1.946322044], [30.063781382, -1.946343105], [30.063760551, -1.93477934]]]}}, {"type": "Feature", "id": "training_2023_20230721_20230723_r007_c009_00050", "properties": {"patch_id": "training_2023_20230721_20230723_r007_c009_00050", "training_tag": "training_2023_20230721_20230723", "year": 2023, "split": "train", "cluster_id": 7, "dominant_interpretation": "vegetation", "weak_source_fraction": 0.985454, "anomaly_score": 0.001671, "review_priority": "embedding_supported", "review_reason": "embedding cluster has compatible weak-source interpretation", "area_m2": 1638400.0}, "geometry": {"type": "Polygon", "coordinates": [[[30.075253482, -1.934758404], [30.086746287, -1.93473739], [30.086767274, -1.946300904], [30.075274391, -1.946322044], [30.075253482, -1.934758404]]]}}, {"type": "Feature", "id": "training_2023_20230721_20230723_r007_c010_00051", "properties": {"patch_id": "training_2023_20230721_20230723_r007_c010_00051", "training_tag": "training_2023_20230721_20230723", "year": 2023, "split": "train", "cluster_id": 3, "dominant_interpretation": "vegetation", "weak_source_fraction": 0.88543, "anomaly_score": 0.244289, "review_priority": "embedding_supported", "review_reason": "embedding cluster has compatible weak-source interpretation", "area_m2": 1638400.0}, "geometry": {"type": "Polygon", "coordinates": [[[30.086746287, -1.93473739], [30.098238968, -1.934716298], [30.098260033, -1.946279686], [30.086767274, -1.946300904], [30.086746287, -1.93473739]]]}}, {"type": "Feature", "id": "training_2023_20230721_20230723_r007_c011_00052", "properties": {"patch_id": "training_2023_20230721_20230723_r007_c011_00052", "training_tag": "training_2023_20230721_20230723", "year": 2023, "split": "train", "cluster_id": 5, "dominant_interpretation": "vegetation", "weak_source_fraction": 0.921923, "anomaly_score": 0.21075, "review_priority": "embedding_supported", "review_reason": "embedding cluster has compatible weak-source interpretation", "area_m2": 1638400.0}, "geometry": {"type": "Polygon", "coordinates": [[[30.098238968, -1.934716298], [30.109731523, -1.934695128], [30.109752665, -1.946258389], [30.098260033, -1.946279686], [30.098238968, -1.934716298]]]}}, {"type": "Feature", "id": "training_2023_20230721_20230723_r007_c012_00053", "properties": {"patch_id": "training_2023_20230721_20230723_r007_c012_00053", "training_tag": "training_2023_20230721_20230723", "year": 2023, "split": "train", "cluster_id": 7, "dominant_interpretation": "vegetation", "weak_source_fraction": 0.894163, "anomaly_score": 0.056653, "review_priority": "embedding_supported", "review_reason": "embedding cluster has compatible weak-source interpretation", "area_m2": 1638400.0}, "geometry": {"type": "Polygon", "coordinates": [[[30.109731523, -1.934695128], [30.121223951, -1.93467388], [30.121245172, -1.946237014], [30.109752665, -1.946258389], [30.109731523, -1.934695128]]]}}, {"type": "Feature", "id": "training_2023_20230721_20230723_r007_c013_00054", "properties": {"patch_id": "training_2023_20230721_20230723_r007_c013_00054", "training_tag": "training_2023_20230721_20230723", "year": 2023, "split": "train", "cluster_id": 7, "dominant_interpretation": "vegetation", "weak_source_fraction": 0.99618, "anomaly_score": 0.390935, "review_priority": "embedding_supported", "review_reason": "embedding cluster has compatible weak-source interpretation", "area_m2": 1638400.0}, "geometry": {"type": "Polygon", "coordinates": [[[30.121223951, -1.93467388], [30.132716253, -1.934652554], [30.132737551, -1.94621556], [30.121245172, -1.946237014], [30.121223951, -1.93467388]]]}}, {"type": "Feature", "id": "training_2023_20230721_20230723_r007_c014_00055", "properties": {"patch_id": "training_2023_20230721_20230723_r007_c014_00055", "training_tag": "training_2023_20230721_20230723", "year": 2023, "split": "train", "cluster_id": 7, "dominant_interpretation": "vegetation", "weak_source_fraction": 0.999769, "anomaly_score": 0.768189, "review_priority": "embedding_supported", "review_reason": "embedding cluster has compatible weak-source interpretation", "area_m2": 1638400.0}, "geometry": {"type": "Polygon", "coordinates": [[[30.132716253, -1.934652554], [30.144208428, -1.934631149], [30.144229804, -1.946194028], [30.132737551, -1.94621556], [30.132716253, -1.934652554]]]}}, {"type": "Feature", "id": "training_2023_20230721_20230723_r008_c006_00056", "properties": {"patch_id": "training_2023_20230721_20230723_r008_c006_00056", "training_tag": "training_2023_20230721_20230723", "year": 2023, "split": "train", "cluster_id": 5, "dominant_interpretation": "vegetation", "weak_source_fraction": 0.936319, "anomaly_score": 0.433039, "review_priority": "embedding_supported", "review_reason": "embedding cluster has compatible weak-source interpretation", "area_m2": 1638400.0}, "geometry": {"type": "Polygon", "coordinates": [[[30.040794993, -1.946384991], [30.052288249, -1.946364087], [30.052309126, -1.957927975], [30.040815791, -1.957949003], [30.040794993, -1.946384991]]]}}, {"type": "Feature", "id": "training_2023_20230721_20230723_r008_c007_00057", "properties": {"patch_id": "training_2023_20230721_20230723_r008_c007_00057", "training_tag": "training_2023_20230721_20230723", "year": 2023, "split": "train", "cluster_id": 7, "dominant_interpretation": "vegetation", "weak_source_fraction": 0.996014, "anomaly_score": 0.757631, "review_priority": "embedding_supported", "review_reason": "embedding cluster has compatible weak-source interpretation", "area_m2": 1638400.0}, "geometry": {"type": "Polygon", "coordinates": [[[30.052288249, -1.946364087], [30.063781382, -1.946343105], [30.063802338, -1.957906867], [30.052309126, -1.957927975], [30.052288249, -1.946364087]]]}}, {"type": "Feature", "id": "training_2023_20230721_20230723_r008_c008_00058", "properties": {"patch_id": "training_2023_20230721_20230723_r008_c008_00058", "training_tag": "training_2023_20230721_20230723", "year": 2023, "split": "train", "cluster_id": 1, "dominant_interpretation": "vegetation", "weak_source_fraction": 0.957383, "anomaly_score": 0.259545, "review_priority": "embedding_supported", "review_reason": "embedding cluster has compatible weak-source interpretation", "area_m2": 1638400.0}, "geometry": {"type": "Polygon", "coordinates": [[[30.063781382, -1.946343105], [30.075274391, -1.946322044], [30.075295424, -1.957885681], [30.063802338, -1.957906867], [30.063781382, -1.946343105]]]}}, {"type": "Feature", "id": "training_2023_20230721_20230723_r008_c009_00059", "properties": {"patch_id": "training_2023_20230721_20230723_r008_c009_00059", "training_tag": "training_2023_20230721_20230723", "year": 2023, "split": "train", "cluster_id": 5, "dominant_interpretation": "vegetation", "weak_source_fraction": 0.987949, "anomaly_score": 0.531343, "review_priority": "embedding_supported", "review_reason": "embedding cluster has compatible weak-source interpretation", "area_m2": 1638400.0}, "geometry": {"type": "Polygon", "coordinates": [[[30.075274391, -1.946322044], [30.086767274, -1.946300904], [30.086788386, -1.957864416], [30.075295424, -1.957885681], [30.075274391, -1.946322044]]]}}, {"type": "Feature", "id": "training_2023_20230721_20230723_r008_c010_00060", "properties": {"patch_id": "training_2023_20230721_20230723_r008_c010_00060", "training_tag": "training_2023_20230721_20230723", "year": 2023, "split": "train", "cluster_id": 7, "dominant_interpretation": "vegetation", "weak_source_fraction": 0.970925, "anomaly_score": 0.46394, "review_priority": "embedding_supported", "review_reason": "embedding cluster has compatible weak-source interpretation", "area_m2": 1638400.0}, "geometry": {"type": "Polygon", "coordinates": [[[30.086767274, -1.946300904], [30.098260033, -1.946279686], [30.098281223, -1.957843071], [30.086788386, -1.957864416], [30.086767274, -1.946300904]]]}}, {"type": "Feature", "id": "training_2023_20230721_20230723_r008_c011_00061", "properties": {"patch_id": "training_2023_20230721_20230723_r008_c011_00061", "training_tag": "training_2023_20230721_20230723", "year": 2023, "split": "train", "cluster_id": 5, "dominant_interpretation": "vegetation", "weak_source_fraction": 0.956445, "anomaly_score": 0.05821, "review_priority": "embedding_supported", "review_reason": "embedding cluster has compatible weak-source interpretation", "area_m2": 1638400.0}, "geometry": {"type": "Polygon", "coordinates": [[[30.098260033, -1.946279686], [30.109752665, -1.946258389], [30.109773934, -1.957821648], [30.098281223, -1.957843071], [30.098260033, -1.946279686]]]}}, {"type": "Feature", "id": "training_2023_20230721_20230723_r008_c012_00062", "properties": {"patch_id": "training_2023_20230721_20230723_r008_c012_00062", "training_tag": "training_2023_20230721_20230723", "year": 2023, "split": "train", "cluster_id": 5, "dominant_interpretation": "vegetation", "weak_source_fraction": 1.0, "anomaly_score": 0.304019, "review_priority": "embedding_supported", "review_reason": "embedding cluster has compatible weak-source interpretation", "area_m2": 1638400.0}, "geometry": {"type": "Polygon", "coordinates": [[[30.109752665, -1.946258389], [30.121245172, -1.946237014], [30.121266519, -1.957800146], [30.109773934, -1.957821648], [30.109752665, -1.946258389]]]}}, {"type": "Feature", "id": "training_2023_20230721_20230723_r008_c013_00063", "properties": {"patch_id": "training_2023_20230721_20230723_r008_c013_00063", "training_tag": "training_2023_20230721_20230723", "year": 2023, "split": "train", "cluster_id": 7, "dominant_interpretation": "vegetation", "weak_source_fraction": 0.996412, "anomaly_score": 0.14778, "review_priority": "embedding_supported", "review_reason": "embedding cluster has compatible weak-source interpretation", "area_m2": 1638400.0}, "geometry": {"type": "Polygon", "coordinates": [[[30.121245172, -1.946237014], [30.132737551, -1.94621556], [30.132758977, -1.957778564], [30.121266519, -1.957800146], [30.121245172, -1.946237014]]]}}, {"type": "Feature", "id": "training_2023_20230721_20230723_r008_c014_00064", "properties": {"patch_id": "training_2023_20230721_20230723_r008_c014_00064", "training_tag": "training_2023_20230721_20230723", "year": 2023, "split": "train", "cluster_id": 7, "dominant_interpretation": "vegetation", "weak_source_fraction": 0.912567, "anomaly_score": 0.0, "review_priority": "embedding_supported", "review_reason": "embedding cluster has compatible weak-source interpretation", "area_m2": 1638400.0}, "geometry": {"type": "Polygon", "coordinates": [[[30.132737551, -1.94621556], [30.144229804, -1.946194028], [30.144251307, -1.957756904], [30.132758977, -1.957778564], [30.132737551, -1.94621556]]]}}, {"type": "Feature", "id": "training_2023_20230721_20230723_r009_c006_00065", "properties": {"patch_id": "training_2023_20230721_20230723_r009_c006_00065", "training_tag": "training_2023_20230721_20230723", "year": 2023, "split": "train", "cluster_id": 7, "dominant_interpretation": "vegetation", "weak_source_fraction": 1.0, "anomaly_score": 0.355234, "review_priority": "embedding_supported", "review_reason": "embedding cluster has compatible weak-source interpretation", "area_m2": 1638400.0}, "geometry": {"type": "Polygon", "coordinates": [[[30.040815791, -1.957949003], [30.052309126, -1.957927975], [30.052330128, -1.96949186], [30.040836714, -1.969513013], [30.040815791, -1.957949003]]]}}, {"type": "Feature", "id": "training_2023_20230721_20230723_r009_c007_00066", "properties": {"patch_id": "training_2023_20230721_20230723_r009_c007_00066", "training_tag": "training_2023_20230721_20230723", "year": 2023, "split": "train", "cluster_id": 7, "dominant_interpretation": "vegetation", "weak_source_fraction": 0.993216, "anomaly_score": 0.911575, "review_priority": "high_anomaly", "review_reason": "high embedding anomaly", "area_m2": 1638400.0}, "geometry": {"type": "Polygon", "coordinates": [[[30.052309126, -1.957927975], [30.063802338, -1.957906867], [30.063823417, -1.969470628], [30.052330128, -1.96949186], [30.052309126, -1.957927975]]]}}, {"type": "Feature", "id": "training_2023_20230721_20230723_r009_c008_00067", "properties": {"patch_id": "training_2023_20230721_20230723_r009_c008_00067", "training_tag": "training_2023_20230721_20230723", "year": 2023, "split": "train", "cluster_id": 5, "dominant_interpretation": "vegetation", "weak_source_fraction": 0.968674, "anomaly_score": 0.072131, "review_priority": "embedding_supported", "review_reason": "embedding cluster has compatible weak-source interpretation", "area_m2": 1638400.0}, "geometry": {"type": "Polygon", "coordinates": [[[30.063802338, -1.957906867], [30.075295424, -1.957885681], [30.075316583, -1.969449317], [30.063823417, -1.969470628], [30.063802338, -1.957906867]]]}}, {"type": "Feature", "id": "training_2023_20230721_20230723_r009_c009_00068", "properties": {"patch_id": "training_2023_20230721_20230723_r009_c009_00068", "training_tag": "training_2023_20230721_20230723", "year": 2023, "split": "train", "cluster_id": 3, "dominant_interpretation": "vegetation", "weak_source_fraction": 0.914348, "anomaly_score": 0.284767, "review_priority": "embedding_supported", "review_reason": "embedding cluster has compatible weak-source interpretation", "area_m2": 1638400.0}, "geometry": {"type": "Polygon", "coordinates": [[[30.075295424, -1.957885681], [30.086788386, -1.957864416], [30.086809624, -1.969427926], [30.075316583, -1.969449317], [30.075295424, -1.957885681]]]}}, {"type": "Feature", "id": "training_2023_20230721_20230723_r009_c010_00069", "properties": {"patch_id": "training_2023_20230721_20230723_r009_c010_00069", "training_tag": "training_2023_20230721_20230723", "year": 2023, "split": "train", "cluster_id": 7, "dominant_interpretation": "vegetation", "weak_source_fraction": 0.894884, "anomaly_score": 0.321534, "review_priority": "embedding_supported", "review_reason": "embedding cluster has compatible weak-source interpretation", "area_m2": 1638400.0}, "geometry": {"type": "Polygon", "coordinates": [[[30.086788386, -1.957864416], [30.098281223, -1.957843071], [30.098302539, -1.969406455], [30.086809624, -1.969427926], [30.086788386, -1.957864416]]]}}, {"type": "Feature", "id": "training_2023_20230721_20230723_r009_c011_00070", "properties": {"patch_id": "training_2023_20230721_20230723_r009_c011_00070", "training_tag": "training_2023_20230721_20230723", "year": 2023, "split": "train", "cluster_id": 7, "dominant_interpretation": "vegetation", "weak_source_fraction": 0.999474, "anomaly_score": 0.335078, "review_priority": "embedding_supported", "review_reason": "embedding cluster has compatible weak-source interpretation", "area_m2": 1638400.0}, "geometry": {"type": "Polygon", "coordinates": [[[30.098281223, -1.957843071], [30.109773934, -1.957821648], [30.109795329, -1.969384905], [30.098302539, -1.969406455], [30.098281223, -1.957843071]]]}}, {"type": "Feature", "id": "training_2023_20230721_20230723_r009_c012_00071", "properties": {"patch_id": "training_2023_20230721_20230723_r009_c012_00071", "training_tag": "training_2023_20230721_20230723", "year": 2023, "split": "train", "cluster_id": 5, "dominant_interpretation": "vegetation", "weak_source_fraction": 0.962246, "anomaly_score": 0.26814, "review_priority": "embedding_supported", "review_reason": "embedding cluster has compatible weak-source interpretation", "area_m2": 1638400.0}, "geometry": {"type": "Polygon", "coordinates": [[[30.109773934, -1.957821648], [30.121266519, -1.957800146], [30.121287992, -1.969363276], [30.109795329, -1.969384905], [30.109773934, -1.957821648]]]}}, {"type": "Feature", "id": "training_2023_20230721_20230723_r009_c013_00072", "properties": {"patch_id": "training_2023_20230721_20230723_r009_c013_00072", "training_tag": "training_2023_20230721_20230723", "year": 2023, "split": "train", "cluster_id": 5, "dominant_interpretation": "vegetation", "weak_source_fraction": 0.88258, "anomaly_score": 0.0, "review_priority": "embedding_supported", "review_reason": "embedding cluster has compatible weak-source interpretation", "area_m2": 1638400.0}, "geometry": {"type": "Polygon", "coordinates": [[[30.121266519, -1.957800146], [30.132758977, -1.957778564], [30.132780529, -1.969341567], [30.121287992, -1.969363276], [30.121266519, -1.957800146]]]}}, {"type": "Feature", "id": "training_2023_20230721_20230723_r009_c014_00073", "properties": {"patch_id": "training_2023_20230721_20230723_r009_c014_00073", "training_tag": "training_2023_20230721_20230723", "year": 2023, "split": "train", "cluster_id": 7, "dominant_interpretation": "vegetation", "weak_source_fraction": 0.999876, "anomaly_score": 0.243693, "review_priority": "embedding_supported", "review_reason": "embedding cluster has compatible weak-source interpretation", "area_m2": 1638400.0}, "geometry": {"type": "Polygon", "coordinates": [[[30.132758977, -1.957778564], [30.144251307, -1.957756904], [30.144272938, -1.969319778], [30.132780529, -1.969341567], [30.132758977, -1.957778564]]]}}, {"type": "Feature", "id": "training_2023_20230721_20230723_r010_c006_00074", "properties": {"patch_id": "training_2023_20230721_20230723_r010_c006_00074", "training_tag": "training_2023_20230721_20230723", "year": 2023, "split": "train", "cluster_id": 5, "dominant_interpretation": "vegetation", "weak_source_fraction": 0.99905, "anomaly_score": 0.359313, "review_priority": "embedding_supported", "review_reason": "embedding cluster has compatible weak-source interpretation", "area_m2": 1638400.0}, "geometry": {"type": "Polygon", "coordinates": [[[30.040836714, -1.969513013], [30.052330128, -1.96949186], [30.052351253, -1.981055744], [30.040857759, -1.981077021], [30.040836714, -1.969513013]]]}}, {"type": "Feature", "id": "training_2023_20230721_20230723_r010_c007_00075", "properties": {"patch_id": "training_2023_20230721_20230723_r010_c007_00075", "training_tag": "training_2023_20230721_20230723", "year": 2023, "split": "train", "cluster_id": 7, "dominant_interpretation": "vegetation", "weak_source_fraction": 1.0, "anomaly_score": 0.243445, "review_priority": "embedding_supported", "review_reason": "embedding cluster has compatible weak-source interpretation", "area_m2": 1638400.0}, "geometry": {"type": "Polygon", "coordinates": [[[30.052330128, -1.96949186], [30.063823417, -1.969470628], [30.063844622, -1.981034387], [30.052351253, -1.981055744], [30.052330128, -1.96949186]]]}}, {"type": "Feature", "id": "training_2023_20230721_20230723_r010_c008_00076", "properties": {"patch_id": "training_2023_20230721_20230723_r010_c008_00076", "training_tag": "training_2023_20230721_20230723", "year": 2023, "split": "train", "cluster_id": 7, "dominant_interpretation": "vegetation", "weak_source_fraction": 0.999702, "anomaly_score": 0.230983, "review_priority": "embedding_supported", "review_reason": "embedding cluster has compatible weak-source interpretation", "area_m2": 1638400.0}, "geometry": {"type": "Polygon", "coordinates": [[[30.063823417, -1.969470628], [30.075316583, -1.969449317], [30.075337867, -1.98101295], [30.063844622, -1.981034387], [30.063823417, -1.969470628]]]}}, {"type": "Feature", "id": "training_2023_20230721_20230723_r010_c009_00077", "properties": {"patch_id": "training_2023_20230721_20230723_r010_c009_00077", "training_tag": "training_2023_20230721_20230723", "year": 2023, "split": "train", "cluster_id": 7, "dominant_interpretation": "vegetation", "weak_source_fraction": 0.970499, "anomaly_score": 0.453929, "review_priority": "embedding_supported", "review_reason": "embedding cluster has compatible weak-source interpretation", "area_m2": 1638400.0}, "geometry": {"type": "Polygon", "coordinates": [[[30.075316583, -1.969449317], [30.086809624, -1.969427926], [30.086830986, -1.980991434], [30.075337867, -1.98101295], [30.075316583, -1.969449317]]]}}, {"type": "Feature", "id": "training_2023_20230721_20230723_r010_c010_00078", "properties": {"patch_id": "training_2023_20230721_20230723_r010_c010_00078", "training_tag": "training_2023_20230721_20230723", "year": 2023, "split": "train", "cluster_id": 7, "dominant_interpretation": "vegetation", "weak_source_fraction": 0.961946, "anomaly_score": 0.240725, "review_priority": "embedding_supported", "review_reason": "embedding cluster has compatible weak-source interpretation", "area_m2": 1638400.0}, "geometry": {"type": "Polygon", "coordinates": [[[30.086809624, -1.969427926], [30.098302539, -1.969406455], [30.098323981, -1.980969837], [30.086830986, -1.980991434], [30.086809624, -1.969427926]]]}}, {"type": "Feature", "id": "training_2023_20230721_20230723_r010_c011_00079", "properties": {"patch_id": "training_2023_20230721_20230723_r010_c011_00079", "training_tag": "training_2023_20230721_20230723", "year": 2023, "split": "train", "cluster_id": 7, "dominant_interpretation": "vegetation", "weak_source_fraction": 0.981027, "anomaly_score": 0.101936, "review_priority": "embedding_supported", "review_reason": "embedding cluster has compatible weak-source interpretation", "area_m2": 1638400.0}, "geometry": {"type": "Polygon", "coordinates": [[[30.098302539, -1.969406455], [30.109795329, -1.969384905], [30.10981685, -1.98094816], [30.098323981, -1.980969837], [30.098302539, -1.969406455]]]}}, {"type": "Feature", "id": "training_2023_20230726_20230726_r000_c000_00000", "properties": {"patch_id": "training_2023_20230726_20230726_r000_c000_00000", "training_tag": "training_2023_20230726_20230726", "year": 2023, "split": "train", "cluster_id": 2, "dominant_interpretation": "vegetation", "weak_source_fraction": 0.593518, "anomaly_score": 0.715388, "review_priority": "weak_support_review", "review_reason": "mixed or weak-source support", "area_m2": 1638400.0}, "geometry": {"type": "Polygon", "coordinates": [[[29.971674588, -1.85399072], [29.983167969, -1.853971259], [29.983187407, -1.865535899], [29.971693952, -1.865555482], [29.971674588, -1.85399072]]]}}, {"type": "Feature", "id": "training_2023_20230726_20230726_r000_c001_00001", "properties": {"patch_id": "training_2023_20230726_20230726_r000_c001_00001", "training_tag": "training_2023_20230726_20230726", "year": 2023, "split": "train", "cluster_id": 8, "dominant_interpretation": "built_up", "weak_source_fraction": 0.81058, "anomaly_score": 0.263184, "review_priority": "embedding_supported", "review_reason": "embedding cluster has compatible weak-source interpretation", "area_m2": 1638400.0}, "geometry": {"type": "Polygon", "coordinates": [[[29.983167969, -1.853971259], [29.994661228, -1.853951724], [29.994680741, -1.865516242], [29.983187407, -1.865535899], [29.983167969, -1.853971259]]]}}, {"type": "Feature", "id": "training_2023_20230726_20230726_r000_c003_00003", "properties": {"patch_id": "training_2023_20230726_20230726_r000_c003_00003", "training_tag": "training_2023_20230726_20230726", "year": 2023, "split": "train", "cluster_id": 8, "dominant_interpretation": "built_up", "weak_source_fraction": 0.928253, "anomaly_score": 0.639967, "review_priority": "embedding_supported", "review_reason": "embedding cluster has compatible weak-source interpretation", "area_m2": 1638400.0}, "geometry": {"type": "Polygon", "coordinates": [[[30.006154366, -1.853932113], [30.017647381, -1.853912428], [30.017667044, -1.865476701], [30.006173953, -1.865496509], [30.006154366, -1.853932113]]]}}, {"type": "Feature", "id": "training_2023_20230726_20230726_r000_c014_00009", "properties": {"patch_id": "training_2023_20230726_20230726_r000_c014_00009", "training_tag": "training_2023_20230726_20230726", "year": 2023, "split": "train", "cluster_id": 2, "dominant_interpretation": "built_up", "weak_source_fraction": 0.939968, "anomaly_score": 0.343654, "review_priority": "embedding_supported", "review_reason": "embedding cluster has compatible weak-source interpretation", "area_m2": 1638400.0}, "geometry": {"type": "Polygon", "coordinates": [[[30.132570726, -1.85371146], [30.144062369, -1.853690952], [30.144082852, -1.865253843], [30.132591135, -1.865274479], [30.132570726, -1.85371146]]]}}, {"type": "Feature", "id": "training_2023_20230726_20230726_r001_c001_00010", "properties": {"patch_id": "training_2023_20230726_20230726_r001_c001_00010", "training_tag": "training_2023_20230726_20230726", "year": 2023, "split": "train", "cluster_id": 8, "dominant_interpretation": "built_up", "weak_source_fraction": 0.970827, "anomaly_score": 0.0, "review_priority": "embedding_supported", "review_reason": "embedding cluster has compatible weak-source interpretation", "area_m2": 1638400.0}, "geometry": {"type": "Polygon", "coordinates": [[[29.983187407, -1.865535899], [29.994680741, -1.865516242], [29.994700375, -1.877080759], [29.983206966, -1.877100538], [29.983187407, -1.865535899]]]}}, {"type": "Feature", "id": "training_2023_20230726_20230726_r001_c002_00011", "properties": {"patch_id": "training_2023_20230726_20230726_r001_c002_00011", "training_tag": "training_2023_20230726_20230726", "year": 2023, "split": "train", "cluster_id": 8, "dominant_interpretation": "built_up", "weak_source_fraction": 0.965997, "anomaly_score": 0.0, "review_priority": "embedding_supported", "review_reason": "embedding cluster has compatible weak-source interpretation", "area_m2": 1638400.0}, "geometry": {"type": "Polygon", "coordinates": [[[29.994680741, -1.865516242], [30.006173953, -1.865496509], [30.006193663, -1.877060903], [29.994700375, -1.877080759], [29.994680741, -1.865516242]]]}}, {"type": "Feature", "id": "training_2023_20230726_20230726_r001_c006_00012", "properties": {"patch_id": "training_2023_20230726_20230726_r001_c006_00012", "training_tag": "training_2023_20230726_20230726", "year": 2023, "split": "train", "cluster_id": 1, "dominant_interpretation": "vegetation", "weak_source_fraction": 0.909596, "anomaly_score": 0.375051, "review_priority": "embedding_supported", "review_reason": "embedding cluster has compatible weak-source interpretation", "area_m2": 1638400.0}, "geometry": {"type": "Polygon", "coordinates": [[[30.040652857, -1.865436859], [30.052145578, -1.865416825], [30.052165588, -1.876980725], [30.040672791, -1.877000883], [30.040652857, -1.865436859]]]}}, {"type": "Feature", "id": "training_2023_20230726_20230726_r001_c008_00013", "properties": {"patch_id": "training_2023_20230726_20230726_r001_c008_00013", "training_tag": "training_2023_20230726_20230726", "year": 2023, "split": "train", "cluster_id": 2, "dominant_interpretation": "built_up", "weak_source_fraction": 0.53735, "anomaly_score": 0.187292, "review_priority": "weak_support_review", "review_reason": "mixed or weak-source support", "area_m2": 1638400.0}, "geometry": {"type": "Polygon", "coordinates": [[[30.063638176, -1.865396716], [30.075130649, -1.865376531], [30.075150809, -1.876940181], [30.063658261, -1.876960491], [30.063638176, -1.865396716]]]}}, {"type": "Feature", "id": "training_2023_20230726_20230726_r001_c009_00014", "properties": {"patch_id": "training_2023_20230726_20230726_r001_c009_00014", "training_tag": "training_2023_20230726_20230726", "year": 2023, "split": "train", "cluster_id": 1, "dominant_interpretation": "vegetation", "weak_source_fraction": 0.998376, "anomaly_score": 0.260507, "review_priority": "embedding_supported", "review_reason": "embedding cluster has compatible weak-source interpretation", "area_m2": 1638400.0}, "geometry": {"type": "Polygon", "coordinates": [[[30.075130649, -1.865376531], [30.086622998, -1.865356271], [30.086643233, -1.876919795], [30.075150809, -1.876940181], [30.075130649, -1.865376531]]]}}, {"type": "Feature", "id": "training_2023_20230726_20230726_r001_c010_00015", "properties": {"patch_id": "training_2023_20230726_20230726_r001_c010_00015", "training_tag": "training_2023_20230726_20230726", "year": 2023, "split": "train", "cluster_id": 1, "dominant_interpretation": "vegetation", "weak_source_fraction": 0.999817, "anomaly_score": 0.128741, "review_priority": "embedding_supported", "review_reason": "embedding cluster has compatible weak-source interpretation", "area_m2": 1638400.0}, "geometry": {"type": "Polygon", "coordinates": [[[30.086622998, -1.865356271], [30.098115221, -1.865335936], [30.098135531, -1.876899334], [30.086643233, -1.876919795], [30.086622998, -1.865356271]]]}}, {"type": "Feature", "id": "training_2023_20230726_20230726_r001_c011_00016", "properties": {"patch_id": "training_2023_20230726_20230726_r001_c011_00016", "training_tag": "training_2023_20230726_20230726", "year": 2023, "split": "train", "cluster_id": 1, "dominant_interpretation": "vegetation", "weak_source_fraction": 0.94507, "anomaly_score": 0.123102, "review_priority": "embedding_supported", "review_reason": "embedding cluster has compatible weak-source interpretation", "area_m2": 1638400.0}, "geometry": {"type": "Polygon", "coordinates": [[[30.098115221, -1.865335936], [30.109607319, -1.865315526], [30.109627704, -1.876878797], [30.098135531, -1.876899334], [30.098115221, -1.865335936]]]}}, {"type": "Feature", "id": "training_2023_20230726_20230726_r002_c001_00019", "properties": {"patch_id": "training_2023_20230726_20230726_r002_c001_00019", "training_tag": "training_2023_20230726_20230726", "year": 2023, "split": "train", "cluster_id": 1, "dominant_interpretation": "built_up", "weak_source_fraction": 0.60419, "anomaly_score": 0.394316, "review_priority": "weak_support_review", "review_reason": "mixed or weak-source support", "area_m2": 1638400.0}, "geometry": {"type": "Polygon", "coordinates": [[[29.983206966, -1.877100538], [29.994700375, -1.877080759], [29.994720132, -1.888645273], [29.983226647, -1.888665175], [29.983206966, -1.877100538]]]}}, {"type": "Feature", "id": "training_2023_20230726_20230726_r002_c003_00020", "properties": {"patch_id": "training_2023_20230726_20230726_r002_c003_00020", "training_tag": "training_2023_20230726_20230726", "year": 2023, "split": "train", "cluster_id": 8, "dominant_interpretation": "built_up", "weak_source_fraction": 0.948057, "anomaly_score": 0.532529, "review_priority": "embedding_supported", "review_reason": "embedding cluster has compatible weak-source interpretation", "area_m2": 1638400.0}, "geometry": {"type": "Polygon", "coordinates": [[[30.006193663, -1.877060903], [30.017686828, -1.877040972], [30.017706736, -1.888605242], [30.006213495, -1.888625296], [30.006193663, -1.877060903]]]}}, {"type": "Feature", "id": "training_2023_20230726_20230726_r002_c004_00021", "properties": {"patch_id": "training_2023_20230726_20230726_r002_c004_00021", "training_tag": "training_2023_20230726_20230726", "year": 2023, "split": "train", "cluster_id": 8, "dominant_interpretation": "built_up", "weak_source_fraction": 0.916452, "anomaly_score": 0.365768, "review_priority": "embedding_supported", "review_reason": "embedding cluster has compatible weak-source interpretation", "area_m2": 1638400.0}, "geometry": {"type": "Polygon", "coordinates": [[[30.017686828, -1.877040972], [30.029179871, -1.877020966], [30.029199854, -1.888585112], [30.017706736, -1.888605242], [30.017686828, -1.877040972]]]}}, {"type": "Feature", "id": "training_2023_20230726_20230726_r002_c007_00024", "properties": {"patch_id": "training_2023_20230726_20230726_r002_c007_00024", "training_tag": "training_2023_20230726_20230726", "year": 2023, "split": "train", "cluster_id": 5, "dominant_interpretation": "vegetation", "weak_source_fraction": 1.0, "anomaly_score": 0.293739, "review_priority": "embedding_supported", "review_reason": "embedding cluster has compatible weak-source interpretation", "area_m2": 1638400.0}, "geometry": {"type": "Polygon", "coordinates": [[[30.052165588, -1.876980725], [30.063658261, -1.876960491], [30.06367847, -1.888524264], [30.052185722, -1.888544623], [30.052165588, -1.876980725]]]}}, {"type": "Feature", "id": "training_2023_20230726_20230726_r002_c008_00025", "properties": {"patch_id": "training_2023_20230726_20230726_r002_c008_00025", "training_tag": "training_2023_20230726_20230726", "year": 2023, "split": "train", "cluster_id": 5, "dominant_interpretation": "vegetation", "weak_source_fraction": 0.960114, "anomaly_score": 0.052016, "review_priority": "embedding_supported", "review_reason": "embedding cluster has compatible weak-source interpretation", "area_m2": 1638400.0}, "geometry": {"type": "Polygon", "coordinates": [[[30.063658261, -1.876960491], [30.075150809, -1.876940181], [30.075171094, -1.888503829], [30.06367847, -1.888524264], [30.063658261, -1.876960491]]]}}, {"type": "Feature", "id": "training_2023_20230726_20230726_r002_c010_00026", "properties": {"patch_id": "training_2023_20230726_20230726_r002_c010_00026", "training_tag": "training_2023_20230726_20230726", "year": 2023, "split": "train", "cluster_id": 5, "dominant_interpretation": "vegetation", "weak_source_fraction": 1.0, "anomaly_score": 0.033828, "review_priority": "embedding_supported", "review_reason": "embedding cluster has compatible weak-source interpretation", "area_m2": 1638400.0}, "geometry": {"type": "Polygon", "coordinates": [[[30.086643233, -1.876919795], [30.098135531, -1.876899334], [30.098155967, -1.888462731], [30.086663593, -1.888483318], [30.086643233, -1.876919795]]]}}, {"type": "Feature", "id": "training_2023_20230726_20230726_r002_c011_00027", "properties": {"patch_id": "training_2023_20230726_20230726_r002_c011_00027", "training_tag": "training_2023_20230726_20230726", "year": 2023, "split": "train", "cluster_id": 1, "dominant_interpretation": "vegetation", "weak_source_fraction": 1.0, "anomaly_score": 0.091904, "review_priority": "embedding_supported", "review_reason": "embedding cluster has compatible weak-source interpretation", "area_m2": 1638400.0}, "geometry": {"type": "Polygon", "coordinates": [[[30.098135531, -1.876899334], [30.109627704, -1.876878797], [30.109648215, -1.888442067], [30.098155967, -1.888462731], [30.098135531, -1.876899334]]]}}, {"type": "Feature", "id": "training_2023_20230726_20230726_r002_c012_00028", "properties": {"patch_id": "training_2023_20230726_20230726_r002_c012_00028", "training_tag": "training_2023_20230726_20230726", "year": 2023, "split": "train", "cluster_id": 1, "dominant_interpretation": "vegetation", "weak_source_fraction": 0.99885, "anomaly_score": 0.218512, "review_priority": "embedding_supported", "review_reason": "embedding cluster has compatible weak-source interpretation", "area_m2": 1638400.0}, "geometry": {"type": "Polygon", "coordinates": [[[30.109627704, -1.876878797], [30.12111975, -1.876858184], [30.121140337, -1.888421327], [30.109648215, -1.888442067], [30.109627704, -1.876878797]]]}}, {"type": "Feature", "id": "training_2023_20230726_20230726_r002_c013_00029", "properties": {"patch_id": "training_2023_20230726_20230726_r002_c013_00029", "training_tag": "training_2023_20230726_20230726", "year": 2023, "split": "train", "cluster_id": 1, "dominant_interpretation": "vegetation", "weak_source_fraction": 0.965449, "anomaly_score": 0.084391, "review_priority": "embedding_supported", "review_reason": "embedding cluster has compatible weak-source interpretation", "area_m2": 1638400.0}, "geometry": {"type": "Polygon", "coordinates": [[[30.12111975, -1.876858184], [30.13261167, -1.876837496], [30.132632332, -1.888400511], [30.121140337, -1.888421327], [30.12111975, -1.876858184]]]}}, {"type": "Feature", "id": "training_2023_20230726_20230726_r003_c001_00032", "properties": {"patch_id": "training_2023_20230726_20230726_r003_c001_00032", "training_tag": "training_2023_20230726_20230726", "year": 2023, "split": "train", "cluster_id": 2, "dominant_interpretation": "built_up", "weak_source_fraction": 0.743332, "anomaly_score": 0.363068, "review_priority": "embedding_supported", "review_reason": "embedding cluster has compatible weak-source interpretation", "area_m2": 1638400.0}, "geometry": {"type": "Polygon", "coordinates": [[[29.983226647, -1.888665175], [29.994720132, -1.888645273], [29.994740009, -1.900209787], [29.983246449, -1.90022981], [29.983226647, -1.888665175]]]}}, {"type": "Feature", "id": "training_2023_20230726_20230726_r003_c002_00033", "properties": {"patch_id": "training_2023_20230726_20230726_r003_c002_00033", "training_tag": "training_2023_20230726_20230726", "year": 2023, "split": "train", "cluster_id": 8, "dominant_interpretation": "built_up", "weak_source_fraction": 0.965529, "anomaly_score": 0.117173, "review_priority": "embedding_supported", "review_reason": "embedding cluster has compatible weak-source interpretation", "area_m2": 1638400.0}, "geometry": {"type": "Polygon", "coordinates": [[[29.994720132, -1.888645273], [30.006213495, -1.888625296], [30.006233448, -1.900189687], [29.994740009, -1.900209787], [29.994720132, -1.888645273]]]}}, {"type": "Feature", "id": "training_2023_20230726_20230726_r003_c003_00034", "properties": {"patch_id": "training_2023_20230726_20230726_r003_c003_00034", "training_tag": "training_2023_20230726_20230726", "year": 2023, "split": "train", "cluster_id": 8, "dominant_interpretation": "built_up", "weak_source_fraction": 0.956385, "anomaly_score": 0.035396, "review_priority": "embedding_supported", "review_reason": "embedding cluster has compatible weak-source interpretation", "area_m2": 1638400.0}, "geometry": {"type": "Polygon", "coordinates": [[[30.006213495, -1.888625296], [30.017706736, -1.888605242], [30.017726765, -1.90016951], [30.006233448, -1.900189687], [30.006213495, -1.888625296]]]}}, {"type": "Feature", "id": "training_2023_20230726_20230726_r003_c004_00035", "properties": {"patch_id": "training_2023_20230726_20230726_r003_c004_00035", "training_tag": "training_2023_20230726_20230726", "year": 2023, "split": "train", "cluster_id": 8, "dominant_interpretation": "built_up", "weak_source_fraction": 0.980159, "anomaly_score": 0.464871, "review_priority": "embedding_supported", "review_reason": "embedding cluster has compatible weak-source interpretation", "area_m2": 1638400.0}, "geometry": {"type": "Polygon", "coordinates": [[[30.017706736, -1.888605242], [30.029199854, -1.888585112], [30.02921996, -1.900149256], [30.017726765, -1.90016951], [30.017706736, -1.888605242]]]}}, {"type": "Feature", "id": "training_2023_20230726_20230726_r003_c005_00036", "properties": {"patch_id": "training_2023_20230726_20230726_r003_c005_00036", "training_tag": "training_2023_20230726_20230726", "year": 2023, "split": "train", "cluster_id": 1, "dominant_interpretation": "vegetation", "weak_source_fraction": 0.806591, "anomaly_score": 0.619822, "review_priority": "embedding_supported", "review_reason": "embedding cluster has compatible weak-source interpretation", "area_m2": 1638400.0}, "geometry": {"type": "Polygon", "coordinates": [[[30.029199854, -1.888585112], [30.04069285, -1.888564906], [30.040713031, -1.900128926], [30.02921996, -1.900149256], [30.029199854, -1.888585112]]]}}, {"type": "Feature", "id": "training_2023_20230726_20230726_r003_c006_00037", "properties": {"patch_id": "training_2023_20230726_20230726_r003_c006_00037", "training_tag": "training_2023_20230726_20230726", "year": 2023, "split": "train", "cluster_id": 1, "dominant_interpretation": "vegetation", "weak_source_fraction": 0.52439, "anomaly_score": 0.231966, "review_priority": "weak_support_review", "review_reason": "mixed or weak-source support", "area_m2": 1638400.0}, "geometry": {"type": "Polygon", "coordinates": [[[30.04069285, -1.888564906], [30.052185722, -1.888544623], [30.05220598, -1.900108519], [30.040713031, -1.900128926], [30.04069285, -1.888564906]]]}}, {"type": "Feature", "id": "training_2023_20230726_20230726_r003_c007_00038", "properties": {"patch_id": "training_2023_20230726_20230726_r003_c007_00038", "training_tag": "training_2023_20230726_20230726", "year": 2023, "split": "train", "cluster_id": 5, "dominant_interpretation": "vegetation", "weak_source_fraction": 0.888723, "anomaly_score": 0.598698, "review_priority": "embedding_supported", "review_reason": "embedding cluster has compatible weak-source interpretation", "area_m2": 1638400.0}, "geometry": {"type": "Polygon", "coordinates": [[[30.052185722, -1.888544623], [30.06367847, -1.888524264], [30.063698804, -1.900088036], [30.05220598, -1.900108519], [30.052185722, -1.888544623]]]}}, {"type": "Feature", "id": "training_2023_20230726_20230726_r003_c008_00039", "properties": {"patch_id": "training_2023_20230726_20230726_r003_c008_00039", "training_tag": "training_2023_20230726_20230726", "year": 2023, "split": "train", "cluster_id": 3, "dominant_interpretation": "vegetation", "weak_source_fraction": 0.820609, "anomaly_score": 0.569837, "review_priority": "embedding_supported", "review_reason": "embedding cluster has compatible weak-source interpretation", "area_m2": 1638400.0}, "geometry": {"type": "Polygon", "coordinates": [[[30.06367847, -1.888524264], [30.075171094, -1.888503829], [30.075191504, -1.900067476], [30.063698804, -1.900088036], [30.06367847, -1.888524264]]]}}, {"type": "Feature", "id": "training_2023_20230726_20230726_r003_c009_00040", "properties": {"patch_id": "training_2023_20230726_20230726_r003_c009_00040", "training_tag": "training_2023_20230726_20230726", "year": 2023, "split": "train", "cluster_id": 5, "dominant_interpretation": "vegetation", "weak_source_fraction": 0.968607, "anomaly_score": 0.588745, "review_priority": "embedding_supported", "review_reason": "embedding cluster has compatible weak-source interpretation", "area_m2": 1638400.0}, "geometry": {"type": "Polygon", "coordinates": [[[30.075171094, -1.888503829], [30.086663593, -1.888483318], [30.086684079, -1.900046839], [30.075191504, -1.900067476], [30.075171094, -1.888503829]]]}}, {"type": "Feature", "id": "training_2023_20230726_20230726_r003_c011_00042", "properties": {"patch_id": "training_2023_20230726_20230726_r003_c011_00042", "training_tag": "training_2023_20230726_20230726", "year": 2023, "split": "train", "cluster_id": 5, "dominant_interpretation": "vegetation", "weak_source_fraction": 0.975898, "anomaly_score": 0.563098, "review_priority": "embedding_supported", "review_reason": "embedding cluster has compatible weak-source interpretation", "area_m2": 1638400.0}, "geometry": {"type": "Polygon", "coordinates": [[[30.098155967, -1.888462731], [30.109648215, -1.888442067], [30.109668853, -1.900005335], [30.098176529, -1.900026125], [30.098155967, -1.888462731]]]}}, {"type": "Feature", "id": "training_2023_20230726_20230726_r003_c012_00043", "properties": {"patch_id": "training_2023_20230726_20230726_r003_c012_00043", "training_tag": "training_2023_20230726_20230726", "year": 2023, "split": "train", "cluster_id": 5, "dominant_interpretation": "vegetation", "weak_source_fraction": 0.997862, "anomaly_score": 0.144752, "review_priority": "embedding_supported", "review_reason": "embedding cluster has compatible weak-source interpretation", "area_m2": 1638400.0}, "geometry": {"type": "Polygon", "coordinates": [[[30.109648215, -1.888442067], [30.121140337, -1.888421327], [30.121161051, -1.899984468], [30.109668853, -1.900005335], [30.109648215, -1.888442067]]]}}, {"type": "Feature", "id": "training_2023_20230726_20230726_r003_c013_00044", "properties": {"patch_id": "training_2023_20230726_20230726_r003_c013_00044", "training_tag": "training_2023_20230726_20230726", "year": 2023, "split": "train", "cluster_id": 1, "dominant_interpretation": "vegetation", "weak_source_fraction": 0.999441, "anomaly_score": 0.027085, "review_priority": "embedding_supported", "review_reason": "embedding cluster has compatible weak-source interpretation", "area_m2": 1638400.0}, "geometry": {"type": "Polygon", "coordinates": [[[30.121140337, -1.888421327], [30.132632332, -1.888400511], [30.132653122, -1.899963524], [30.121161051, -1.899984468], [30.121140337, -1.888421327]]]}}, {"type": "Feature", "id": "training_2023_20230726_20230726_r003_c014_00045", "properties": {"patch_id": "training_2023_20230726_20230726_r003_c014_00045", "training_tag": "training_2023_20230726_20230726", "year": 2023, "split": "train", "cluster_id": 1, "dominant_interpretation": "vegetation", "weak_source_fraction": 1.0, "anomaly_score": 0.3109, "review_priority": "embedding_supported", "review_reason": "embedding cluster has compatible weak-source interpretation", "area_m2": 1638400.0}, "geometry": {"type": "Polygon", "coordinates": [[[30.132632332, -1.888400511], [30.1441242, -1.888379619], [30.144145066, -1.899942504], [30.132653122, -1.899963524], [30.132632332, -1.888400511]]]}}, {"type": "Feature", "id": "training_2023_20230726_20230726_r004_c000_00046", "properties": {"patch_id": "training_2023_20230726_20230726_r004_c000_00046", "training_tag": "training_2023_20230726_20230726", "year": 2023, "split": "train", "cluster_id": 3, "dominant_interpretation": "vegetation", "weak_source_fraction": 0.537215, "anomaly_score": 0.828996, "review_priority": "weak_support_review", "review_reason": "mixed or weak-source support", "area_m2": 1638400.0}, "geometry": {"type": "Polygon", "coordinates": [[[29.971752767, -1.900249756], [29.983246449, -1.90022981], [29.983266371, -1.911794443], [29.971772613, -1.911814511], [29.971752767, -1.900249756]]]}}, {"type": "Feature", "id": "training_2023_20230726_20230726_r004_c001_00047", "properties": {"patch_id": "training_2023_20230726_20230726_r004_c001_00047", "training_tag": "training_2023_20230726_20230726", "year": 2023, "split": "train", "cluster_id": 2, "dominant_interpretation": "vegetation", "weak_source_fraction": 0.518096, "anomaly_score": 0.304375, "review_priority": "weak_support_review", "review_reason": "mixed or weak-source support", "area_m2": 1638400.0}, "geometry": {"type": "Polygon", "coordinates": [[[29.983246449, -1.90022981], [29.994740009, -1.900209787], [29.994760009, -1.911774298], [29.983266371, -1.911794443], [29.983246449, -1.90022981]]]}}, {"type": "Feature", "id": "training_2023_20230726_20230726_r004_c002_00048", "properties": {"patch_id": "training_2023_20230726_20230726_r004_c002_00048", "training_tag": "training_2023_20230726_20230726", "year": 2023, "split": "train", "cluster_id": 2, "dominant_interpretation": "built_up", "weak_source_fraction": 0.739619, "anomaly_score": 0.282171, "review_priority": "embedding_supported", "review_reason": "embedding cluster has compatible weak-source interpretation", "area_m2": 1638400.0}, "geometry": {"type": "Polygon", "coordinates": [[[29.994740009, -1.900209787], [30.006233448, -1.900189687], [30.006253524, -1.911754076], [29.994760009, -1.911774298], [29.994740009, -1.900209787]]]}}, {"type": "Feature", "id": "training_2023_20230726_20230726_r004_c003_00049", "properties": {"patch_id": "training_2023_20230726_20230726_r004_c003_00049", "training_tag": "training_2023_20230726_20230726", "year": 2023, "split": "train", "cluster_id": 8, "dominant_interpretation": "built_up", "weak_source_fraction": 0.960394, "anomaly_score": 0.0, "review_priority": "embedding_supported", "review_reason": "embedding cluster has compatible weak-source interpretation", "area_m2": 1638400.0}, "geometry": {"type": "Polygon", "coordinates": [[[30.006233448, -1.900189687], [30.017726765, -1.90016951], [30.017746918, -1.911733776], [30.006253524, -1.911754076], [30.006233448, -1.900189687]]]}}, {"type": "Feature", "id": "training_2023_20230726_20230726_r004_c004_00050", "properties": {"patch_id": "training_2023_20230726_20230726_r004_c004_00050", "training_tag": "training_2023_20230726_20230726", "year": 2023, "split": "train", "cluster_id": 8, "dominant_interpretation": "built_up", "weak_source_fraction": 0.915593, "anomaly_score": 0.0, "review_priority": "embedding_supported", "review_reason": "embedding cluster has compatible weak-source interpretation", "area_m2": 1638400.0}, "geometry": {"type": "Polygon", "coordinates": [[[30.017726765, -1.90016951], [30.02921996, -1.900149256], [30.029240189, -1.911713399], [30.017746918, -1.911733776], [30.017726765, -1.90016951]]]}}, {"type": "Feature", "id": "training_2023_20230726_20230726_r004_c005_00051", "properties": {"patch_id": "training_2023_20230726_20230726_r004_c005_00051", "training_tag": "training_2023_20230726_20230726", "year": 2023, "split": "train", "cluster_id": 2, "dominant_interpretation": "built_up", "weak_source_fraction": 0.601536, "anomaly_score": 0.897183, "review_priority": "weak_support_review", "review_reason": "mixed or weak-source support", "area_m2": 1638400.0}, "geometry": {"type": "Polygon", "coordinates": [[[30.02921996, -1.900149256], [30.040713031, -1.900128926], [30.040733337, -1.911692945], [30.029240189, -1.911713399], [30.02921996, -1.900149256]]]}}, {"type": "Feature", "id": "training_2023_20230726_20230726_r004_c006_00052", "properties": {"patch_id": "training_2023_20230726_20230726_r004_c006_00052", "training_tag": "training_2023_20230726_20230726", "year": 2023, "split": "train", "cluster_id": 7, "dominant_interpretation": "vegetation", "weak_source_fraction": 1.0, "anomaly_score": 0.420516, "review_priority": "embedding_supported", "review_reason": "embedding cluster has compatible weak-source interpretation", "area_m2": 1638400.0}, "geometry": {"type": "Polygon", "coordinates": [[[30.040713031, -1.900128926], [30.05220598, -1.900108519], [30.052226361, -1.911672414], [30.040733337, -1.911692945], [30.040713031, -1.900128926]]]}}, {"type": "Feature", "id": "training_2023_20230726_20230726_r004_c007_00053", "properties": {"patch_id": "training_2023_20230726_20230726_r004_c007_00053", "training_tag": "training_2023_20230726_20230726", "year": 2023, "split": "train", "cluster_id": 3, "dominant_interpretation": "vegetation", "weak_source_fraction": 0.545009, "anomaly_score": 0.293872, "review_priority": "weak_support_review", "review_reason": "mixed or weak-source support", "area_m2": 1638400.0}, "geometry": {"type": "Polygon", "coordinates": [[[30.05220598, -1.900108519], [30.063698804, -1.900088036], [30.063719262, -1.911651806], [30.052226361, -1.911672414], [30.05220598, -1.900108519]]]}}, {"type": "Feature", "id": "training_2023_20230726_20230726_r004_c008_00054", "properties": {"patch_id": "training_2023_20230726_20230726_r004_c008_00054", "training_tag": "training_2023_20230726_20230726", "year": 2023, "split": "train", "cluster_id": 3, "dominant_interpretation": "vegetation", "weak_source_fraction": 0.61086, "anomaly_score": 0.382267, "review_priority": "weak_support_review", "review_reason": "mixed or weak-source support", "area_m2": 1638400.0}, "geometry": {"type": "Polygon", "coordinates": [[[30.063698804, -1.900088036], [30.075191504, -1.900067476], [30.075212038, -1.91163112], [30.063719262, -1.911651806], [30.063698804, -1.900088036]]]}}, {"type": "Feature", "id": "training_2023_20230726_20230726_r004_c009_00055", "properties": {"patch_id": "training_2023_20230726_20230726_r004_c009_00055", "training_tag": "training_2023_20230726_20230726", "year": 2023, "split": "train", "cluster_id": 5, "dominant_interpretation": "vegetation", "weak_source_fraction": 0.980938, "anomaly_score": 0.090685, "review_priority": "embedding_supported", "review_reason": "embedding cluster has compatible weak-source interpretation", "area_m2": 1638400.0}, "geometry": {"type": "Polygon", "coordinates": [[[30.075191504, -1.900067476], [30.086684079, -1.900046839], [30.08670469, -1.911610358], [30.075212038, -1.91163112], [30.075191504, -1.900067476]]]}}, {"type": "Feature", "id": "training_2023_20230726_20230726_r004_c011_00057", "properties": {"patch_id": "training_2023_20230726_20230726_r004_c011_00057", "training_tag": "training_2023_20230726_20230726", "year": 2023, "split": "train", "cluster_id": 5, "dominant_interpretation": "vegetation", "weak_source_fraction": 0.998486, "anomaly_score": 0.0, "review_priority": "embedding_supported", "review_reason": "embedding cluster has compatible weak-source interpretation", "area_m2": 1638400.0}, "geometry": {"type": "Polygon", "coordinates": [[[30.098176529, -1.900026125], [30.109668853, -1.900005335], [30.109689616, -1.911568601], [30.098197216, -1.911589518], [30.098176529, -1.900026125]]]}}, {"type": "Feature", "id": "training_2023_20230726_20230726_r004_c012_00058", "properties": {"patch_id": "training_2023_20230726_20230726_r004_c012_00058", "training_tag": "training_2023_20230726_20230726", "year": 2023, "split": "train", "cluster_id": 5, "dominant_interpretation": "vegetation", "weak_source_fraction": 1.0, "anomaly_score": 0.0, "review_priority": "embedding_supported", "review_reason": "embedding cluster has compatible weak-source interpretation", "area_m2": 1638400.0}, "geometry": {"type": "Polygon", "coordinates": [[[30.109668853, -1.900005335], [30.121161051, -1.899984468], [30.121181891, -1.911547607], [30.109689616, -1.911568601], [30.109668853, -1.900005335]]]}}, {"type": "Feature", "id": "training_2023_20230726_20230726_r004_c013_00059", "properties": {"patch_id": "training_2023_20230726_20230726_r004_c013_00059", "training_tag": "training_2023_20230726_20230726", "year": 2023, "split": "train", "cluster_id": 5, "dominant_interpretation": "vegetation", "weak_source_fraction": 1.0, "anomaly_score": 0.094942, "review_priority": "embedding_supported", "review_reason": "embedding cluster has compatible weak-source interpretation", "area_m2": 1638400.0}, "geometry": {"type": "Polygon", "coordinates": [[[30.121161051, -1.899984468], [30.132653122, -1.899963524], [30.132674038, -1.911526536], [30.121181891, -1.911547607], [30.121161051, -1.899984468]]]}}, {"type": "Feature", "id": "training_2023_20230726_20230726_r004_c014_00060", "properties": {"patch_id": "training_2023_20230726_20230726_r004_c014_00060", "training_tag": "training_2023_20230726_20230726", "year": 2023, "split": "train", "cluster_id": 1, "dominant_interpretation": "vegetation", "weak_source_fraction": 0.878728, "anomaly_score": 0.12396, "review_priority": "embedding_supported", "review_reason": "embedding cluster has compatible weak-source interpretation", "area_m2": 1638400.0}, "geometry": {"type": "Polygon", "coordinates": [[[30.132653122, -1.899963524], [30.144145066, -1.899942504], [30.144166059, -1.911505388], [30.132674038, -1.911526536], [30.132653122, -1.899963524]]]}}, {"type": "Feature", "id": "training_2023_20230726_20230726_r005_c000_00061", "properties": {"patch_id": "training_2023_20230726_20230726_r005_c000_00061", "training_tag": "training_2023_20230726_20230726", "year": 2023, "split": "train", "cluster_id": 3, "dominant_interpretation": "built_up", "weak_source_fraction": 0.827149, "anomaly_score": 0.918641, "review_priority": "high_anomaly", "review_reason": "high embedding anomaly", "area_m2": 1638400.0}, "geometry": {"type": "Polygon", "coordinates": [[[29.971772613, -1.911814511], [29.983266371, -1.911794443], [29.983286415, -1.923359075], [29.97179258, -1.923379264], [29.971772613, -1.911814511]]]}}, {"type": "Feature", "id": "training_2023_20230726_20230726_r005_c001_00062", "properties": {"patch_id": "training_2023_20230726_20230726_r005_c001_00062", "training_tag": "training_2023_20230726_20230726", "year": 2023, "split": "train", "cluster_id": 3, "dominant_interpretation": "built_up", "weak_source_fraction": 0.562196, "anomaly_score": 0.78733, "review_priority": "weak_support_review", "review_reason": "mixed or weak-source support", "area_m2": 1638400.0}, "geometry": {"type": "Polygon", "coordinates": [[[29.983266371, -1.911794443], [29.994760009, -1.911774298], [29.994780129, -1.923338808], [29.983286415, -1.923359075], [29.983266371, -1.911794443]]]}}, {"type": "Feature", "id": "training_2023_20230726_20230726_r005_c002_00063", "properties": {"patch_id": "training_2023_20230726_20230726_r005_c002_00063", "training_tag": "training_2023_20230726_20230726", "year": 2023, "split": "train", "cluster_id": 4, "dominant_interpretation": "built_up", "weak_source_fraction": 0.694132, "anomaly_score": 0.061336, "review_priority": "embedding_supported", "review_reason": "embedding cluster has compatible weak-source interpretation", "area_m2": 1638400.0}, "geometry": {"type": "Polygon", "coordinates": [[[29.994760009, -1.911774298], [30.006253524, -1.911754076], [30.006273722, -1.923318463], [29.994780129, -1.923338808], [29.994760009, -1.911774298]]]}}, {"type": "Feature", "id": "training_2023_20230726_20230726_r005_c003_00064", "properties": {"patch_id": "training_2023_20230726_20230726_r005_c003_00064", "training_tag": "training_2023_20230726_20230726", "year": 2023, "split": "train", "cluster_id": 8, "dominant_interpretation": "built_up", "weak_source_fraction": 0.829237, "anomaly_score": 0.476994, "review_priority": "embedding_supported", "review_reason": "embedding cluster has compatible weak-source interpretation", "area_m2": 1638400.0}, "geometry": {"type": "Polygon", "coordinates": [[[30.006253524, -1.911754076], [30.017746918, -1.911733776], [30.017767192, -1.92329804], [30.006273722, -1.923318463], [30.006253524, -1.911754076]]]}}, {"type": "Feature", "id": "training_2023_20230726_20230726_r005_c006_00067", "properties": {"patch_id": "training_2023_20230726_20230726_r005_c006_00067", "training_tag": "training_2023_20230726_20230726", "year": 2023, "split": "train", "cluster_id": 1, "dominant_interpretation": "vegetation", "weak_source_fraction": 0.844808, "anomaly_score": 0.169784, "review_priority": "embedding_supported", "review_reason": "embedding cluster has compatible weak-source interpretation", "area_m2": 1638400.0}, "geometry": {"type": "Polygon", "coordinates": [[[30.040733337, -1.911692945], [30.052226361, -1.911672414], [30.052246867, -1.923236307], [30.040753765, -1.923256962], [30.040733337, -1.911692945]]]}}, {"type": "Feature", "id": "training_2023_20230726_20230726_r005_c007_00068", "properties": {"patch_id": "training_2023_20230726_20230726_r005_c007_00068", "training_tag": "training_2023_20230726_20230726", "year": 2023, "split": "train", "cluster_id": 7, "dominant_interpretation": "vegetation", "weak_source_fraction": 0.916557, "anomaly_score": 0.143702, "review_priority": "embedding_supported", "review_reason": "embedding cluster has compatible weak-source interpretation", "area_m2": 1638400.0}, "geometry": {"type": "Polygon", "coordinates": [[[30.052226361, -1.911672414], [30.063719262, -1.911651806], [30.063739844, -1.923215574], [30.052246867, -1.923236307], [30.052226361, -1.911672414]]]}}, {"type": "Feature", "id": "training_2023_20230726_20230726_r005_c008_00069", "properties": {"patch_id": "training_2023_20230726_20230726_r005_c008_00069", "training_tag": "training_2023_20230726_20230726", "year": 2023, "split": "train", "cluster_id": 7, "dominant_interpretation": "vegetation", "weak_source_fraction": 0.998414, "anomaly_score": 0.0, "review_priority": "embedding_supported", "review_reason": "embedding cluster has compatible weak-source interpretation", "area_m2": 1638400.0}, "geometry": {"type": "Polygon", "coordinates": [[[30.063719262, -1.911651806], [30.075212038, -1.91163112], [30.075232698, -1.923194763], [30.063739844, -1.923215574], [30.063719262, -1.911651806]]]}}, {"type": "Feature", "id": "training_2023_20230726_20230726_r005_c009_00070", "properties": {"patch_id": "training_2023_20230726_20230726_r005_c009_00070", "training_tag": "training_2023_20230726_20230726", "year": 2023, "split": "train", "cluster_id": 7, "dominant_interpretation": "vegetation", "weak_source_fraction": 0.995425, "anomaly_score": 0.248098, "review_priority": "embedding_supported", "review_reason": "embedding cluster has compatible weak-source interpretation", "area_m2": 1638400.0}, "geometry": {"type": "Polygon", "coordinates": [[[30.075212038, -1.91163112], [30.08670469, -1.911610358], [30.086725426, -1.923173875], [30.075232698, -1.923194763], [30.075212038, -1.91163112]]]}}, {"type": "Feature", "id": "training_2023_20230726_20230726_r005_c010_00071", "properties": {"patch_id": "training_2023_20230726_20230726_r005_c010_00071", "training_tag": "training_2023_20230726_20230726", "year": 2023, "split": "train", "cluster_id": 5, "dominant_interpretation": "vegetation", "weak_source_fraction": 0.993524, "anomaly_score": 0.67652, "review_priority": "embedding_supported", "review_reason": "embedding cluster has compatible weak-source interpretation", "area_m2": 1638400.0}, "geometry": {"type": "Polygon", "coordinates": [[[30.08670469, -1.911610358], [30.098197216, -1.911589518], [30.098218029, -1.923152909], [30.086725426, -1.923173875], [30.08670469, -1.911610358]]]}}, {"type": "Feature", "id": "training_2023_20230726_20230726_r005_c011_00072", "properties": {"patch_id": "training_2023_20230726_20230726_r005_c011_00072", "training_tag": "training_2023_20230726_20230726", "year": 2023, "split": "train", "cluster_id": 5, "dominant_interpretation": "vegetation", "weak_source_fraction": 1.0, "anomaly_score": 0.007751, "review_priority": "embedding_supported", "review_reason": "embedding cluster has compatible weak-source interpretation", "area_m2": 1638400.0}, "geometry": {"type": "Polygon", "coordinates": [[[30.098197216, -1.911589518], [30.109689616, -1.911568601], [30.109710507, -1.923131866], [30.098218029, -1.923152909], [30.098197216, -1.911589518]]]}}, {"type": "Feature", "id": "training_2023_20230726_20230726_r005_c012_00073", "properties": {"patch_id": "training_2023_20230726_20230726_r005_c012_00073", "training_tag": "training_2023_20230726_20230726", "year": 2023, "split": "train", "cluster_id": 5, "dominant_interpretation": "vegetation", "weak_source_fraction": 0.999523, "anomaly_score": 0.037523, "review_priority": "embedding_supported", "review_reason": "embedding cluster has compatible weak-source interpretation", "area_m2": 1638400.0}, "geometry": {"type": "Polygon", "coordinates": [[[30.109689616, -1.911568601], [30.121181891, -1.911547607], [30.121202858, -1.923110744], [30.109710507, -1.923131866], [30.109689616, -1.911568601]]]}}, {"type": "Feature", "id": "training_2023_20230726_20230726_r005_c013_00074", "properties": {"patch_id": "training_2023_20230726_20230726_r005_c013_00074", "training_tag": "training_2023_20230726_20230726", "year": 2023, "split": "train", "cluster_id": 7, "dominant_interpretation": "vegetation", "weak_source_fraction": 0.925773, "anomaly_score": 0.299979, "review_priority": "embedding_supported", "review_reason": "embedding cluster has compatible weak-source interpretation", "area_m2": 1638400.0}, "geometry": {"type": "Polygon", "coordinates": [[[30.121181891, -1.911547607], [30.132674038, -1.911526536], [30.132695082, -1.923089546], [30.121202858, -1.923110744], [30.121181891, -1.911547607]]]}}, {"type": "Feature", "id": "training_2023_20230726_20230726_r005_c014_00075", "properties": {"patch_id": "training_2023_20230726_20230726_r005_c014_00075", "training_tag": "training_2023_20230726_20230726", "year": 2023, "split": "train", "cluster_id": 1, "dominant_interpretation": "vegetation", "weak_source_fraction": 0.854466, "anomaly_score": 0.068145, "review_priority": "embedding_supported", "review_reason": "embedding cluster has compatible weak-source interpretation", "area_m2": 1638400.0}, "geometry": {"type": "Polygon", "coordinates": [[[30.132674038, -1.911526536], [30.144166059, -1.911505388], [30.14418718, -1.923068269], [30.132695082, -1.923089546], [30.132674038, -1.911526536]]]}}, {"type": "Feature", "id": "training_2023_20230726_20230726_r006_c000_00076", "properties": {"patch_id": "training_2023_20230726_20230726_r006_c000_00076", "training_tag": "training_2023_20230726_20230726", "year": 2023, "split": "train", "cluster_id": 8, "dominant_interpretation": "built_up", "weak_source_fraction": 0.94611, "anomaly_score": 0.62166, "review_priority": "embedding_supported", "review_reason": "embedding cluster has compatible weak-source interpretation", "area_m2": 1638400.0}, "geometry": {"type": "Polygon", "coordinates": [[[29.97179258, -1.923379264], [29.983286415, -1.923359075], [29.98330658, -1.934923705], [29.971812668, -1.934944016], [29.97179258, -1.923379264]]]}}, {"type": "Feature", "id": "training_2023_20230726_20230726_r006_c001_00077", "properties": {"patch_id": "training_2023_20230726_20230726_r006_c001_00077", "training_tag": "training_2023_20230726_20230726", "year": 2023, "split": "train", "cluster_id": 3, "dominant_interpretation": "built_up", "weak_source_fraction": 0.818321, "anomaly_score": 1.0, "review_priority": "high_anomaly", "review_reason": "high embedding anomaly", "area_m2": 1638400.0}, "geometry": {"type": "Polygon", "coordinates": [[[29.983286415, -1.923359075], [29.994780129, -1.923338808], [29.994800372, -1.934903315], [29.98330658, -1.934923705], [29.983286415, -1.923359075]]]}}, {"type": "Feature", "id": "training_2023_20230726_20230726_r006_c002_00078", "properties": {"patch_id": "training_2023_20230726_20230726_r006_c002_00078", "training_tag": "training_2023_20230726_20230726", "year": 2023, "split": "train", "cluster_id": 4, "dominant_interpretation": "built_up", "weak_source_fraction": 0.870073, "anomaly_score": 0.477497, "review_priority": "embedding_supported", "review_reason": "embedding cluster has compatible weak-source interpretation", "area_m2": 1638400.0}, "geometry": {"type": "Polygon", "coordinates": [[[29.994780129, -1.923338808], [30.006273722, -1.923318463], [30.006294042, -1.934882848], [29.994800372, -1.934903315], [29.994780129, -1.923338808]]]}}, {"type": "Feature", "id": "training_2023_20231004_20231006_r000_c000_00000", "properties": {"patch_id": "training_2023_20231004_20231006_r000_c000_00000", "training_tag": "training_2023_20231004_20231006", "year": 2023, "split": "train", "cluster_id": 2, "dominant_interpretation": "vegetation", "weak_source_fraction": 0.593518, "anomaly_score": 0.734055, "review_priority": "weak_support_review", "review_reason": "mixed or weak-source support", "area_m2": 1638400.0}, "geometry": {"type": "Polygon", "coordinates": [[[29.971674588, -1.85399072], [29.983167969, -1.853971259], [29.983187407, -1.865535899], [29.971693952, -1.865555482], [29.971674588, -1.85399072]]]}}, {"type": "Feature", "id": "training_2023_20231004_20231006_r000_c001_00001", "properties": {"patch_id": "training_2023_20231004_20231006_r000_c001_00001", "training_tag": "training_2023_20231004_20231006", "year": 2023, "split": "train", "cluster_id": 8, "dominant_interpretation": "built_up", "weak_source_fraction": 0.81058, "anomaly_score": 0.296372, "review_priority": "embedding_supported", "review_reason": "embedding cluster has compatible weak-source interpretation", "area_m2": 1638400.0}, "geometry": {"type": "Polygon", "coordinates": [[[29.983167969, -1.853971259], [29.994661228, -1.853951724], [29.994680741, -1.865516242], [29.983187407, -1.865535899], [29.983167969, -1.853971259]]]}}, {"type": "Feature", "id": "training_2023_20231004_20231006_r000_c003_00003", "properties": {"patch_id": "training_2023_20231004_20231006_r000_c003_00003", "training_tag": "training_2023_20231004_20231006", "year": 2023, "split": "train", "cluster_id": 8, "dominant_interpretation": "built_up", "weak_source_fraction": 0.928253, "anomaly_score": 0.138249, "review_priority": "embedding_supported", "review_reason": "embedding cluster has compatible weak-source interpretation", "area_m2": 1638400.0}, "geometry": {"type": "Polygon", "coordinates": [[[30.006154366, -1.853932113], [30.017647381, -1.853912428], [30.017667044, -1.865476701], [30.006173953, -1.865496509], [30.006154366, -1.853932113]]]}}, {"type": "Feature", "id": "training_2023_20231004_20231006_r000_c014_00009", "properties": {"patch_id": "training_2023_20231004_20231006_r000_c014_00009", "training_tag": "training_2023_20231004_20231006", "year": 2023, "split": "train", "cluster_id": 4, "dominant_interpretation": "built_up", "weak_source_fraction": 0.939968, "anomaly_score": 0.411748, "review_priority": "embedding_supported", "review_reason": "embedding cluster has compatible weak-source interpretation", "area_m2": 1638400.0}, "geometry": {"type": "Polygon", "coordinates": [[[30.132570726, -1.85371146], [30.144062369, -1.853690952], [30.144082852, -1.865253843], [30.132591135, -1.865274479], [30.132570726, -1.85371146]]]}}, {"type": "Feature", "id": "training_2023_20231004_20231006_r001_c001_00010", "properties": {"patch_id": "training_2023_20231004_20231006_r001_c001_00010", "training_tag": "training_2023_20231004_20231006", "year": 2023, "split": "train", "cluster_id": 8, "dominant_interpretation": "built_up", "weak_source_fraction": 0.970827, "anomaly_score": 0.302054, "review_priority": "embedding_supported", "review_reason": "embedding cluster has compatible weak-source interpretation", "area_m2": 1638400.0}, "geometry": {"type": "Polygon", "coordinates": [[[29.983187407, -1.865535899], [29.994680741, -1.865516242], [29.994700375, -1.877080759], [29.983206966, -1.877100538], [29.983187407, -1.865535899]]]}}, {"type": "Feature", "id": "training_2023_20231004_20231006_r001_c002_00011", "properties": {"patch_id": "training_2023_20231004_20231006_r001_c002_00011", "training_tag": "training_2023_20231004_20231006", "year": 2023, "split": "train", "cluster_id": 8, "dominant_interpretation": "built_up", "weak_source_fraction": 0.965997, "anomaly_score": 0.223472, "review_priority": "embedding_supported", "review_reason": "embedding cluster has compatible weak-source interpretation", "area_m2": 1638400.0}, "geometry": {"type": "Polygon", "coordinates": [[[29.994680741, -1.865516242], [30.006173953, -1.865496509], [30.006193663, -1.877060903], [29.994700375, -1.877080759], [29.994680741, -1.865516242]]]}}, {"type": "Feature", "id": "training_2023_20231004_20231006_r001_c006_00012", "properties": {"patch_id": "training_2023_20231004_20231006_r001_c006_00012", "training_tag": "training_2023_20231004_20231006", "year": 2023, "split": "train", "cluster_id": 1, "dominant_interpretation": "vegetation", "weak_source_fraction": 0.909596, "anomaly_score": 0.434557, "review_priority": "embedding_supported", "review_reason": "embedding cluster has compatible weak-source interpretation", "area_m2": 1638400.0}, "geometry": {"type": "Polygon", "coordinates": [[[30.040652857, -1.865436859], [30.052145578, -1.865416825], [30.052165588, -1.876980725], [30.040672791, -1.877000883], [30.040652857, -1.865436859]]]}}, {"type": "Feature", "id": "training_2023_20231004_20231006_r001_c008_00013", "properties": {"patch_id": "training_2023_20231004_20231006_r001_c008_00013", "training_tag": "training_2023_20231004_20231006", "year": 2023, "split": "train", "cluster_id": 2, "dominant_interpretation": "built_up", "weak_source_fraction": 0.53735, "anomaly_score": 0.290965, "review_priority": "weak_support_review", "review_reason": "mixed or weak-source support", "area_m2": 1638400.0}, "geometry": {"type": "Polygon", "coordinates": [[[30.063638176, -1.865396716], [30.075130649, -1.865376531], [30.075150809, -1.876940181], [30.063658261, -1.876960491], [30.063638176, -1.865396716]]]}}, {"type": "Feature", "id": "training_2023_20231004_20231006_r001_c009_00014", "properties": {"patch_id": "training_2023_20231004_20231006_r001_c009_00014", "training_tag": "training_2023_20231004_20231006", "year": 2023, "split": "train", "cluster_id": 1, "dominant_interpretation": "vegetation", "weak_source_fraction": 0.998376, "anomaly_score": 0.086848, "review_priority": "embedding_supported", "review_reason": "embedding cluster has compatible weak-source interpretation", "area_m2": 1638400.0}, "geometry": {"type": "Polygon", "coordinates": [[[30.075130649, -1.865376531], [30.086622998, -1.865356271], [30.086643233, -1.876919795], [30.075150809, -1.876940181], [30.075130649, -1.865376531]]]}}, {"type": "Feature", "id": "training_2023_20231004_20231006_r001_c010_00015", "properties": {"patch_id": "training_2023_20231004_20231006_r001_c010_00015", "training_tag": "training_2023_20231004_20231006", "year": 2023, "split": "train", "cluster_id": 1, "dominant_interpretation": "vegetation", "weak_source_fraction": 0.999817, "anomaly_score": 0.081296, "review_priority": "embedding_supported", "review_reason": "embedding cluster has compatible weak-source interpretation", "area_m2": 1638400.0}, "geometry": {"type": "Polygon", "coordinates": [[[30.086622998, -1.865356271], [30.098115221, -1.865335936], [30.098135531, -1.876899334], [30.086643233, -1.876919795], [30.086622998, -1.865356271]]]}}, {"type": "Feature", "id": "training_2023_20231004_20231006_r001_c011_00016", "properties": {"patch_id": "training_2023_20231004_20231006_r001_c011_00016", "training_tag": "training_2023_20231004_20231006", "year": 2023, "split": "train", "cluster_id": 1, "dominant_interpretation": "vegetation", "weak_source_fraction": 0.94507, "anomaly_score": 0.12642, "review_priority": "embedding_supported", "review_reason": "embedding cluster has compatible weak-source interpretation", "area_m2": 1638400.0}, "geometry": {"type": "Polygon", "coordinates": [[[30.098115221, -1.865335936], [30.109607319, -1.865315526], [30.109627704, -1.876878797], [30.098135531, -1.876899334], [30.098115221, -1.865335936]]]}}, {"type": "Feature", "id": "training_2023_20231004_20231006_r002_c001_00019", "properties": {"patch_id": "training_2023_20231004_20231006_r002_c001_00019", "training_tag": "training_2023_20231004_20231006", "year": 2023, "split": "train", "cluster_id": 2, "dominant_interpretation": "built_up", "weak_source_fraction": 0.60419, "anomaly_score": 0.381176, "review_priority": "weak_support_review", "review_reason": "mixed or weak-source support", "area_m2": 1638400.0}, "geometry": {"type": "Polygon", "coordinates": [[[29.983206966, -1.877100538], [29.994700375, -1.877080759], [29.994720132, -1.888645273], [29.983226647, -1.888665175], [29.983206966, -1.877100538]]]}}, {"type": "Feature", "id": "training_2023_20231004_20231006_r002_c003_00020", "properties": {"patch_id": "training_2023_20231004_20231006_r002_c003_00020", "training_tag": "training_2023_20231004_20231006", "year": 2023, "split": "train", "cluster_id": 8, "dominant_interpretation": "built_up", "weak_source_fraction": 0.948057, "anomaly_score": 0.448015, "review_priority": "embedding_supported", "review_reason": "embedding cluster has compatible weak-source interpretation", "area_m2": 1638400.0}, "geometry": {"type": "Polygon", "coordinates": [[[30.006193663, -1.877060903], [30.017686828, -1.877040972], [30.017706736, -1.888605242], [30.006213495, -1.888625296], [30.006193663, -1.877060903]]]}}, {"type": "Feature", "id": "training_2023_20231004_20231006_r002_c004_00021", "properties": {"patch_id": "training_2023_20231004_20231006_r002_c004_00021", "training_tag": "training_2023_20231004_20231006", "year": 2023, "split": "train", "cluster_id": 8, "dominant_interpretation": "built_up", "weak_source_fraction": 0.916452, "anomaly_score": 0.078183, "review_priority": "embedding_supported", "review_reason": "embedding cluster has compatible weak-source interpretation", "area_m2": 1638400.0}, "geometry": {"type": "Polygon", "coordinates": [[[30.017686828, -1.877040972], [30.029179871, -1.877020966], [30.029199854, -1.888585112], [30.017706736, -1.888605242], [30.017686828, -1.877040972]]]}}, {"type": "Feature", "id": "training_2023_20231004_20231006_r002_c007_00024", "properties": {"patch_id": "training_2023_20231004_20231006_r002_c007_00024", "training_tag": "training_2023_20231004_20231006", "year": 2023, "split": "train", "cluster_id": 1, "dominant_interpretation": "vegetation", "weak_source_fraction": 1.0, "anomaly_score": 0.014368, "review_priority": "embedding_supported", "review_reason": "embedding cluster has compatible weak-source interpretation", "area_m2": 1638400.0}, "geometry": {"type": "Polygon", "coordinates": [[[30.052165588, -1.876980725], [30.063658261, -1.876960491], [30.06367847, -1.888524264], [30.052185722, -1.888544623], [30.052165588, -1.876980725]]]}}, {"type": "Feature", "id": "training_2023_20231004_20231006_r002_c008_00025", "properties": {"patch_id": "training_2023_20231004_20231006_r002_c008_00025", "training_tag": "training_2023_20231004_20231006", "year": 2023, "split": "train", "cluster_id": 1, "dominant_interpretation": "vegetation", "weak_source_fraction": 0.960114, "anomaly_score": 0.140967, "review_priority": "embedding_supported", "review_reason": "embedding cluster has compatible weak-source interpretation", "area_m2": 1638400.0}, "geometry": {"type": "Polygon", "coordinates": [[[30.063658261, -1.876960491], [30.075150809, -1.876940181], [30.075171094, -1.888503829], [30.06367847, -1.888524264], [30.063658261, -1.876960491]]]}}, {"type": "Feature", "id": "training_2023_20231004_20231006_r002_c010_00026", "properties": {"patch_id": "training_2023_20231004_20231006_r002_c010_00026", "training_tag": "training_2023_20231004_20231006", "year": 2023, "split": "train", "cluster_id": 5, "dominant_interpretation": "vegetation", "weak_source_fraction": 1.0, "anomaly_score": 0.22819, "review_priority": "embedding_supported", "review_reason": "embedding cluster has compatible weak-source interpretation", "area_m2": 1638400.0}, "geometry": {"type": "Polygon", "coordinates": [[[30.086643233, -1.876919795], [30.098135531, -1.876899334], [30.098155967, -1.888462731], [30.086663593, -1.888483318], [30.086643233, -1.876919795]]]}}, {"type": "Feature", "id": "training_2023_20231004_20231006_r002_c011_00027", "properties": {"patch_id": "training_2023_20231004_20231006_r002_c011_00027", "training_tag": "training_2023_20231004_20231006", "year": 2023, "split": "train", "cluster_id": 1, "dominant_interpretation": "vegetation", "weak_source_fraction": 1.0, "anomaly_score": 0.174357, "review_priority": "embedding_supported", "review_reason": "embedding cluster has compatible weak-source interpretation", "area_m2": 1638400.0}, "geometry": {"type": "Polygon", "coordinates": [[[30.098135531, -1.876899334], [30.109627704, -1.876878797], [30.109648215, -1.888442067], [30.098155967, -1.888462731], [30.098135531, -1.876899334]]]}}, {"type": "Feature", "id": "training_2023_20231004_20231006_r002_c012_00028", "properties": {"patch_id": "training_2023_20231004_20231006_r002_c012_00028", "training_tag": "training_2023_20231004_20231006", "year": 2023, "split": "train", "cluster_id": 1, "dominant_interpretation": "vegetation", "weak_source_fraction": 0.99885, "anomaly_score": 0.133591, "review_priority": "embedding_supported", "review_reason": "embedding cluster has compatible weak-source interpretation", "area_m2": 1638400.0}, "geometry": {"type": "Polygon", "coordinates": [[[30.109627704, -1.876878797], [30.12111975, -1.876858184], [30.121140337, -1.888421327], [30.109648215, -1.888442067], [30.109627704, -1.876878797]]]}}, {"type": "Feature", "id": "training_2023_20231004_20231006_r002_c013_00029", "properties": {"patch_id": "training_2023_20231004_20231006_r002_c013_00029", "training_tag": "training_2023_20231004_20231006", "year": 2023, "split": "train", "cluster_id": 1, "dominant_interpretation": "vegetation", "weak_source_fraction": 0.965449, "anomaly_score": 0.169097, "review_priority": "embedding_supported", "review_reason": "embedding cluster has compatible weak-source interpretation", "area_m2": 1638400.0}, "geometry": {"type": "Polygon", "coordinates": [[[30.12111975, -1.876858184], [30.13261167, -1.876837496], [30.132632332, -1.888400511], [30.121140337, -1.888421327], [30.12111975, -1.876858184]]]}}, {"type": "Feature", "id": "training_2023_20231004_20231006_r003_c001_00032", "properties": {"patch_id": "training_2023_20231004_20231006_r003_c001_00032", "training_tag": "training_2023_20231004_20231006", "year": 2023, "split": "train", "cluster_id": 2, "dominant_interpretation": "built_up", "weak_source_fraction": 0.743332, "anomaly_score": 0.315286, "review_priority": "embedding_supported", "review_reason": "embedding cluster has compatible weak-source interpretation", "area_m2": 1638400.0}, "geometry": {"type": "Polygon", "coordinates": [[[29.983226647, -1.888665175], [29.994720132, -1.888645273], [29.994740009, -1.900209787], [29.983246449, -1.90022981], [29.983226647, -1.888665175]]]}}, {"type": "Feature", "id": "training_2023_20231004_20231006_r003_c002_00033", "properties": {"patch_id": "training_2023_20231004_20231006_r003_c002_00033", "training_tag": "training_2023_20231004_20231006", "year": 2023, "split": "train", "cluster_id": 8, "dominant_interpretation": "built_up", "weak_source_fraction": 0.965529, "anomaly_score": 0.330369, "review_priority": "embedding_supported", "review_reason": "embedding cluster has compatible weak-source interpretation", "area_m2": 1638400.0}, "geometry": {"type": "Polygon", "coordinates": [[[29.994720132, -1.888645273], [30.006213495, -1.888625296], [30.006233448, -1.900189687], [29.994740009, -1.900209787], [29.994720132, -1.888645273]]]}}, {"type": "Feature", "id": "training_2023_20231004_20231006_r003_c003_00034", "properties": {"patch_id": "training_2023_20231004_20231006_r003_c003_00034", "training_tag": "training_2023_20231004_20231006", "year": 2023, "split": "train", "cluster_id": 8, "dominant_interpretation": "built_up", "weak_source_fraction": 0.956385, "anomaly_score": 0.366122, "review_priority": "embedding_supported", "review_reason": "embedding cluster has compatible weak-source interpretation", "area_m2": 1638400.0}, "geometry": {"type": "Polygon", "coordinates": [[[30.006213495, -1.888625296], [30.017706736, -1.888605242], [30.017726765, -1.90016951], [30.006233448, -1.900189687], [30.006213495, -1.888625296]]]}}, {"type": "Feature", "id": "training_2023_20231004_20231006_r003_c004_00035", "properties": {"patch_id": "training_2023_20231004_20231006_r003_c004_00035", "training_tag": "training_2023_20231004_20231006", "year": 2023, "split": "train", "cluster_id": 8, "dominant_interpretation": "built_up", "weak_source_fraction": 0.980159, "anomaly_score": 0.183571, "review_priority": "embedding_supported", "review_reason": "embedding cluster has compatible weak-source interpretation", "area_m2": 1638400.0}, "geometry": {"type": "Polygon", "coordinates": [[[30.017706736, -1.888605242], [30.029199854, -1.888585112], [30.02921996, -1.900149256], [30.017726765, -1.90016951], [30.017706736, -1.888605242]]]}}, {"type": "Feature", "id": "training_2023_20231004_20231006_r003_c005_00036", "properties": {"patch_id": "training_2023_20231004_20231006_r003_c005_00036", "training_tag": "training_2023_20231004_20231006", "year": 2023, "split": "train", "cluster_id": 1, "dominant_interpretation": "vegetation", "weak_source_fraction": 0.806591, "anomaly_score": 0.725218, "review_priority": "embedding_supported", "review_reason": "embedding cluster has compatible weak-source interpretation", "area_m2": 1638400.0}, "geometry": {"type": "Polygon", "coordinates": [[[30.029199854, -1.888585112], [30.04069285, -1.888564906], [30.040713031, -1.900128926], [30.02921996, -1.900149256], [30.029199854, -1.888585112]]]}}, {"type": "Feature", "id": "training_2023_20231004_20231006_r003_c006_00037", "properties": {"patch_id": "training_2023_20231004_20231006_r003_c006_00037", "training_tag": "training_2023_20231004_20231006", "year": 2023, "split": "train", "cluster_id": 2, "dominant_interpretation": "vegetation", "weak_source_fraction": 0.52439, "anomaly_score": 0.475971, "review_priority": "weak_support_review", "review_reason": "mixed or weak-source support", "area_m2": 1638400.0}, "geometry": {"type": "Polygon", "coordinates": [[[30.04069285, -1.888564906], [30.052185722, -1.888544623], [30.05220598, -1.900108519], [30.040713031, -1.900128926], [30.04069285, -1.888564906]]]}}, {"type": "Feature", "id": "training_2023_20231004_20231006_r003_c007_00038", "properties": {"patch_id": "training_2023_20231004_20231006_r003_c007_00038", "training_tag": "training_2023_20231004_20231006", "year": 2023, "split": "train", "cluster_id": 1, "dominant_interpretation": "vegetation", "weak_source_fraction": 0.888723, "anomaly_score": 0.630273, "review_priority": "embedding_supported", "review_reason": "embedding cluster has compatible weak-source interpretation", "area_m2": 1638400.0}, "geometry": {"type": "Polygon", "coordinates": [[[30.052185722, -1.888544623], [30.06367847, -1.888524264], [30.063698804, -1.900088036], [30.05220598, -1.900108519], [30.052185722, -1.888544623]]]}}, {"type": "Feature", "id": "training_2023_20231004_20231006_r003_c008_00039", "properties": {"patch_id": "training_2023_20231004_20231006_r003_c008_00039", "training_tag": "training_2023_20231004_20231006", "year": 2023, "split": "train", "cluster_id": 3, "dominant_interpretation": "vegetation", "weak_source_fraction": 0.820609, "anomaly_score": 0.325156, "review_priority": "embedding_supported", "review_reason": "embedding cluster has compatible weak-source interpretation", "area_m2": 1638400.0}, "geometry": {"type": "Polygon", "coordinates": [[[30.06367847, -1.888524264], [30.075171094, -1.888503829], [30.075191504, -1.900067476], [30.063698804, -1.900088036], [30.06367847, -1.888524264]]]}}, {"type": "Feature", "id": "training_2023_20231004_20231006_r003_c009_00040", "properties": {"patch_id": "training_2023_20231004_20231006_r003_c009_00040", "training_tag": "training_2023_20231004_20231006", "year": 2023, "split": "train", "cluster_id": 3, "dominant_interpretation": "vegetation", "weak_source_fraction": 0.968607, "anomaly_score": 0.460705, "review_priority": "embedding_supported", "review_reason": "embedding cluster has compatible weak-source interpretation", "area_m2": 1638400.0}, "geometry": {"type": "Polygon", "coordinates": [[[30.075171094, -1.888503829], [30.086663593, -1.888483318], [30.086684079, -1.900046839], [30.075191504, -1.900067476], [30.075171094, -1.888503829]]]}}, {"type": "Feature", "id": "training_2023_20231004_20231006_r003_c011_00042", "properties": {"patch_id": "training_2023_20231004_20231006_r003_c011_00042", "training_tag": "training_2023_20231004_20231006", "year": 2023, "split": "train", "cluster_id": 1, "dominant_interpretation": "vegetation", "weak_source_fraction": 0.975898, "anomaly_score": 0.376223, "review_priority": "embedding_supported", "review_reason": "embedding cluster has compatible weak-source interpretation", "area_m2": 1638400.0}, "geometry": {"type": "Polygon", "coordinates": [[[30.098155967, -1.888462731], [30.109648215, -1.888442067], [30.109668853, -1.900005335], [30.098176529, -1.900026125], [30.098155967, -1.888462731]]]}}, {"type": "Feature", "id": "training_2023_20231004_20231006_r003_c012_00043", "properties": {"patch_id": "training_2023_20231004_20231006_r003_c012_00043", "training_tag": "training_2023_20231004_20231006", "year": 2023, "split": "train", "cluster_id": 1, "dominant_interpretation": "vegetation", "weak_source_fraction": 0.997862, "anomaly_score": 0.343749, "review_priority": "embedding_supported", "review_reason": "embedding cluster has compatible weak-source interpretation", "area_m2": 1638400.0}, "geometry": {"type": "Polygon", "coordinates": [[[30.109648215, -1.888442067], [30.121140337, -1.888421327], [30.121161051, -1.899984468], [30.109668853, -1.900005335], [30.109648215, -1.888442067]]]}}, {"type": "Feature", "id": "training_2023_20231004_20231006_r003_c013_00044", "properties": {"patch_id": "training_2023_20231004_20231006_r003_c013_00044", "training_tag": "training_2023_20231004_20231006", "year": 2023, "split": "train", "cluster_id": 1, "dominant_interpretation": "vegetation", "weak_source_fraction": 0.999441, "anomaly_score": 0.27244, "review_priority": "embedding_supported", "review_reason": "embedding cluster has compatible weak-source interpretation", "area_m2": 1638400.0}, "geometry": {"type": "Polygon", "coordinates": [[[30.121140337, -1.888421327], [30.132632332, -1.888400511], [30.132653122, -1.899963524], [30.121161051, -1.899984468], [30.121140337, -1.888421327]]]}}, {"type": "Feature", "id": "training_2023_20231004_20231006_r003_c014_00045", "properties": {"patch_id": "training_2023_20231004_20231006_r003_c014_00045", "training_tag": "training_2023_20231004_20231006", "year": 2023, "split": "train", "cluster_id": 1, "dominant_interpretation": "vegetation", "weak_source_fraction": 1.0, "anomaly_score": 0.330551, "review_priority": "embedding_supported", "review_reason": "embedding cluster has compatible weak-source interpretation", "area_m2": 1638400.0}, "geometry": {"type": "Polygon", "coordinates": [[[30.132632332, -1.888400511], [30.1441242, -1.888379619], [30.144145066, -1.899942504], [30.132653122, -1.899963524], [30.132632332, -1.888400511]]]}}, {"type": "Feature", "id": "training_2023_20231004_20231006_r004_c000_00046", "properties": {"patch_id": "training_2023_20231004_20231006_r004_c000_00046", "training_tag": "training_2023_20231004_20231006", "year": 2023, "split": "train", "cluster_id": 3, "dominant_interpretation": "vegetation", "weak_source_fraction": 0.537215, "anomaly_score": 0.789454, "review_priority": "weak_support_review", "review_reason": "mixed or weak-source support", "area_m2": 1638400.0}, "geometry": {"type": "Polygon", "coordinates": [[[29.971752767, -1.900249756], [29.983246449, -1.90022981], [29.983266371, -1.911794443], [29.971772613, -1.911814511], [29.971752767, -1.900249756]]]}}, {"type": "Feature", "id": "training_2023_20231004_20231006_r004_c001_00047", "properties": {"patch_id": "training_2023_20231004_20231006_r004_c001_00047", "training_tag": "training_2023_20231004_20231006", "year": 2023, "split": "train", "cluster_id": 2, "dominant_interpretation": "vegetation", "weak_source_fraction": 0.518096, "anomaly_score": 0.366375, "review_priority": "weak_support_review", "review_reason": "mixed or weak-source support", "area_m2": 1638400.0}, "geometry": {"type": "Polygon", "coordinates": [[[29.983246449, -1.90022981], [29.994740009, -1.900209787], [29.994760009, -1.911774298], [29.983266371, -1.911794443], [29.983246449, -1.90022981]]]}}, {"type": "Feature", "id": "training_2023_20231004_20231006_r004_c002_00048", "properties": {"patch_id": "training_2023_20231004_20231006_r004_c002_00048", "training_tag": "training_2023_20231004_20231006", "year": 2023, "split": "train", "cluster_id": 2, "dominant_interpretation": "built_up", "weak_source_fraction": 0.739619, "anomaly_score": 0.387333, "review_priority": "embedding_supported", "review_reason": "embedding cluster has compatible weak-source interpretation", "area_m2": 1638400.0}, "geometry": {"type": "Polygon", "coordinates": [[[29.994740009, -1.900209787], [30.006233448, -1.900189687], [30.006253524, -1.911754076], [29.994760009, -1.911774298], [29.994740009, -1.900209787]]]}}, {"type": "Feature", "id": "training_2023_20231004_20231006_r004_c003_00049", "properties": {"patch_id": "training_2023_20231004_20231006_r004_c003_00049", "training_tag": "training_2023_20231004_20231006", "year": 2023, "split": "train", "cluster_id": 8, "dominant_interpretation": "built_up", "weak_source_fraction": 0.960394, "anomaly_score": 0.049533, "review_priority": "embedding_supported", "review_reason": "embedding cluster has compatible weak-source interpretation", "area_m2": 1638400.0}, "geometry": {"type": "Polygon", "coordinates": [[[30.006233448, -1.900189687], [30.017726765, -1.90016951], [30.017746918, -1.911733776], [30.006253524, -1.911754076], [30.006233448, -1.900189687]]]}}, {"type": "Feature", "id": "training_2023_20231004_20231006_r004_c004_00050", "properties": {"patch_id": "training_2023_20231004_20231006_r004_c004_00050", "training_tag": "training_2023_20231004_20231006", "year": 2023, "split": "train", "cluster_id": 8, "dominant_interpretation": "built_up", "weak_source_fraction": 0.915593, "anomaly_score": 0.007942, "review_priority": "embedding_supported", "review_reason": "embedding cluster has compatible weak-source interpretation", "area_m2": 1638400.0}, "geometry": {"type": "Polygon", "coordinates": [[[30.017726765, -1.90016951], [30.02921996, -1.900149256], [30.029240189, -1.911713399], [30.017746918, -1.911733776], [30.017726765, -1.90016951]]]}}, {"type": "Feature", "id": "training_2023_20231004_20231006_r004_c005_00051", "properties": {"patch_id": "training_2023_20231004_20231006_r004_c005_00051", "training_tag": "training_2023_20231004_20231006", "year": 2023, "split": "train", "cluster_id": 2, "dominant_interpretation": "built_up", "weak_source_fraction": 0.601536, "anomaly_score": 0.817262, "review_priority": "weak_support_review", "review_reason": "mixed or weak-source support", "area_m2": 1638400.0}, "geometry": {"type": "Polygon", "coordinates": [[[30.02921996, -1.900149256], [30.040713031, -1.900128926], [30.040733337, -1.911692945], [30.029240189, -1.911713399], [30.02921996, -1.900149256]]]}}, {"type": "Feature", "id": "training_2023_20231004_20231006_r004_c006_00052", "properties": {"patch_id": "training_2023_20231004_20231006_r004_c006_00052", "training_tag": "training_2023_20231004_20231006", "year": 2023, "split": "train", "cluster_id": 7, "dominant_interpretation": "vegetation", "weak_source_fraction": 1.0, "anomaly_score": 0.274385, "review_priority": "embedding_supported", "review_reason": "embedding cluster has compatible weak-source interpretation", "area_m2": 1638400.0}, "geometry": {"type": "Polygon", "coordinates": [[[30.040713031, -1.900128926], [30.05220598, -1.900108519], [30.052226361, -1.911672414], [30.040733337, -1.911692945], [30.040713031, -1.900128926]]]}}, {"type": "Feature", "id": "training_2023_20231004_20231006_r004_c007_00053", "properties": {"patch_id": "training_2023_20231004_20231006_r004_c007_00053", "training_tag": "training_2023_20231004_20231006", "year": 2023, "split": "train", "cluster_id": 3, "dominant_interpretation": "vegetation", "weak_source_fraction": 0.545009, "anomaly_score": 1.0, "review_priority": "high_anomaly", "review_reason": "high embedding anomaly", "area_m2": 1638400.0}, "geometry": {"type": "Polygon", "coordinates": [[[30.05220598, -1.900108519], [30.063698804, -1.900088036], [30.063719262, -1.911651806], [30.052226361, -1.911672414], [30.05220598, -1.900108519]]]}}, {"type": "Feature", "id": "training_2023_20231004_20231006_r004_c008_00054", "properties": {"patch_id": "training_2023_20231004_20231006_r004_c008_00054", "training_tag": "training_2023_20231004_20231006", "year": 2023, "split": "train", "cluster_id": 3, "dominant_interpretation": "vegetation", "weak_source_fraction": 0.61086, "anomaly_score": 0.341615, "review_priority": "weak_support_review", "review_reason": "mixed or weak-source support", "area_m2": 1638400.0}, "geometry": {"type": "Polygon", "coordinates": [[[30.063698804, -1.900088036], [30.075191504, -1.900067476], [30.075212038, -1.91163112], [30.063719262, -1.911651806], [30.063698804, -1.900088036]]]}}, {"type": "Feature", "id": "training_2023_20231004_20231006_r004_c009_00055", "properties": {"patch_id": "training_2023_20231004_20231006_r004_c009_00055", "training_tag": "training_2023_20231004_20231006", "year": 2023, "split": "train", "cluster_id": 5, "dominant_interpretation": "vegetation", "weak_source_fraction": 0.980938, "anomaly_score": 0.281534, "review_priority": "embedding_supported", "review_reason": "embedding cluster has compatible weak-source interpretation", "area_m2": 1638400.0}, "geometry": {"type": "Polygon", "coordinates": [[[30.075191504, -1.900067476], [30.086684079, -1.900046839], [30.08670469, -1.911610358], [30.075212038, -1.91163112], [30.075191504, -1.900067476]]]}}, {"type": "Feature", "id": "training_2023_20231004_20231006_r004_c011_00057", "properties": {"patch_id": "training_2023_20231004_20231006_r004_c011_00057", "training_tag": "training_2023_20231004_20231006", "year": 2023, "split": "train", "cluster_id": 1, "dominant_interpretation": "vegetation", "weak_source_fraction": 0.998486, "anomaly_score": 0.248372, "review_priority": "embedding_supported", "review_reason": "embedding cluster has compatible weak-source interpretation", "area_m2": 1638400.0}, "geometry": {"type": "Polygon", "coordinates": [[[30.098176529, -1.900026125], [30.109668853, -1.900005335], [30.109689616, -1.911568601], [30.098197216, -1.911589518], [30.098176529, -1.900026125]]]}}, {"type": "Feature", "id": "training_2023_20231004_20231006_r004_c012_00058", "properties": {"patch_id": "training_2023_20231004_20231006_r004_c012_00058", "training_tag": "training_2023_20231004_20231006", "year": 2023, "split": "train", "cluster_id": 5, "dominant_interpretation": "vegetation", "weak_source_fraction": 1.0, "anomaly_score": 0.224113, "review_priority": "embedding_supported", "review_reason": "embedding cluster has compatible weak-source interpretation", "area_m2": 1638400.0}, "geometry": {"type": "Polygon", "coordinates": [[[30.109668853, -1.900005335], [30.121161051, -1.899984468], [30.121181891, -1.911547607], [30.109689616, -1.911568601], [30.109668853, -1.900005335]]]}}, {"type": "Feature", "id": "training_2023_20231004_20231006_r004_c013_00059", "properties": {"patch_id": "training_2023_20231004_20231006_r004_c013_00059", "training_tag": "training_2023_20231004_20231006", "year": 2023, "split": "train", "cluster_id": 5, "dominant_interpretation": "vegetation", "weak_source_fraction": 1.0, "anomaly_score": 0.12758, "review_priority": "embedding_supported", "review_reason": "embedding cluster has compatible weak-source interpretation", "area_m2": 1638400.0}, "geometry": {"type": "Polygon", "coordinates": [[[30.121161051, -1.899984468], [30.132653122, -1.899963524], [30.132674038, -1.911526536], [30.121181891, -1.911547607], [30.121161051, -1.899984468]]]}}, {"type": "Feature", "id": "training_2023_20231004_20231006_r004_c014_00060", "properties": {"patch_id": "training_2023_20231004_20231006_r004_c014_00060", "training_tag": "training_2023_20231004_20231006", "year": 2023, "split": "train", "cluster_id": 1, "dominant_interpretation": "vegetation", "weak_source_fraction": 0.878728, "anomaly_score": 0.261431, "review_priority": "embedding_supported", "review_reason": "embedding cluster has compatible weak-source interpretation", "area_m2": 1638400.0}, "geometry": {"type": "Polygon", "coordinates": [[[30.132653122, -1.899963524], [30.144145066, -1.899942504], [30.144166059, -1.911505388], [30.132674038, -1.911526536], [30.132653122, -1.899963524]]]}}, {"type": "Feature", "id": "training_2023_20231004_20231006_r005_c000_00061", "properties": {"patch_id": "training_2023_20231004_20231006_r005_c000_00061", "training_tag": "training_2023_20231004_20231006", "year": 2023, "split": "train", "cluster_id": 2, "dominant_interpretation": "built_up", "weak_source_fraction": 0.827149, "anomaly_score": 1.0, "review_priority": "high_anomaly", "review_reason": "high embedding anomaly", "area_m2": 1638400.0}, "geometry": {"type": "Polygon", "coordinates": [[[29.971772613, -1.911814511], [29.983266371, -1.911794443], [29.983286415, -1.923359075], [29.97179258, -1.923379264], [29.971772613, -1.911814511]]]}}, {"type": "Feature", "id": "training_2023_20231004_20231006_r005_c001_00062", "properties": {"patch_id": "training_2023_20231004_20231006_r005_c001_00062", "training_tag": "training_2023_20231004_20231006", "year": 2023, "split": "train", "cluster_id": 2, "dominant_interpretation": "built_up", "weak_source_fraction": 0.562196, "anomaly_score": 0.716348, "review_priority": "weak_support_review", "review_reason": "mixed or weak-source support", "area_m2": 1638400.0}, "geometry": {"type": "Polygon", "coordinates": [[[29.983266371, -1.911794443], [29.994760009, -1.911774298], [29.994780129, -1.923338808], [29.983286415, -1.923359075], [29.983266371, -1.911794443]]]}}, {"type": "Feature", "id": "training_2023_20231004_20231006_r005_c002_00063", "properties": {"patch_id": "training_2023_20231004_20231006_r005_c002_00063", "training_tag": "training_2023_20231004_20231006", "year": 2023, "split": "train", "cluster_id": 4, "dominant_interpretation": "built_up", "weak_source_fraction": 0.694132, "anomaly_score": 0.096484, "review_priority": "embedding_supported", "review_reason": "embedding cluster has compatible weak-source interpretation", "area_m2": 1638400.0}, "geometry": {"type": "Polygon", "coordinates": [[[29.994760009, -1.911774298], [30.006253524, -1.911754076], [30.006273722, -1.923318463], [29.994780129, -1.923338808], [29.994760009, -1.911774298]]]}}, {"type": "Feature", "id": "training_2023_20231004_20231006_r005_c003_00064", "properties": {"patch_id": "training_2023_20231004_20231006_r005_c003_00064", "training_tag": "training_2023_20231004_20231006", "year": 2023, "split": "train", "cluster_id": 8, "dominant_interpretation": "built_up", "weak_source_fraction": 0.829237, "anomaly_score": 0.352289, "review_priority": "embedding_supported", "review_reason": "embedding cluster has compatible weak-source interpretation", "area_m2": 1638400.0}, "geometry": {"type": "Polygon", "coordinates": [[[30.006253524, -1.911754076], [30.017746918, -1.911733776], [30.017767192, -1.92329804], [30.006273722, -1.923318463], [30.006253524, -1.911754076]]]}}, {"type": "Feature", "id": "training_2023_20231004_20231006_r005_c006_00067", "properties": {"patch_id": "training_2023_20231004_20231006_r005_c006_00067", "training_tag": "training_2023_20231004_20231006", "year": 2023, "split": "train", "cluster_id": 3, "dominant_interpretation": "vegetation", "weak_source_fraction": 0.844808, "anomaly_score": 0.488273, "review_priority": "embedding_supported", "review_reason": "embedding cluster has compatible weak-source interpretation", "area_m2": 1638400.0}, "geometry": {"type": "Polygon", "coordinates": [[[30.040733337, -1.911692945], [30.052226361, -1.911672414], [30.052246867, -1.923236307], [30.040753765, -1.923256962], [30.040733337, -1.911692945]]]}}, {"type": "Feature", "id": "training_2023_20231004_20231006_r005_c007_00068", "properties": {"patch_id": "training_2023_20231004_20231006_r005_c007_00068", "training_tag": "training_2023_20231004_20231006", "year": 2023, "split": "train", "cluster_id": 7, "dominant_interpretation": "vegetation", "weak_source_fraction": 0.916557, "anomaly_score": 0.572786, "review_priority": "embedding_supported", "review_reason": "embedding cluster has compatible weak-source interpretation", "area_m2": 1638400.0}, "geometry": {"type": "Polygon", "coordinates": [[[30.052226361, -1.911672414], [30.063719262, -1.911651806], [30.063739844, -1.923215574], [30.052246867, -1.923236307], [30.052226361, -1.911672414]]]}}, {"type": "Feature", "id": "training_2023_20231004_20231006_r005_c008_00069", "properties": {"patch_id": "training_2023_20231004_20231006_r005_c008_00069", "training_tag": "training_2023_20231004_20231006", "year": 2023, "split": "train", "cluster_id": 7, "dominant_interpretation": "vegetation", "weak_source_fraction": 0.998414, "anomaly_score": 0.214722, "review_priority": "embedding_supported", "review_reason": "embedding cluster has compatible weak-source interpretation", "area_m2": 1638400.0}, "geometry": {"type": "Polygon", "coordinates": [[[30.063719262, -1.911651806], [30.075212038, -1.91163112], [30.075232698, -1.923194763], [30.063739844, -1.923215574], [30.063719262, -1.911651806]]]}}, {"type": "Feature", "id": "training_2023_20231004_20231006_r005_c009_00070", "properties": {"patch_id": "training_2023_20231004_20231006_r005_c009_00070", "training_tag": "training_2023_20231004_20231006", "year": 2023, "split": "train", "cluster_id": 7, "dominant_interpretation": "vegetation", "weak_source_fraction": 0.995425, "anomaly_score": 0.102608, "review_priority": "embedding_supported", "review_reason": "embedding cluster has compatible weak-source interpretation", "area_m2": 1638400.0}, "geometry": {"type": "Polygon", "coordinates": [[[30.075212038, -1.91163112], [30.08670469, -1.911610358], [30.086725426, -1.923173875], [30.075232698, -1.923194763], [30.075212038, -1.91163112]]]}}, {"type": "Feature", "id": "training_2023_20231004_20231006_r005_c010_00071", "properties": {"patch_id": "training_2023_20231004_20231006_r005_c010_00071", "training_tag": "training_2023_20231004_20231006", "year": 2023, "split": "train", "cluster_id": 3, "dominant_interpretation": "vegetation", "weak_source_fraction": 0.993524, "anomaly_score": 0.603022, "review_priority": "embedding_supported", "review_reason": "embedding cluster has compatible weak-source interpretation", "area_m2": 1638400.0}, "geometry": {"type": "Polygon", "coordinates": [[[30.08670469, -1.911610358], [30.098197216, -1.911589518], [30.098218029, -1.923152909], [30.086725426, -1.923173875], [30.08670469, -1.911610358]]]}}, {"type": "Feature", "id": "training_2023_20231004_20231006_r005_c011_00072", "properties": {"patch_id": "training_2023_20231004_20231006_r005_c011_00072", "training_tag": "training_2023_20231004_20231006", "year": 2023, "split": "train", "cluster_id": 1, "dominant_interpretation": "vegetation", "weak_source_fraction": 1.0, "anomaly_score": 0.310475, "review_priority": "embedding_supported", "review_reason": "embedding cluster has compatible weak-source interpretation", "area_m2": 1638400.0}, "geometry": {"type": "Polygon", "coordinates": [[[30.098197216, -1.911589518], [30.109689616, -1.911568601], [30.109710507, -1.923131866], [30.098218029, -1.923152909], [30.098197216, -1.911589518]]]}}, {"type": "Feature", "id": "training_2023_20231004_20231006_r005_c012_00073", "properties": {"patch_id": "training_2023_20231004_20231006_r005_c012_00073", "training_tag": "training_2023_20231004_20231006", "year": 2023, "split": "train", "cluster_id": 7, "dominant_interpretation": "vegetation", "weak_source_fraction": 0.999523, "anomaly_score": 0.585503, "review_priority": "embedding_supported", "review_reason": "embedding cluster has compatible weak-source interpretation", "area_m2": 1638400.0}, "geometry": {"type": "Polygon", "coordinates": [[[30.109689616, -1.911568601], [30.121181891, -1.911547607], [30.121202858, -1.923110744], [30.109710507, -1.923131866], [30.109689616, -1.911568601]]]}}, {"type": "Feature", "id": "training_2023_20231004_20231006_r005_c013_00074", "properties": {"patch_id": "training_2023_20231004_20231006_r005_c013_00074", "training_tag": "training_2023_20231004_20231006", "year": 2023, "split": "train", "cluster_id": 7, "dominant_interpretation": "vegetation", "weak_source_fraction": 0.925773, "anomaly_score": 0.542018, "review_priority": "embedding_supported", "review_reason": "embedding cluster has compatible weak-source interpretation", "area_m2": 1638400.0}, "geometry": {"type": "Polygon", "coordinates": [[[30.121181891, -1.911547607], [30.132674038, -1.911526536], [30.132695082, -1.923089546], [30.121202858, -1.923110744], [30.121181891, -1.911547607]]]}}, {"type": "Feature", "id": "training_2023_20231004_20231006_r005_c014_00075", "properties": {"patch_id": "training_2023_20231004_20231006_r005_c014_00075", "training_tag": "training_2023_20231004_20231006", "year": 2023, "split": "train", "cluster_id": 1, "dominant_interpretation": "vegetation", "weak_source_fraction": 0.854466, "anomaly_score": 0.0, "review_priority": "embedding_supported", "review_reason": "embedding cluster has compatible weak-source interpretation", "area_m2": 1638400.0}, "geometry": {"type": "Polygon", "coordinates": [[[30.132674038, -1.911526536], [30.144166059, -1.911505388], [30.14418718, -1.923068269], [30.132695082, -1.923089546], [30.132674038, -1.911526536]]]}}, {"type": "Feature", "id": "training_2023_20231004_20231006_r006_c000_00076", "properties": {"patch_id": "training_2023_20231004_20231006_r006_c000_00076", "training_tag": "training_2023_20231004_20231006", "year": 2023, "split": "train", "cluster_id": 8, "dominant_interpretation": "built_up", "weak_source_fraction": 0.94611, "anomaly_score": 0.134499, "review_priority": "embedding_supported", "review_reason": "embedding cluster has compatible weak-source interpretation", "area_m2": 1638400.0}, "geometry": {"type": "Polygon", "coordinates": [[[29.97179258, -1.923379264], [29.983286415, -1.923359075], [29.98330658, -1.934923705], [29.971812668, -1.934944016], [29.97179258, -1.923379264]]]}}, {"type": "Feature", "id": "training_2023_20231004_20231006_r006_c001_00077", "properties": {"patch_id": "training_2023_20231004_20231006_r006_c001_00077", "training_tag": "training_2023_20231004_20231006", "year": 2023, "split": "train", "cluster_id": 2, "dominant_interpretation": "built_up", "weak_source_fraction": 0.818321, "anomaly_score": 1.0, "review_priority": "high_anomaly", "review_reason": "high embedding anomaly", "area_m2": 1638400.0}, "geometry": {"type": "Polygon", "coordinates": [[[29.983286415, -1.923359075], [29.994780129, -1.923338808], [29.994800372, -1.934903315], [29.98330658, -1.934923705], [29.983286415, -1.923359075]]]}}, {"type": "Feature", "id": "training_2023_20231004_20231006_r006_c002_00078", "properties": {"patch_id": "training_2023_20231004_20231006_r006_c002_00078", "training_tag": "training_2023_20231004_20231006", "year": 2023, "split": "train", "cluster_id": 4, "dominant_interpretation": "built_up", "weak_source_fraction": 0.870073, "anomaly_score": 0.679844, "review_priority": "embedding_supported", "review_reason": "embedding cluster has compatible weak-source interpretation", "area_m2": 1638400.0}, "geometry": {"type": "Polygon", "coordinates": [[[29.994780129, -1.923338808], [30.006273722, -1.923318463], [30.006294042, -1.934882848], [29.994800372, -1.934903315], [29.994780129, -1.923338808]]]}}, {"type": "Feature", "id": "training_2024_20240625_20240626_r000_c000_00000", "properties": {"patch_id": "training_2024_20240625_20240626_r000_c000_00000", "training_tag": "training_2024_20240625_20240626", "year": 2024, "split": "train", "cluster_id": 2, "dominant_interpretation": "vegetation", "weak_source_fraction": 0.593518, "anomaly_score": 0.902112, "review_priority": "high_anomaly", "review_reason": "high embedding anomaly", "area_m2": 1638400.0}, "geometry": {"type": "Polygon", "coordinates": [[[29.971674588, -1.85399072], [29.983167969, -1.853971259], [29.983187407, -1.865535899], [29.971693952, -1.865555482], [29.971674588, -1.85399072]]]}}, {"type": "Feature", "id": "training_2024_20240625_20240626_r000_c001_00001", "properties": {"patch_id": "training_2024_20240625_20240626_r000_c001_00001", "training_tag": "training_2024_20240625_20240626", "year": 2024, "split": "train", "cluster_id": 4, "dominant_interpretation": "built_up", "weak_source_fraction": 0.81058, "anomaly_score": 0.629167, "review_priority": "embedding_supported", "review_reason": "embedding cluster has compatible weak-source interpretation", "area_m2": 1638400.0}, "geometry": {"type": "Polygon", "coordinates": [[[29.983167969, -1.853971259], [29.994661228, -1.853951724], [29.994680741, -1.865516242], [29.983187407, -1.865535899], [29.983167969, -1.853971259]]]}}, {"type": "Feature", "id": "training_2024_20240625_20240626_r000_c003_00003", "properties": {"patch_id": "training_2024_20240625_20240626_r000_c003_00003", "training_tag": "training_2024_20240625_20240626", "year": 2024, "split": "train", "cluster_id": 6, "dominant_interpretation": "built_up", "weak_source_fraction": 0.928253, "anomaly_score": 1.0, "review_priority": "high_anomaly", "review_reason": "high embedding anomaly", "area_m2": 1638400.0}, "geometry": {"type": "Polygon", "coordinates": [[[30.006154366, -1.853932113], [30.017647381, -1.853912428], [30.017667044, -1.865476701], [30.006173953, -1.865496509], [30.006154366, -1.853932113]]]}}, {"type": "Feature", "id": "training_2024_20240625_20240626_r000_c014_00009", "properties": {"patch_id": "training_2024_20240625_20240626_r000_c014_00009", "training_tag": "training_2024_20240625_20240626", "year": 2024, "split": "train", "cluster_id": 4, "dominant_interpretation": "built_up", "weak_source_fraction": 0.939968, "anomaly_score": 0.888027, "review_priority": "embedding_supported", "review_reason": "embedding cluster has compatible weak-source interpretation", "area_m2": 1638400.0}, "geometry": {"type": "Polygon", "coordinates": [[[30.132570726, -1.85371146], [30.144062369, -1.853690952], [30.144082852, -1.865253843], [30.132591135, -1.865274479], [30.132570726, -1.85371146]]]}}, {"type": "Feature", "id": "training_2024_20240625_20240626_r001_c001_00010", "properties": {"patch_id": "training_2024_20240625_20240626_r001_c001_00010", "training_tag": "training_2024_20240625_20240626", "year": 2024, "split": "train", "cluster_id": 4, "dominant_interpretation": "built_up", "weak_source_fraction": 0.970827, "anomaly_score": 0.483453, "review_priority": "embedding_supported", "review_reason": "embedding cluster has compatible weak-source interpretation", "area_m2": 1638400.0}, "geometry": {"type": "Polygon", "coordinates": [[[29.983187407, -1.865535899], [29.994680741, -1.865516242], [29.994700375, -1.877080759], [29.983206966, -1.877100538], [29.983187407, -1.865535899]]]}}, {"type": "Feature", "id": "training_2024_20240625_20240626_r001_c002_00011", "properties": {"patch_id": "training_2024_20240625_20240626_r001_c002_00011", "training_tag": "training_2024_20240625_20240626", "year": 2024, "split": "train", "cluster_id": 4, "dominant_interpretation": "built_up", "weak_source_fraction": 0.965997, "anomaly_score": 1.0, "review_priority": "high_anomaly", "review_reason": "high embedding anomaly", "area_m2": 1638400.0}, "geometry": {"type": "Polygon", "coordinates": [[[29.994680741, -1.865516242], [30.006173953, -1.865496509], [30.006193663, -1.877060903], [29.994700375, -1.877080759], [29.994680741, -1.865516242]]]}}, {"type": "Feature", "id": "training_2024_20240625_20240626_r001_c006_00012", "properties": {"patch_id": "training_2024_20240625_20240626_r001_c006_00012", "training_tag": "training_2024_20240625_20240626", "year": 2024, "split": "train", "cluster_id": 6, "dominant_interpretation": "vegetation", "weak_source_fraction": 0.909596, "anomaly_score": 0.487204, "review_priority": "embedding_supported", "review_reason": "embedding cluster has compatible weak-source interpretation", "area_m2": 1638400.0}, "geometry": {"type": "Polygon", "coordinates": [[[30.040652857, -1.865436859], [30.052145578, -1.865416825], [30.052165588, -1.876980725], [30.040672791, -1.877000883], [30.040652857, -1.865436859]]]}}, {"type": "Feature", "id": "training_2024_20240625_20240626_r001_c008_00013", "properties": {"patch_id": "training_2024_20240625_20240626_r001_c008_00013", "training_tag": "training_2024_20240625_20240626", "year": 2024, "split": "train", "cluster_id": 6, "dominant_interpretation": "built_up", "weak_source_fraction": 0.53735, "anomaly_score": 0.326925, "review_priority": "weak_support_review", "review_reason": "mixed or weak-source support", "area_m2": 1638400.0}, "geometry": {"type": "Polygon", "coordinates": [[[30.063638176, -1.865396716], [30.075130649, -1.865376531], [30.075150809, -1.876940181], [30.063658261, -1.876960491], [30.063638176, -1.865396716]]]}}, {"type": "Feature", "id": "training_2024_20240625_20240626_r001_c009_00014", "properties": {"patch_id": "training_2024_20240625_20240626_r001_c009_00014", "training_tag": "training_2024_20240625_20240626", "year": 2024, "split": "train", "cluster_id": 3, "dominant_interpretation": "vegetation", "weak_source_fraction": 0.998376, "anomaly_score": 0.734172, "review_priority": "embedding_supported", "review_reason": "embedding cluster has compatible weak-source interpretation", "area_m2": 1638400.0}, "geometry": {"type": "Polygon", "coordinates": [[[30.075130649, -1.865376531], [30.086622998, -1.865356271], [30.086643233, -1.876919795], [30.075150809, -1.876940181], [30.075130649, -1.865376531]]]}}, {"type": "Feature", "id": "training_2024_20240625_20240626_r001_c010_00015", "properties": {"patch_id": "training_2024_20240625_20240626_r001_c010_00015", "training_tag": "training_2024_20240625_20240626", "year": 2024, "split": "train", "cluster_id": 1, "dominant_interpretation": "vegetation", "weak_source_fraction": 0.999817, "anomaly_score": 0.137691, "review_priority": "embedding_supported", "review_reason": "embedding cluster has compatible weak-source interpretation", "area_m2": 1638400.0}, "geometry": {"type": "Polygon", "coordinates": [[[30.086622998, -1.865356271], [30.098115221, -1.865335936], [30.098135531, -1.876899334], [30.086643233, -1.876919795], [30.086622998, -1.865356271]]]}}, {"type": "Feature", "id": "training_2024_20240625_20240626_r001_c011_00016", "properties": {"patch_id": "training_2024_20240625_20240626_r001_c011_00016", "training_tag": "training_2024_20240625_20240626", "year": 2024, "split": "train", "cluster_id": 1, "dominant_interpretation": "vegetation", "weak_source_fraction": 0.94507, "anomaly_score": 0.12477, "review_priority": "embedding_supported", "review_reason": "embedding cluster has compatible weak-source interpretation", "area_m2": 1638400.0}, "geometry": {"type": "Polygon", "coordinates": [[[30.098115221, -1.865335936], [30.109607319, -1.865315526], [30.109627704, -1.876878797], [30.098135531, -1.876899334], [30.098115221, -1.865335936]]]}}, {"type": "Feature", "id": "training_2024_20240625_20240626_r002_c001_00019", "properties": {"patch_id": "training_2024_20240625_20240626_r002_c001_00019", "training_tag": "training_2024_20240625_20240626", "year": 2024, "split": "train", "cluster_id": 2, "dominant_interpretation": "built_up", "weak_source_fraction": 0.60419, "anomaly_score": 0.400925, "review_priority": "weak_support_review", "review_reason": "mixed or weak-source support", "area_m2": 1638400.0}, "geometry": {"type": "Polygon", "coordinates": [[[29.983206966, -1.877100538], [29.994700375, -1.877080759], [29.994720132, -1.888645273], [29.983226647, -1.888665175], [29.983206966, -1.877100538]]]}}, {"type": "Feature", "id": "training_2024_20240625_20240626_r002_c003_00020", "properties": {"patch_id": "training_2024_20240625_20240626_r002_c003_00020", "training_tag": "training_2024_20240625_20240626", "year": 2024, "split": "train", "cluster_id": 6, "dominant_interpretation": "built_up", "weak_source_fraction": 0.948057, "anomaly_score": 1.0, "review_priority": "high_anomaly", "review_reason": "high embedding anomaly", "area_m2": 1638400.0}, "geometry": {"type": "Polygon", "coordinates": [[[30.006193663, -1.877060903], [30.017686828, -1.877040972], [30.017706736, -1.888605242], [30.006213495, -1.888625296], [30.006193663, -1.877060903]]]}}, {"type": "Feature", "id": "training_2024_20240625_20240626_r002_c004_00021", "properties": {"patch_id": "training_2024_20240625_20240626_r002_c004_00021", "training_tag": "training_2024_20240625_20240626", "year": 2024, "split": "train", "cluster_id": 6, "dominant_interpretation": "built_up", "weak_source_fraction": 0.916452, "anomaly_score": 1.0, "review_priority": "high_anomaly", "review_reason": "high embedding anomaly", "area_m2": 1638400.0}, "geometry": {"type": "Polygon", "coordinates": [[[30.017686828, -1.877040972], [30.029179871, -1.877020966], [30.029199854, -1.888585112], [30.017706736, -1.888605242], [30.017686828, -1.877040972]]]}}, {"type": "Feature", "id": "training_2024_20240625_20240626_r002_c007_00024", "properties": {"patch_id": "training_2024_20240625_20240626_r002_c007_00024", "training_tag": "training_2024_20240625_20240626", "year": 2024, "split": "train", "cluster_id": 3, "dominant_interpretation": "vegetation", "weak_source_fraction": 1.0, "anomaly_score": 1.0, "review_priority": "high_anomaly", "review_reason": "high embedding anomaly", "area_m2": 1638400.0}, "geometry": {"type": "Polygon", "coordinates": [[[30.052165588, -1.876980725], [30.063658261, -1.876960491], [30.06367847, -1.888524264], [30.052185722, -1.888544623], [30.052165588, -1.876980725]]]}}, {"type": "Feature", "id": "training_2024_20240625_20240626_r002_c008_00025", "properties": {"patch_id": "training_2024_20240625_20240626_r002_c008_00025", "training_tag": "training_2024_20240625_20240626", "year": 2024, "split": "train", "cluster_id": 6, "dominant_interpretation": "vegetation", "weak_source_fraction": 0.960114, "anomaly_score": 0.495903, "review_priority": "embedding_supported", "review_reason": "embedding cluster has compatible weak-source interpretation", "area_m2": 1638400.0}, "geometry": {"type": "Polygon", "coordinates": [[[30.063658261, -1.876960491], [30.075150809, -1.876940181], [30.075171094, -1.888503829], [30.06367847, -1.888524264], [30.063658261, -1.876960491]]]}}, {"type": "Feature", "id": "training_2024_20240625_20240626_r002_c010_00026", "properties": {"patch_id": "training_2024_20240625_20240626_r002_c010_00026", "training_tag": "training_2024_20240625_20240626", "year": 2024, "split": "train", "cluster_id": 7, "dominant_interpretation": "vegetation", "weak_source_fraction": 1.0, "anomaly_score": 1.0, "review_priority": "high_anomaly", "review_reason": "high embedding anomaly", "area_m2": 1638400.0}, "geometry": {"type": "Polygon", "coordinates": [[[30.086643233, -1.876919795], [30.098135531, -1.876899334], [30.098155967, -1.888462731], [30.086663593, -1.888483318], [30.086643233, -1.876919795]]]}}, {"type": "Feature", "id": "training_2024_20240625_20240626_r002_c011_00027", "properties": {"patch_id": "training_2024_20240625_20240626_r002_c011_00027", "training_tag": "training_2024_20240625_20240626", "year": 2024, "split": "train", "cluster_id": 1, "dominant_interpretation": "vegetation", "weak_source_fraction": 1.0, "anomaly_score": 0.076562, "review_priority": "embedding_supported", "review_reason": "embedding cluster has compatible weak-source interpretation", "area_m2": 1638400.0}, "geometry": {"type": "Polygon", "coordinates": [[[30.098135531, -1.876899334], [30.109627704, -1.876878797], [30.109648215, -1.888442067], [30.098155967, -1.888462731], [30.098135531, -1.876899334]]]}}, {"type": "Feature", "id": "training_2024_20240625_20240626_r002_c012_00028", "properties": {"patch_id": "training_2024_20240625_20240626_r002_c012_00028", "training_tag": "training_2024_20240625_20240626", "year": 2024, "split": "train", "cluster_id": 1, "dominant_interpretation": "vegetation", "weak_source_fraction": 0.99885, "anomaly_score": 0.415251, "review_priority": "embedding_supported", "review_reason": "embedding cluster has compatible weak-source interpretation", "area_m2": 1638400.0}, "geometry": {"type": "Polygon", "coordinates": [[[30.109627704, -1.876878797], [30.12111975, -1.876858184], [30.121140337, -1.888421327], [30.109648215, -1.888442067], [30.109627704, -1.876878797]]]}}, {"type": "Feature", "id": "training_2024_20240625_20240626_r002_c013_00029", "properties": {"patch_id": "training_2024_20240625_20240626_r002_c013_00029", "training_tag": "training_2024_20240625_20240626", "year": 2024, "split": "train", "cluster_id": 1, "dominant_interpretation": "vegetation", "weak_source_fraction": 0.965449, "anomaly_score": 0.404719, "review_priority": "embedding_supported", "review_reason": "embedding cluster has compatible weak-source interpretation", "area_m2": 1638400.0}, "geometry": {"type": "Polygon", "coordinates": [[[30.12111975, -1.876858184], [30.13261167, -1.876837496], [30.132632332, -1.888400511], [30.121140337, -1.888421327], [30.12111975, -1.876858184]]]}}, {"type": "Feature", "id": "training_2024_20240625_20240626_r003_c001_00032", "properties": {"patch_id": "training_2024_20240625_20240626_r003_c001_00032", "training_tag": "training_2024_20240625_20240626", "year": 2024, "split": "train", "cluster_id": 2, "dominant_interpretation": "built_up", "weak_source_fraction": 0.743332, "anomaly_score": 0.398373, "review_priority": "embedding_supported", "review_reason": "embedding cluster has compatible weak-source interpretation", "area_m2": 1638400.0}, "geometry": {"type": "Polygon", "coordinates": [[[29.983226647, -1.888665175], [29.994720132, -1.888645273], [29.994740009, -1.900209787], [29.983246449, -1.90022981], [29.983226647, -1.888665175]]]}}, {"type": "Feature", "id": "training_2024_20240625_20240626_r003_c002_00033", "properties": {"patch_id": "training_2024_20240625_20240626_r003_c002_00033", "training_tag": "training_2024_20240625_20240626", "year": 2024, "split": "train", "cluster_id": 4, "dominant_interpretation": "built_up", "weak_source_fraction": 0.965529, "anomaly_score": 0.213133, "review_priority": "embedding_supported", "review_reason": "embedding cluster has compatible weak-source interpretation", "area_m2": 1638400.0}, "geometry": {"type": "Polygon", "coordinates": [[[29.994720132, -1.888645273], [30.006213495, -1.888625296], [30.006233448, -1.900189687], [29.994740009, -1.900209787], [29.994720132, -1.888645273]]]}}, {"type": "Feature", "id": "training_2024_20240625_20240626_r003_c003_00034", "properties": {"patch_id": "training_2024_20240625_20240626_r003_c003_00034", "training_tag": "training_2024_20240625_20240626", "year": 2024, "split": "train", "cluster_id": 4, "dominant_interpretation": "built_up", "weak_source_fraction": 0.956385, "anomaly_score": 1.0, "review_priority": "high_anomaly", "review_reason": "high embedding anomaly", "area_m2": 1638400.0}, "geometry": {"type": "Polygon", "coordinates": [[[30.006213495, -1.888625296], [30.017706736, -1.888605242], [30.017726765, -1.90016951], [30.006233448, -1.900189687], [30.006213495, -1.888625296]]]}}, {"type": "Feature", "id": "training_2024_20240625_20240626_r003_c004_00035", "properties": {"patch_id": "training_2024_20240625_20240626_r003_c004_00035", "training_tag": "training_2024_20240625_20240626", "year": 2024, "split": "train", "cluster_id": 6, "dominant_interpretation": "built_up", "weak_source_fraction": 0.980159, "anomaly_score": 1.0, "review_priority": "high_anomaly", "review_reason": "high embedding anomaly", "area_m2": 1638400.0}, "geometry": {"type": "Polygon", "coordinates": [[[30.017706736, -1.888605242], [30.029199854, -1.888585112], [30.02921996, -1.900149256], [30.017726765, -1.90016951], [30.017706736, -1.888605242]]]}}, {"type": "Feature", "id": "training_2024_20240625_20240626_r003_c005_00036", "properties": {"patch_id": "training_2024_20240625_20240626_r003_c005_00036", "training_tag": "training_2024_20240625_20240626", "year": 2024, "split": "train", "cluster_id": 6, "dominant_interpretation": "vegetation", "weak_source_fraction": 0.806591, "anomaly_score": 1.0, "review_priority": "high_anomaly", "review_reason": "high embedding anomaly", "area_m2": 1638400.0}, "geometry": {"type": "Polygon", "coordinates": [[[30.029199854, -1.888585112], [30.04069285, -1.888564906], [30.040713031, -1.900128926], [30.02921996, -1.900149256], [30.029199854, -1.888585112]]]}}, {"type": "Feature", "id": "training_2024_20240625_20240626_r003_c006_00037", "properties": {"patch_id": "training_2024_20240625_20240626_r003_c006_00037", "training_tag": "training_2024_20240625_20240626", "year": 2024, "split": "train", "cluster_id": 2, "dominant_interpretation": "vegetation", "weak_source_fraction": 0.52439, "anomaly_score": 0.459153, "review_priority": "weak_support_review", "review_reason": "mixed or weak-source support", "area_m2": 1638400.0}, "geometry": {"type": "Polygon", "coordinates": [[[30.04069285, -1.888564906], [30.052185722, -1.888544623], [30.05220598, -1.900108519], [30.040713031, -1.900128926], [30.04069285, -1.888564906]]]}}, {"type": "Feature", "id": "training_2024_20240625_20240626_r003_c007_00038", "properties": {"patch_id": "training_2024_20240625_20240626_r003_c007_00038", "training_tag": "training_2024_20240625_20240626", "year": 2024, "split": "train", "cluster_id": 7, "dominant_interpretation": "vegetation", "weak_source_fraction": 0.888723, "anomaly_score": 0.845284, "review_priority": "embedding_supported", "review_reason": "embedding cluster has compatible weak-source interpretation", "area_m2": 1638400.0}, "geometry": {"type": "Polygon", "coordinates": [[[30.052185722, -1.888544623], [30.06367847, -1.888524264], [30.063698804, -1.900088036], [30.05220598, -1.900108519], [30.052185722, -1.888544623]]]}}, {"type": "Feature", "id": "training_2024_20240625_20240626_r003_c008_00039", "properties": {"patch_id": "training_2024_20240625_20240626_r003_c008_00039", "training_tag": "training_2024_20240625_20240626", "year": 2024, "split": "train", "cluster_id": 3, "dominant_interpretation": "vegetation", "weak_source_fraction": 0.820609, "anomaly_score": 1.0, "review_priority": "high_anomaly", "review_reason": "high embedding anomaly", "area_m2": 1638400.0}, "geometry": {"type": "Polygon", "coordinates": [[[30.06367847, -1.888524264], [30.075171094, -1.888503829], [30.075191504, -1.900067476], [30.063698804, -1.900088036], [30.06367847, -1.888524264]]]}}, {"type": "Feature", "id": "training_2024_20240625_20240626_r003_c009_00040", "properties": {"patch_id": "training_2024_20240625_20240626_r003_c009_00040", "training_tag": "training_2024_20240625_20240626", "year": 2024, "split": "train", "cluster_id": 6, "dominant_interpretation": "vegetation", "weak_source_fraction": 0.968607, "anomaly_score": 1.0, "review_priority": "high_anomaly", "review_reason": "high embedding anomaly", "area_m2": 1638400.0}, "geometry": {"type": "Polygon", "coordinates": [[[30.075171094, -1.888503829], [30.086663593, -1.888483318], [30.086684079, -1.900046839], [30.075191504, -1.900067476], [30.075171094, -1.888503829]]]}}, {"type": "Feature", "id": "training_2024_20240625_20240626_r003_c011_00042", "properties": {"patch_id": "training_2024_20240625_20240626_r003_c011_00042", "training_tag": "training_2024_20240625_20240626", "year": 2024, "split": "train", "cluster_id": 1, "dominant_interpretation": "vegetation", "weak_source_fraction": 0.975898, "anomaly_score": 0.335431, "review_priority": "embedding_supported", "review_reason": "embedding cluster has compatible weak-source interpretation", "area_m2": 1638400.0}, "geometry": {"type": "Polygon", "coordinates": [[[30.098155967, -1.888462731], [30.109648215, -1.888442067], [30.109668853, -1.900005335], [30.098176529, -1.900026125], [30.098155967, -1.888462731]]]}}, {"type": "Feature", "id": "training_2024_20240625_20240626_r003_c012_00043", "properties": {"patch_id": "training_2024_20240625_20240626_r003_c012_00043", "training_tag": "training_2024_20240625_20240626", "year": 2024, "split": "train", "cluster_id": 1, "dominant_interpretation": "vegetation", "weak_source_fraction": 0.997862, "anomaly_score": 0.065897, "review_priority": "embedding_supported", "review_reason": "embedding cluster has compatible weak-source interpretation", "area_m2": 1638400.0}, "geometry": {"type": "Polygon", "coordinates": [[[30.109648215, -1.888442067], [30.121140337, -1.888421327], [30.121161051, -1.899984468], [30.109668853, -1.900005335], [30.109648215, -1.888442067]]]}}, {"type": "Feature", "id": "training_2024_20240625_20240626_r003_c013_00044", "properties": {"patch_id": "training_2024_20240625_20240626_r003_c013_00044", "training_tag": "training_2024_20240625_20240626", "year": 2024, "split": "train", "cluster_id": 1, "dominant_interpretation": "vegetation", "weak_source_fraction": 0.999441, "anomaly_score": 0.205956, "review_priority": "embedding_supported", "review_reason": "embedding cluster has compatible weak-source interpretation", "area_m2": 1638400.0}, "geometry": {"type": "Polygon", "coordinates": [[[30.121140337, -1.888421327], [30.132632332, -1.888400511], [30.132653122, -1.899963524], [30.121161051, -1.899984468], [30.121140337, -1.888421327]]]}}, {"type": "Feature", "id": "training_2024_20240625_20240626_r003_c014_00045", "properties": {"patch_id": "training_2024_20240625_20240626_r003_c014_00045", "training_tag": "training_2024_20240625_20240626", "year": 2024, "split": "train", "cluster_id": 6, "dominant_interpretation": "vegetation", "weak_source_fraction": 1.0, "anomaly_score": 0.90883, "review_priority": "high_anomaly", "review_reason": "high embedding anomaly", "area_m2": 1638400.0}, "geometry": {"type": "Polygon", "coordinates": [[[30.132632332, -1.888400511], [30.1441242, -1.888379619], [30.144145066, -1.899942504], [30.132653122, -1.899963524], [30.132632332, -1.888400511]]]}}, {"type": "Feature", "id": "training_2024_20240625_20240626_r004_c000_00046", "properties": {"patch_id": "training_2024_20240625_20240626_r004_c000_00046", "training_tag": "training_2024_20240625_20240626", "year": 2024, "split": "train", "cluster_id": 3, "dominant_interpretation": "vegetation", "weak_source_fraction": 0.537215, "anomaly_score": 0.983325, "review_priority": "high_anomaly", "review_reason": "high embedding anomaly", "area_m2": 1638400.0}, "geometry": {"type": "Polygon", "coordinates": [[[29.971752767, -1.900249756], [29.983246449, -1.90022981], [29.983266371, -1.911794443], [29.971772613, -1.911814511], [29.971752767, -1.900249756]]]}}, {"type": "Feature", "id": "training_2024_20240625_20240626_r004_c001_00047", "properties": {"patch_id": "training_2024_20240625_20240626_r004_c001_00047", "training_tag": "training_2024_20240625_20240626", "year": 2024, "split": "train", "cluster_id": 4, "dominant_interpretation": "vegetation", "weak_source_fraction": 0.518096, "anomaly_score": 0.372172, "review_priority": "weak_support_review", "review_reason": "mixed or weak-source support", "area_m2": 1638400.0}, "geometry": {"type": "Polygon", "coordinates": [[[29.983246449, -1.90022981], [29.994740009, -1.900209787], [29.994760009, -1.911774298], [29.983266371, -1.911794443], [29.983246449, -1.90022981]]]}}, {"type": "Feature", "id": "training_2024_20240625_20240626_r004_c002_00048", "properties": {"patch_id": "training_2024_20240625_20240626_r004_c002_00048", "training_tag": "training_2024_20240625_20240626", "year": 2024, "split": "train", "cluster_id": 2, "dominant_interpretation": "built_up", "weak_source_fraction": 0.739619, "anomaly_score": 0.654754, "review_priority": "embedding_supported", "review_reason": "embedding cluster has compatible weak-source interpretation", "area_m2": 1638400.0}, "geometry": {"type": "Polygon", "coordinates": [[[29.994740009, -1.900209787], [30.006233448, -1.900189687], [30.006253524, -1.911754076], [29.994760009, -1.911774298], [29.994740009, -1.900209787]]]}}, {"type": "Feature", "id": "training_2024_20240625_20240626_r004_c003_00049", "properties": {"patch_id": "training_2024_20240625_20240626_r004_c003_00049", "training_tag": "training_2024_20240625_20240626", "year": 2024, "split": "train", "cluster_id": 6, "dominant_interpretation": "built_up", "weak_source_fraction": 0.960394, "anomaly_score": 1.0, "review_priority": "high_anomaly", "review_reason": "high embedding anomaly", "area_m2": 1638400.0}, "geometry": {"type": "Polygon", "coordinates": [[[30.006233448, -1.900189687], [30.017726765, -1.90016951], [30.017746918, -1.911733776], [30.006253524, -1.911754076], [30.006233448, -1.900189687]]]}}, {"type": "Feature", "id": "training_2024_20240625_20240626_r004_c004_00050", "properties": {"patch_id": "training_2024_20240625_20240626_r004_c004_00050", "training_tag": "training_2024_20240625_20240626", "year": 2024, "split": "train", "cluster_id": 2, "dominant_interpretation": "built_up", "weak_source_fraction": 0.915593, "anomaly_score": 1.0, "review_priority": "high_anomaly", "review_reason": "high embedding anomaly", "area_m2": 1638400.0}, "geometry": {"type": "Polygon", "coordinates": [[[30.017726765, -1.90016951], [30.02921996, -1.900149256], [30.029240189, -1.911713399], [30.017746918, -1.911733776], [30.017726765, -1.90016951]]]}}, {"type": "Feature", "id": "training_2024_20240625_20240626_r004_c005_00051", "properties": {"patch_id": "training_2024_20240625_20240626_r004_c005_00051", "training_tag": "training_2024_20240625_20240626", "year": 2024, "split": "train", "cluster_id": 6, "dominant_interpretation": "built_up", "weak_source_fraction": 0.601536, "anomaly_score": 0.582081, "review_priority": "weak_support_review", "review_reason": "mixed or weak-source support", "area_m2": 1638400.0}, "geometry": {"type": "Polygon", "coordinates": [[[30.02921996, -1.900149256], [30.040713031, -1.900128926], [30.040733337, -1.911692945], [30.029240189, -1.911713399], [30.02921996, -1.900149256]]]}}, {"type": "Feature", "id": "training_2024_20240625_20240626_r004_c006_00052", "properties": {"patch_id": "training_2024_20240625_20240626_r004_c006_00052", "training_tag": "training_2024_20240625_20240626", "year": 2024, "split": "train", "cluster_id": 6, "dominant_interpretation": "vegetation", "weak_source_fraction": 1.0, "anomaly_score": 1.0, "review_priority": "high_anomaly", "review_reason": "high embedding anomaly", "area_m2": 1638400.0}, "geometry": {"type": "Polygon", "coordinates": [[[30.040713031, -1.900128926], [30.05220598, -1.900108519], [30.052226361, -1.911672414], [30.040733337, -1.911692945], [30.040713031, -1.900128926]]]}}, {"type": "Feature", "id": "training_2024_20240625_20240626_r004_c007_00053", "properties": {"patch_id": "training_2024_20240625_20240626_r004_c007_00053", "training_tag": "training_2024_20240625_20240626", "year": 2024, "split": "train", "cluster_id": 6, "dominant_interpretation": "vegetation", "weak_source_fraction": 0.545009, "anomaly_score": 0.926737, "review_priority": "high_anomaly", "review_reason": "high embedding anomaly", "area_m2": 1638400.0}, "geometry": {"type": "Polygon", "coordinates": [[[30.05220598, -1.900108519], [30.063698804, -1.900088036], [30.063719262, -1.911651806], [30.052226361, -1.911672414], [30.05220598, -1.900108519]]]}}, {"type": "Feature", "id": "training_2024_20240625_20240626_r004_c008_00054", "properties": {"patch_id": "training_2024_20240625_20240626_r004_c008_00054", "training_tag": "training_2024_20240625_20240626", "year": 2024, "split": "train", "cluster_id": 3, "dominant_interpretation": "vegetation", "weak_source_fraction": 0.61086, "anomaly_score": 0.813564, "review_priority": "weak_support_review", "review_reason": "mixed or weak-source support", "area_m2": 1638400.0}, "geometry": {"type": "Polygon", "coordinates": [[[30.063698804, -1.900088036], [30.075191504, -1.900067476], [30.075212038, -1.91163112], [30.063719262, -1.911651806], [30.063698804, -1.900088036]]]}}, {"type": "Feature", "id": "training_2024_20240625_20240626_r004_c009_00055", "properties": {"patch_id": "training_2024_20240625_20240626_r004_c009_00055", "training_tag": "training_2024_20240625_20240626", "year": 2024, "split": "train", "cluster_id": 6, "dominant_interpretation": "vegetation", "weak_source_fraction": 0.980938, "anomaly_score": 0.655978, "review_priority": "embedding_supported", "review_reason": "embedding cluster has compatible weak-source interpretation", "area_m2": 1638400.0}, "geometry": {"type": "Polygon", "coordinates": [[[30.075191504, -1.900067476], [30.086684079, -1.900046839], [30.08670469, -1.911610358], [30.075212038, -1.91163112], [30.075191504, -1.900067476]]]}}, {"type": "Feature", "id": "training_2024_20240625_20240626_r004_c011_00057", "properties": {"patch_id": "training_2024_20240625_20240626_r004_c011_00057", "training_tag": "training_2024_20240625_20240626", "year": 2024, "split": "train", "cluster_id": 5, "dominant_interpretation": "vegetation", "weak_source_fraction": 0.998486, "anomaly_score": 0.113465, "review_priority": "embedding_supported", "review_reason": "embedding cluster has compatible weak-source interpretation", "area_m2": 1638400.0}, "geometry": {"type": "Polygon", "coordinates": [[[30.098176529, -1.900026125], [30.109668853, -1.900005335], [30.109689616, -1.911568601], [30.098197216, -1.911589518], [30.098176529, -1.900026125]]]}}, {"type": "Feature", "id": "training_2024_20240625_20240626_r004_c012_00058", "properties": {"patch_id": "training_2024_20240625_20240626_r004_c012_00058", "training_tag": "training_2024_20240625_20240626", "year": 2024, "split": "train", "cluster_id": 1, "dominant_interpretation": "vegetation", "weak_source_fraction": 1.0, "anomaly_score": 0.179118, "review_priority": "embedding_supported", "review_reason": "embedding cluster has compatible weak-source interpretation", "area_m2": 1638400.0}, "geometry": {"type": "Polygon", "coordinates": [[[30.109668853, -1.900005335], [30.121161051, -1.899984468], [30.121181891, -1.911547607], [30.109689616, -1.911568601], [30.109668853, -1.900005335]]]}}, {"type": "Feature", "id": "training_2024_20240625_20240626_r004_c013_00059", "properties": {"patch_id": "training_2024_20240625_20240626_r004_c013_00059", "training_tag": "training_2024_20240625_20240626", "year": 2024, "split": "train", "cluster_id": 3, "dominant_interpretation": "vegetation", "weak_source_fraction": 1.0, "anomaly_score": 0.279743, "review_priority": "embedding_supported", "review_reason": "embedding cluster has compatible weak-source interpretation", "area_m2": 1638400.0}, "geometry": {"type": "Polygon", "coordinates": [[[30.121161051, -1.899984468], [30.132653122, -1.899963524], [30.132674038, -1.911526536], [30.121181891, -1.911547607], [30.121161051, -1.899984468]]]}}, {"type": "Feature", "id": "training_2024_20240625_20240626_r004_c014_00060", "properties": {"patch_id": "training_2024_20240625_20240626_r004_c014_00060", "training_tag": "training_2024_20240625_20240626", "year": 2024, "split": "train", "cluster_id": 6, "dominant_interpretation": "vegetation", "weak_source_fraction": 0.878728, "anomaly_score": 0.763386, "review_priority": "embedding_supported", "review_reason": "embedding cluster has compatible weak-source interpretation", "area_m2": 1638400.0}, "geometry": {"type": "Polygon", "coordinates": [[[30.132653122, -1.899963524], [30.144145066, -1.899942504], [30.144166059, -1.911505388], [30.132674038, -1.911526536], [30.132653122, -1.899963524]]]}}, {"type": "Feature", "id": "training_2024_20240625_20240626_r005_c000_00061", "properties": {"patch_id": "training_2024_20240625_20240626_r005_c000_00061", "training_tag": "training_2024_20240625_20240626", "year": 2024, "split": "train", "cluster_id": 2, "dominant_interpretation": "built_up", "weak_source_fraction": 0.827149, "anomaly_score": 1.0, "review_priority": "high_anomaly", "review_reason": "high embedding anomaly", "area_m2": 1638400.0}, "geometry": {"type": "Polygon", "coordinates": [[[29.971772613, -1.911814511], [29.983266371, -1.911794443], [29.983286415, -1.923359075], [29.97179258, -1.923379264], [29.971772613, -1.911814511]]]}}, {"type": "Feature", "id": "training_2024_20240625_20240626_r005_c001_00062", "properties": {"patch_id": "training_2024_20240625_20240626_r005_c001_00062", "training_tag": "training_2024_20240625_20240626", "year": 2024, "split": "train", "cluster_id": 2, "dominant_interpretation": "built_up", "weak_source_fraction": 0.562196, "anomaly_score": 1.0, "review_priority": "high_anomaly", "review_reason": "high embedding anomaly", "area_m2": 1638400.0}, "geometry": {"type": "Polygon", "coordinates": [[[29.983266371, -1.911794443], [29.994760009, -1.911774298], [29.994780129, -1.923338808], [29.983286415, -1.923359075], [29.983266371, -1.911794443]]]}}, {"type": "Feature", "id": "training_2024_20240625_20240626_r005_c002_00063", "properties": {"patch_id": "training_2024_20240625_20240626_r005_c002_00063", "training_tag": "training_2024_20240625_20240626", "year": 2024, "split": "train", "cluster_id": 4, "dominant_interpretation": "built_up", "weak_source_fraction": 0.694132, "anomaly_score": 1.0, "review_priority": "high_anomaly", "review_reason": "high embedding anomaly", "area_m2": 1638400.0}, "geometry": {"type": "Polygon", "coordinates": [[[29.994760009, -1.911774298], [30.006253524, -1.911754076], [30.006273722, -1.923318463], [29.994780129, -1.923338808], [29.994760009, -1.911774298]]]}}, {"type": "Feature", "id": "training_2024_20240625_20240626_r005_c003_00064", "properties": {"patch_id": "training_2024_20240625_20240626_r005_c003_00064", "training_tag": "training_2024_20240625_20240626", "year": 2024, "split": "train", "cluster_id": 2, "dominant_interpretation": "built_up", "weak_source_fraction": 0.829237, "anomaly_score": 0.923291, "review_priority": "high_anomaly", "review_reason": "high embedding anomaly", "area_m2": 1638400.0}, "geometry": {"type": "Polygon", "coordinates": [[[30.006253524, -1.911754076], [30.017746918, -1.911733776], [30.017767192, -1.92329804], [30.006273722, -1.923318463], [30.006253524, -1.911754076]]]}}, {"type": "Feature", "id": "training_2024_20240625_20240626_r005_c006_00067", "properties": {"patch_id": "training_2024_20240625_20240626_r005_c006_00067", "training_tag": "training_2024_20240625_20240626", "year": 2024, "split": "train", "cluster_id": 6, "dominant_interpretation": "vegetation", "weak_source_fraction": 0.844808, "anomaly_score": 1.0, "review_priority": "high_anomaly", "review_reason": "high embedding anomaly", "area_m2": 1638400.0}, "geometry": {"type": "Polygon", "coordinates": [[[30.040733337, -1.911692945], [30.052226361, -1.911672414], [30.052246867, -1.923236307], [30.040753765, -1.923256962], [30.040733337, -1.911692945]]]}}, {"type": "Feature", "id": "training_2024_20240625_20240626_r005_c007_00068", "properties": {"patch_id": "training_2024_20240625_20240626_r005_c007_00068", "training_tag": "training_2024_20240625_20240626", "year": 2024, "split": "train", "cluster_id": 6, "dominant_interpretation": "vegetation", "weak_source_fraction": 0.916557, "anomaly_score": 1.0, "review_priority": "high_anomaly", "review_reason": "high embedding anomaly", "area_m2": 1638400.0}, "geometry": {"type": "Polygon", "coordinates": [[[30.052226361, -1.911672414], [30.063719262, -1.911651806], [30.063739844, -1.923215574], [30.052246867, -1.923236307], [30.052226361, -1.911672414]]]}}, {"type": "Feature", "id": "training_2024_20240625_20240626_r005_c008_00069", "properties": {"patch_id": "training_2024_20240625_20240626_r005_c008_00069", "training_tag": "training_2024_20240625_20240626", "year": 2024, "split": "train", "cluster_id": 7, "dominant_interpretation": "vegetation", "weak_source_fraction": 0.998414, "anomaly_score": 0.897563, "review_priority": "embedding_supported", "review_reason": "embedding cluster has compatible weak-source interpretation", "area_m2": 1638400.0}, "geometry": {"type": "Polygon", "coordinates": [[[30.063719262, -1.911651806], [30.075212038, -1.91163112], [30.075232698, -1.923194763], [30.063739844, -1.923215574], [30.063719262, -1.911651806]]]}}, {"type": "Feature", "id": "training_2024_20240625_20240626_r005_c009_00070", "properties": {"patch_id": "training_2024_20240625_20240626_r005_c009_00070", "training_tag": "training_2024_20240625_20240626", "year": 2024, "split": "train", "cluster_id": 6, "dominant_interpretation": "vegetation", "weak_source_fraction": 0.995425, "anomaly_score": 1.0, "review_priority": "high_anomaly", "review_reason": "high embedding anomaly", "area_m2": 1638400.0}, "geometry": {"type": "Polygon", "coordinates": [[[30.075212038, -1.91163112], [30.08670469, -1.911610358], [30.086725426, -1.923173875], [30.075232698, -1.923194763], [30.075212038, -1.91163112]]]}}, {"type": "Feature", "id": "training_2024_20240625_20240626_r005_c010_00071", "properties": {"patch_id": "training_2024_20240625_20240626_r005_c010_00071", "training_tag": "training_2024_20240625_20240626", "year": 2024, "split": "train", "cluster_id": 3, "dominant_interpretation": "vegetation", "weak_source_fraction": 0.993524, "anomaly_score": 1.0, "review_priority": "high_anomaly", "review_reason": "high embedding anomaly", "area_m2": 1638400.0}, "geometry": {"type": "Polygon", "coordinates": [[[30.08670469, -1.911610358], [30.098197216, -1.911589518], [30.098218029, -1.923152909], [30.086725426, -1.923173875], [30.08670469, -1.911610358]]]}}, {"type": "Feature", "id": "training_2024_20240625_20240626_r005_c011_00072", "properties": {"patch_id": "training_2024_20240625_20240626_r005_c011_00072", "training_tag": "training_2024_20240625_20240626", "year": 2024, "split": "train", "cluster_id": 5, "dominant_interpretation": "vegetation", "weak_source_fraction": 1.0, "anomaly_score": 0.234782, "review_priority": "embedding_supported", "review_reason": "embedding cluster has compatible weak-source interpretation", "area_m2": 1638400.0}, "geometry": {"type": "Polygon", "coordinates": [[[30.098197216, -1.911589518], [30.109689616, -1.911568601], [30.109710507, -1.923131866], [30.098218029, -1.923152909], [30.098197216, -1.911589518]]]}}, {"type": "Feature", "id": "training_2024_20240625_20240626_r005_c012_00073", "properties": {"patch_id": "training_2024_20240625_20240626_r005_c012_00073", "training_tag": "training_2024_20240625_20240626", "year": 2024, "split": "train", "cluster_id": 5, "dominant_interpretation": "vegetation", "weak_source_fraction": 0.999523, "anomaly_score": 0.19235, "review_priority": "embedding_supported", "review_reason": "embedding cluster has compatible weak-source interpretation", "area_m2": 1638400.0}, "geometry": {"type": "Polygon", "coordinates": [[[30.109689616, -1.911568601], [30.121181891, -1.911547607], [30.121202858, -1.923110744], [30.109710507, -1.923131866], [30.109689616, -1.911568601]]]}}, {"type": "Feature", "id": "training_2024_20240625_20240626_r005_c013_00074", "properties": {"patch_id": "training_2024_20240625_20240626_r005_c013_00074", "training_tag": "training_2024_20240625_20240626", "year": 2024, "split": "train", "cluster_id": 3, "dominant_interpretation": "vegetation", "weak_source_fraction": 0.925773, "anomaly_score": 0.866267, "review_priority": "embedding_supported", "review_reason": "embedding cluster has compatible weak-source interpretation", "area_m2": 1638400.0}, "geometry": {"type": "Polygon", "coordinates": [[[30.121181891, -1.911547607], [30.132674038, -1.911526536], [30.132695082, -1.923089546], [30.121202858, -1.923110744], [30.121181891, -1.911547607]]]}}, {"type": "Feature", "id": "training_2024_20240625_20240626_r005_c014_00075", "properties": {"patch_id": "training_2024_20240625_20240626_r005_c014_00075", "training_tag": "training_2024_20240625_20240626", "year": 2024, "split": "train", "cluster_id": 3, "dominant_interpretation": "vegetation", "weak_source_fraction": 0.854466, "anomaly_score": 0.740912, "review_priority": "embedding_supported", "review_reason": "embedding cluster has compatible weak-source interpretation", "area_m2": 1638400.0}, "geometry": {"type": "Polygon", "coordinates": [[[30.132674038, -1.911526536], [30.144166059, -1.911505388], [30.14418718, -1.923068269], [30.132695082, -1.923089546], [30.132674038, -1.911526536]]]}}, {"type": "Feature", "id": "training_2024_20240625_20240626_r006_c000_00076", "properties": {"patch_id": "training_2024_20240625_20240626_r006_c000_00076", "training_tag": "training_2024_20240625_20240626", "year": 2024, "split": "train", "cluster_id": 8, "dominant_interpretation": "built_up", "weak_source_fraction": 0.94611, "anomaly_score": 0.0, "review_priority": "embedding_supported", "review_reason": "embedding cluster has compatible weak-source interpretation", "area_m2": 1638400.0}, "geometry": {"type": "Polygon", "coordinates": [[[29.97179258, -1.923379264], [29.983286415, -1.923359075], [29.98330658, -1.934923705], [29.971812668, -1.934944016], [29.97179258, -1.923379264]]]}}, {"type": "Feature", "id": "training_2024_20240625_20240626_r006_c001_00077", "properties": {"patch_id": "training_2024_20240625_20240626_r006_c001_00077", "training_tag": "training_2024_20240625_20240626", "year": 2024, "split": "train", "cluster_id": 2, "dominant_interpretation": "built_up", "weak_source_fraction": 0.818321, "anomaly_score": 1.0, "review_priority": "high_anomaly", "review_reason": "high embedding anomaly", "area_m2": 1638400.0}, "geometry": {"type": "Polygon", "coordinates": [[[29.983286415, -1.923359075], [29.994780129, -1.923338808], [29.994800372, -1.934903315], [29.98330658, -1.934923705], [29.983286415, -1.923359075]]]}}, {"type": "Feature", "id": "training_2024_20240625_20240626_r006_c002_00078", "properties": {"patch_id": "training_2024_20240625_20240626_r006_c002_00078", "training_tag": "training_2024_20240625_20240626", "year": 2024, "split": "train", "cluster_id": 4, "dominant_interpretation": "built_up", "weak_source_fraction": 0.870073, "anomaly_score": 0.937093, "review_priority": "high_anomaly", "review_reason": "high embedding anomaly", "area_m2": 1638400.0}, "geometry": {"type": "Polygon", "coordinates": [[[29.994780129, -1.923338808], [30.006273722, -1.923318463], [30.006294042, -1.934882848], [29.994800372, -1.934903315], [29.994780129, -1.923338808]]]}}, {"type": "Feature", "id": "training_2024_20240630_20240626_r000_c000_00000", "properties": {"patch_id": "training_2024_20240630_20240626_r000_c000_00000", "training_tag": "training_2024_20240630_20240626", "year": 2024, "split": "train", "cluster_id": 2, "dominant_interpretation": "vegetation", "weak_source_fraction": 0.593518, "anomaly_score": 0.612009, "review_priority": "weak_support_review", "review_reason": "mixed or weak-source support", "area_m2": 1638400.0}, "geometry": {"type": "Polygon", "coordinates": [[[29.971674588, -1.85399072], [29.983167969, -1.853971259], [29.983187407, -1.865535899], [29.971693952, -1.865555482], [29.971674588, -1.85399072]]]}}, {"type": "Feature", "id": "training_2024_20240630_20240626_r000_c001_00001", "properties": {"patch_id": "training_2024_20240630_20240626_r000_c001_00001", "training_tag": "training_2024_20240630_20240626", "year": 2024, "split": "train", "cluster_id": 8, "dominant_interpretation": "built_up", "weak_source_fraction": 0.81058, "anomaly_score": 0.18846, "review_priority": "embedding_supported", "review_reason": "embedding cluster has compatible weak-source interpretation", "area_m2": 1638400.0}, "geometry": {"type": "Polygon", "coordinates": [[[29.983167969, -1.853971259], [29.994661228, -1.853951724], [29.994680741, -1.865516242], [29.983187407, -1.865535899], [29.983167969, -1.853971259]]]}}, {"type": "Feature", "id": "training_2024_20240630_20240626_r000_c003_00003", "properties": {"patch_id": "training_2024_20240630_20240626_r000_c003_00003", "training_tag": "training_2024_20240630_20240626", "year": 2024, "split": "train", "cluster_id": 8, "dominant_interpretation": "built_up", "weak_source_fraction": 0.928253, "anomaly_score": 0.075502, "review_priority": "embedding_supported", "review_reason": "embedding cluster has compatible weak-source interpretation", "area_m2": 1638400.0}, "geometry": {"type": "Polygon", "coordinates": [[[30.006154366, -1.853932113], [30.017647381, -1.853912428], [30.017667044, -1.865476701], [30.006173953, -1.865496509], [30.006154366, -1.853932113]]]}}, {"type": "Feature", "id": "training_2024_20240630_20240626_r000_c014_00009", "properties": {"patch_id": "training_2024_20240630_20240626_r000_c014_00009", "training_tag": "training_2024_20240630_20240626", "year": 2024, "split": "train", "cluster_id": 4, "dominant_interpretation": "built_up", "weak_source_fraction": 0.939968, "anomaly_score": 0.220442, "review_priority": "embedding_supported", "review_reason": "embedding cluster has compatible weak-source interpretation", "area_m2": 1638400.0}, "geometry": {"type": "Polygon", "coordinates": [[[30.132570726, -1.85371146], [30.144062369, -1.853690952], [30.144082852, -1.865253843], [30.132591135, -1.865274479], [30.132570726, -1.85371146]]]}}, {"type": "Feature", "id": "training_2024_20240630_20240626_r001_c001_00010", "properties": {"patch_id": "training_2024_20240630_20240626_r001_c001_00010", "training_tag": "training_2024_20240630_20240626", "year": 2024, "split": "train", "cluster_id": 8, "dominant_interpretation": "built_up", "weak_source_fraction": 0.970827, "anomaly_score": 0.495776, "review_priority": "embedding_supported", "review_reason": "embedding cluster has compatible weak-source interpretation", "area_m2": 1638400.0}, "geometry": {"type": "Polygon", "coordinates": [[[29.983187407, -1.865535899], [29.994680741, -1.865516242], [29.994700375, -1.877080759], [29.983206966, -1.877100538], [29.983187407, -1.865535899]]]}}, {"type": "Feature", "id": "training_2024_20240630_20240626_r001_c002_00011", "properties": {"patch_id": "training_2024_20240630_20240626_r001_c002_00011", "training_tag": "training_2024_20240630_20240626", "year": 2024, "split": "train", "cluster_id": 8, "dominant_interpretation": "built_up", "weak_source_fraction": 0.965997, "anomaly_score": 0.446492, "review_priority": "embedding_supported", "review_reason": "embedding cluster has compatible weak-source interpretation", "area_m2": 1638400.0}, "geometry": {"type": "Polygon", "coordinates": [[[29.994680741, -1.865516242], [30.006173953, -1.865496509], [30.006193663, -1.877060903], [29.994700375, -1.877080759], [29.994680741, -1.865516242]]]}}, {"type": "Feature", "id": "training_2024_20240630_20240626_r001_c006_00012", "properties": {"patch_id": "training_2024_20240630_20240626_r001_c006_00012", "training_tag": "training_2024_20240630_20240626", "year": 2024, "split": "train", "cluster_id": 1, "dominant_interpretation": "vegetation", "weak_source_fraction": 0.909596, "anomaly_score": 0.50831, "review_priority": "embedding_supported", "review_reason": "embedding cluster has compatible weak-source interpretation", "area_m2": 1638400.0}, "geometry": {"type": "Polygon", "coordinates": [[[30.040652857, -1.865436859], [30.052145578, -1.865416825], [30.052165588, -1.876980725], [30.040672791, -1.877000883], [30.040652857, -1.865436859]]]}}, {"type": "Feature", "id": "training_2024_20240630_20240626_r001_c008_00013", "properties": {"patch_id": "training_2024_20240630_20240626_r001_c008_00013", "training_tag": "training_2024_20240630_20240626", "year": 2024, "split": "train", "cluster_id": 2, "dominant_interpretation": "built_up", "weak_source_fraction": 0.53735, "anomaly_score": 0.203817, "review_priority": "weak_support_review", "review_reason": "mixed or weak-source support", "area_m2": 1638400.0}, "geometry": {"type": "Polygon", "coordinates": [[[30.063638176, -1.865396716], [30.075130649, -1.865376531], [30.075150809, -1.876940181], [30.063658261, -1.876960491], [30.063638176, -1.865396716]]]}}, {"type": "Feature", "id": "training_2024_20240630_20240626_r001_c009_00014", "properties": {"patch_id": "training_2024_20240630_20240626_r001_c009_00014", "training_tag": "training_2024_20240630_20240626", "year": 2024, "split": "train", "cluster_id": 1, "dominant_interpretation": "vegetation", "weak_source_fraction": 0.998376, "anomaly_score": 0.027415, "review_priority": "embedding_supported", "review_reason": "embedding cluster has compatible weak-source interpretation", "area_m2": 1638400.0}, "geometry": {"type": "Polygon", "coordinates": [[[30.075130649, -1.865376531], [30.086622998, -1.865356271], [30.086643233, -1.876919795], [30.075150809, -1.876940181], [30.075130649, -1.865376531]]]}}, {"type": "Feature", "id": "training_2024_20240630_20240626_r001_c010_00015", "properties": {"patch_id": "training_2024_20240630_20240626_r001_c010_00015", "training_tag": "training_2024_20240630_20240626", "year": 2024, "split": "train", "cluster_id": 1, "dominant_interpretation": "vegetation", "weak_source_fraction": 0.999817, "anomaly_score": 0.081633, "review_priority": "embedding_supported", "review_reason": "embedding cluster has compatible weak-source interpretation", "area_m2": 1638400.0}, "geometry": {"type": "Polygon", "coordinates": [[[30.086622998, -1.865356271], [30.098115221, -1.865335936], [30.098135531, -1.876899334], [30.086643233, -1.876919795], [30.086622998, -1.865356271]]]}}, {"type": "Feature", "id": "training_2024_20240630_20240626_r001_c011_00016", "properties": {"patch_id": "training_2024_20240630_20240626_r001_c011_00016", "training_tag": "training_2024_20240630_20240626", "year": 2024, "split": "train", "cluster_id": 1, "dominant_interpretation": "vegetation", "weak_source_fraction": 0.94507, "anomaly_score": 0.131364, "review_priority": "embedding_supported", "review_reason": "embedding cluster has compatible weak-source interpretation", "area_m2": 1638400.0}, "geometry": {"type": "Polygon", "coordinates": [[[30.098115221, -1.865335936], [30.109607319, -1.865315526], [30.109627704, -1.876878797], [30.098135531, -1.876899334], [30.098115221, -1.865335936]]]}}, {"type": "Feature", "id": "training_2024_20240630_20240626_r002_c001_00019", "properties": {"patch_id": "training_2024_20240630_20240626_r002_c001_00019", "training_tag": "training_2024_20240630_20240626", "year": 2024, "split": "train", "cluster_id": 2, "dominant_interpretation": "built_up", "weak_source_fraction": 0.60419, "anomaly_score": 0.494064, "review_priority": "weak_support_review", "review_reason": "mixed or weak-source support", "area_m2": 1638400.0}, "geometry": {"type": "Polygon", "coordinates": [[[29.983206966, -1.877100538], [29.994700375, -1.877080759], [29.994720132, -1.888645273], [29.983226647, -1.888665175], [29.983206966, -1.877100538]]]}}, {"type": "Feature", "id": "training_2024_20240630_20240626_r002_c003_00020", "properties": {"patch_id": "training_2024_20240630_20240626_r002_c003_00020", "training_tag": "training_2024_20240630_20240626", "year": 2024, "split": "train", "cluster_id": 8, "dominant_interpretation": "built_up", "weak_source_fraction": 0.948057, "anomaly_score": 0.519546, "review_priority": "embedding_supported", "review_reason": "embedding cluster has compatible weak-source interpretation", "area_m2": 1638400.0}, "geometry": {"type": "Polygon", "coordinates": [[[30.006193663, -1.877060903], [30.017686828, -1.877040972], [30.017706736, -1.888605242], [30.006213495, -1.888625296], [30.006193663, -1.877060903]]]}}, {"type": "Feature", "id": "training_2024_20240630_20240626_r002_c004_00021", "properties": {"patch_id": "training_2024_20240630_20240626_r002_c004_00021", "training_tag": "training_2024_20240630_20240626", "year": 2024, "split": "train", "cluster_id": 8, "dominant_interpretation": "built_up", "weak_source_fraction": 0.916452, "anomaly_score": 0.670097, "review_priority": "embedding_supported", "review_reason": "embedding cluster has compatible weak-source interpretation", "area_m2": 1638400.0}, "geometry": {"type": "Polygon", "coordinates": [[[30.017686828, -1.877040972], [30.029179871, -1.877020966], [30.029199854, -1.888585112], [30.017706736, -1.888605242], [30.017686828, -1.877040972]]]}}, {"type": "Feature", "id": "training_2024_20240630_20240626_r002_c007_00024", "properties": {"patch_id": "training_2024_20240630_20240626_r002_c007_00024", "training_tag": "training_2024_20240630_20240626", "year": 2024, "split": "train", "cluster_id": 1, "dominant_interpretation": "vegetation", "weak_source_fraction": 1.0, "anomaly_score": 0.2046, "review_priority": "embedding_supported", "review_reason": "embedding cluster has compatible weak-source interpretation", "area_m2": 1638400.0}, "geometry": {"type": "Polygon", "coordinates": [[[30.052165588, -1.876980725], [30.063658261, -1.876960491], [30.06367847, -1.888524264], [30.052185722, -1.888544623], [30.052165588, -1.876980725]]]}}, {"type": "Feature", "id": "training_2024_20240630_20240626_r002_c008_00025", "properties": {"patch_id": "training_2024_20240630_20240626_r002_c008_00025", "training_tag": "training_2024_20240630_20240626", "year": 2024, "split": "train", "cluster_id": 1, "dominant_interpretation": "vegetation", "weak_source_fraction": 0.960114, "anomaly_score": 0.220519, "review_priority": "embedding_supported", "review_reason": "embedding cluster has compatible weak-source interpretation", "area_m2": 1638400.0}, "geometry": {"type": "Polygon", "coordinates": [[[30.063658261, -1.876960491], [30.075150809, -1.876940181], [30.075171094, -1.888503829], [30.06367847, -1.888524264], [30.063658261, -1.876960491]]]}}, {"type": "Feature", "id": "training_2024_20240630_20240626_r002_c010_00026", "properties": {"patch_id": "training_2024_20240630_20240626_r002_c010_00026", "training_tag": "training_2024_20240630_20240626", "year": 2024, "split": "train", "cluster_id": 1, "dominant_interpretation": "vegetation", "weak_source_fraction": 1.0, "anomaly_score": 0.202867, "review_priority": "embedding_supported", "review_reason": "embedding cluster has compatible weak-source interpretation", "area_m2": 1638400.0}, "geometry": {"type": "Polygon", "coordinates": [[[30.086643233, -1.876919795], [30.098135531, -1.876899334], [30.098155967, -1.888462731], [30.086663593, -1.888483318], [30.086643233, -1.876919795]]]}}, {"type": "Feature", "id": "training_2024_20240630_20240626_r002_c011_00027", "properties": {"patch_id": "training_2024_20240630_20240626_r002_c011_00027", "training_tag": "training_2024_20240630_20240626", "year": 2024, "split": "train", "cluster_id": 1, "dominant_interpretation": "vegetation", "weak_source_fraction": 1.0, "anomaly_score": 0.002898, "review_priority": "embedding_supported", "review_reason": "embedding cluster has compatible weak-source interpretation", "area_m2": 1638400.0}, "geometry": {"type": "Polygon", "coordinates": [[[30.098135531, -1.876899334], [30.109627704, -1.876878797], [30.109648215, -1.888442067], [30.098155967, -1.888462731], [30.098135531, -1.876899334]]]}}, {"type": "Feature", "id": "training_2024_20240630_20240626_r002_c012_00028", "properties": {"patch_id": "training_2024_20240630_20240626_r002_c012_00028", "training_tag": "training_2024_20240630_20240626", "year": 2024, "split": "train", "cluster_id": 1, "dominant_interpretation": "vegetation", "weak_source_fraction": 0.99885, "anomaly_score": 0.33416, "review_priority": "embedding_supported", "review_reason": "embedding cluster has compatible weak-source interpretation", "area_m2": 1638400.0}, "geometry": {"type": "Polygon", "coordinates": [[[30.109627704, -1.876878797], [30.12111975, -1.876858184], [30.121140337, -1.888421327], [30.109648215, -1.888442067], [30.109627704, -1.876878797]]]}}, {"type": "Feature", "id": "training_2024_20240630_20240626_r002_c013_00029", "properties": {"patch_id": "training_2024_20240630_20240626_r002_c013_00029", "training_tag": "training_2024_20240630_20240626", "year": 2024, "split": "train", "cluster_id": 1, "dominant_interpretation": "vegetation", "weak_source_fraction": 0.965449, "anomaly_score": 0.186807, "review_priority": "embedding_supported", "review_reason": "embedding cluster has compatible weak-source interpretation", "area_m2": 1638400.0}, "geometry": {"type": "Polygon", "coordinates": [[[30.12111975, -1.876858184], [30.13261167, -1.876837496], [30.132632332, -1.888400511], [30.121140337, -1.888421327], [30.12111975, -1.876858184]]]}}, {"type": "Feature", "id": "training_2024_20240630_20240626_r003_c001_00032", "properties": {"patch_id": "training_2024_20240630_20240626_r003_c001_00032", "training_tag": "training_2024_20240630_20240626", "year": 2024, "split": "train", "cluster_id": 2, "dominant_interpretation": "built_up", "weak_source_fraction": 0.743332, "anomaly_score": 0.31604, "review_priority": "embedding_supported", "review_reason": "embedding cluster has compatible weak-source interpretation", "area_m2": 1638400.0}, "geometry": {"type": "Polygon", "coordinates": [[[29.983226647, -1.888665175], [29.994720132, -1.888645273], [29.994740009, -1.900209787], [29.983246449, -1.90022981], [29.983226647, -1.888665175]]]}}, {"type": "Feature", "id": "training_2024_20240630_20240626_r003_c002_00033", "properties": {"patch_id": "training_2024_20240630_20240626_r003_c002_00033", "training_tag": "training_2024_20240630_20240626", "year": 2024, "split": "train", "cluster_id": 8, "dominant_interpretation": "built_up", "weak_source_fraction": 0.965529, "anomaly_score": 0.284038, "review_priority": "embedding_supported", "review_reason": "embedding cluster has compatible weak-source interpretation", "area_m2": 1638400.0}, "geometry": {"type": "Polygon", "coordinates": [[[29.994720132, -1.888645273], [30.006213495, -1.888625296], [30.006233448, -1.900189687], [29.994740009, -1.900209787], [29.994720132, -1.888645273]]]}}, {"type": "Feature", "id": "training_2024_20240630_20240626_r003_c003_00034", "properties": {"patch_id": "training_2024_20240630_20240626_r003_c003_00034", "training_tag": "training_2024_20240630_20240626", "year": 2024, "split": "train", "cluster_id": 8, "dominant_interpretation": "built_up", "weak_source_fraction": 0.956385, "anomaly_score": 0.662689, "review_priority": "embedding_supported", "review_reason": "embedding cluster has compatible weak-source interpretation", "area_m2": 1638400.0}, "geometry": {"type": "Polygon", "coordinates": [[[30.006213495, -1.888625296], [30.017706736, -1.888605242], [30.017726765, -1.90016951], [30.006233448, -1.900189687], [30.006213495, -1.888625296]]]}}, {"type": "Feature", "id": "training_2024_20240630_20240626_r003_c004_00035", "properties": {"patch_id": "training_2024_20240630_20240626_r003_c004_00035", "training_tag": "training_2024_20240630_20240626", "year": 2024, "split": "train", "cluster_id": 8, "dominant_interpretation": "built_up", "weak_source_fraction": 0.980159, "anomaly_score": 0.574201, "review_priority": "embedding_supported", "review_reason": "embedding cluster has compatible weak-source interpretation", "area_m2": 1638400.0}, "geometry": {"type": "Polygon", "coordinates": [[[30.017706736, -1.888605242], [30.029199854, -1.888585112], [30.02921996, -1.900149256], [30.017726765, -1.90016951], [30.017706736, -1.888605242]]]}}, {"type": "Feature", "id": "training_2024_20240630_20240626_r003_c005_00036", "properties": {"patch_id": "training_2024_20240630_20240626_r003_c005_00036", "training_tag": "training_2024_20240630_20240626", "year": 2024, "split": "train", "cluster_id": 1, "dominant_interpretation": "vegetation", "weak_source_fraction": 0.806591, "anomaly_score": 0.998907, "review_priority": "high_anomaly", "review_reason": "high embedding anomaly", "area_m2": 1638400.0}, "geometry": {"type": "Polygon", "coordinates": [[[30.029199854, -1.888585112], [30.04069285, -1.888564906], [30.040713031, -1.900128926], [30.02921996, -1.900149256], [30.029199854, -1.888585112]]]}}, {"type": "Feature", "id": "training_2024_20240630_20240626_r003_c006_00037", "properties": {"patch_id": "training_2024_20240630_20240626_r003_c006_00037", "training_tag": "training_2024_20240630_20240626", "year": 2024, "split": "train", "cluster_id": 2, "dominant_interpretation": "vegetation", "weak_source_fraction": 0.52439, "anomaly_score": 0.30535, "review_priority": "weak_support_review", "review_reason": "mixed or weak-source support", "area_m2": 1638400.0}, "geometry": {"type": "Polygon", "coordinates": [[[30.04069285, -1.888564906], [30.052185722, -1.888544623], [30.05220598, -1.900108519], [30.040713031, -1.900128926], [30.04069285, -1.888564906]]]}}, {"type": "Feature", "id": "training_2024_20240630_20240626_r003_c007_00038", "properties": {"patch_id": "training_2024_20240630_20240626_r003_c007_00038", "training_tag": "training_2024_20240630_20240626", "year": 2024, "split": "train", "cluster_id": 7, "dominant_interpretation": "vegetation", "weak_source_fraction": 0.888723, "anomaly_score": 0.527878, "review_priority": "embedding_supported", "review_reason": "embedding cluster has compatible weak-source interpretation", "area_m2": 1638400.0}, "geometry": {"type": "Polygon", "coordinates": [[[30.052185722, -1.888544623], [30.06367847, -1.888524264], [30.063698804, -1.900088036], [30.05220598, -1.900108519], [30.052185722, -1.888544623]]]}}, {"type": "Feature", "id": "training_2024_20240630_20240626_r003_c008_00039", "properties": {"patch_id": "training_2024_20240630_20240626_r003_c008_00039", "training_tag": "training_2024_20240630_20240626", "year": 2024, "split": "train", "cluster_id": 3, "dominant_interpretation": "vegetation", "weak_source_fraction": 0.820609, "anomaly_score": 0.675957, "review_priority": "embedding_supported", "review_reason": "embedding cluster has compatible weak-source interpretation", "area_m2": 1638400.0}, "geometry": {"type": "Polygon", "coordinates": [[[30.06367847, -1.888524264], [30.075171094, -1.888503829], [30.075191504, -1.900067476], [30.063698804, -1.900088036], [30.06367847, -1.888524264]]]}}, {"type": "Feature", "id": "training_2024_20240630_20240626_r003_c009_00040", "properties": {"patch_id": "training_2024_20240630_20240626_r003_c009_00040", "training_tag": "training_2024_20240630_20240626", "year": 2024, "split": "train", "cluster_id": 3, "dominant_interpretation": "vegetation", "weak_source_fraction": 0.968607, "anomaly_score": 0.660747, "review_priority": "embedding_supported", "review_reason": "embedding cluster has compatible weak-source interpretation", "area_m2": 1638400.0}, "geometry": {"type": "Polygon", "coordinates": [[[30.075171094, -1.888503829], [30.086663593, -1.888483318], [30.086684079, -1.900046839], [30.075191504, -1.900067476], [30.075171094, -1.888503829]]]}}, {"type": "Feature", "id": "training_2024_20240630_20240626_r003_c011_00042", "properties": {"patch_id": "training_2024_20240630_20240626_r003_c011_00042", "training_tag": "training_2024_20240630_20240626", "year": 2024, "split": "train", "cluster_id": 1, "dominant_interpretation": "vegetation", "weak_source_fraction": 0.975898, "anomaly_score": 0.417711, "review_priority": "embedding_supported", "review_reason": "embedding cluster has compatible weak-source interpretation", "area_m2": 1638400.0}, "geometry": {"type": "Polygon", "coordinates": [[[30.098155967, -1.888462731], [30.109648215, -1.888442067], [30.109668853, -1.900005335], [30.098176529, -1.900026125], [30.098155967, -1.888462731]]]}}, {"type": "Feature", "id": "training_2024_20240630_20240626_r003_c012_00043", "properties": {"patch_id": "training_2024_20240630_20240626_r003_c012_00043", "training_tag": "training_2024_20240630_20240626", "year": 2024, "split": "train", "cluster_id": 1, "dominant_interpretation": "vegetation", "weak_source_fraction": 0.997862, "anomaly_score": 0.074529, "review_priority": "embedding_supported", "review_reason": "embedding cluster has compatible weak-source interpretation", "area_m2": 1638400.0}, "geometry": {"type": "Polygon", "coordinates": [[[30.109648215, -1.888442067], [30.121140337, -1.888421327], [30.121161051, -1.899984468], [30.109668853, -1.900005335], [30.109648215, -1.888442067]]]}}, {"type": "Feature", "id": "training_2024_20240630_20240626_r003_c013_00044", "properties": {"patch_id": "training_2024_20240630_20240626_r003_c013_00044", "training_tag": "training_2024_20240630_20240626", "year": 2024, "split": "train", "cluster_id": 1, "dominant_interpretation": "vegetation", "weak_source_fraction": 0.999441, "anomaly_score": 0.14069, "review_priority": "embedding_supported", "review_reason": "embedding cluster has compatible weak-source interpretation", "area_m2": 1638400.0}, "geometry": {"type": "Polygon", "coordinates": [[[30.121140337, -1.888421327], [30.132632332, -1.888400511], [30.132653122, -1.899963524], [30.121161051, -1.899984468], [30.121140337, -1.888421327]]]}}, {"type": "Feature", "id": "training_2024_20240630_20240626_r003_c014_00045", "properties": {"patch_id": "training_2024_20240630_20240626_r003_c014_00045", "training_tag": "training_2024_20240630_20240626", "year": 2024, "split": "train", "cluster_id": 1, "dominant_interpretation": "vegetation", "weak_source_fraction": 1.0, "anomaly_score": 0.340874, "review_priority": "embedding_supported", "review_reason": "embedding cluster has compatible weak-source interpretation", "area_m2": 1638400.0}, "geometry": {"type": "Polygon", "coordinates": [[[30.132632332, -1.888400511], [30.1441242, -1.888379619], [30.144145066, -1.899942504], [30.132653122, -1.899963524], [30.132632332, -1.888400511]]]}}, {"type": "Feature", "id": "training_2024_20240630_20240626_r004_c000_00046", "properties": {"patch_id": "training_2024_20240630_20240626_r004_c000_00046", "training_tag": "training_2024_20240630_20240626", "year": 2024, "split": "train", "cluster_id": 3, "dominant_interpretation": "vegetation", "weak_source_fraction": 0.537215, "anomaly_score": 1.0, "review_priority": "high_anomaly", "review_reason": "high embedding anomaly", "area_m2": 1638400.0}, "geometry": {"type": "Polygon", "coordinates": [[[29.971752767, -1.900249756], [29.983246449, -1.90022981], [29.983266371, -1.911794443], [29.971772613, -1.911814511], [29.971752767, -1.900249756]]]}}, {"type": "Feature", "id": "training_2024_20240630_20240626_r004_c001_00047", "properties": {"patch_id": "training_2024_20240630_20240626_r004_c001_00047", "training_tag": "training_2024_20240630_20240626", "year": 2024, "split": "train", "cluster_id": 4, "dominant_interpretation": "vegetation", "weak_source_fraction": 0.518096, "anomaly_score": 0.526714, "review_priority": "weak_support_review", "review_reason": "mixed or weak-source support", "area_m2": 1638400.0}, "geometry": {"type": "Polygon", "coordinates": [[[29.983246449, -1.90022981], [29.994740009, -1.900209787], [29.994760009, -1.911774298], [29.983266371, -1.911794443], [29.983246449, -1.90022981]]]}}, {"type": "Feature", "id": "training_2024_20240630_20240626_r004_c002_00048", "properties": {"patch_id": "training_2024_20240630_20240626_r004_c002_00048", "training_tag": "training_2024_20240630_20240626", "year": 2024, "split": "train", "cluster_id": 2, "dominant_interpretation": "built_up", "weak_source_fraction": 0.739619, "anomaly_score": 0.352439, "review_priority": "embedding_supported", "review_reason": "embedding cluster has compatible weak-source interpretation", "area_m2": 1638400.0}, "geometry": {"type": "Polygon", "coordinates": [[[29.994740009, -1.900209787], [30.006233448, -1.900189687], [30.006253524, -1.911754076], [29.994760009, -1.911774298], [29.994740009, -1.900209787]]]}}, {"type": "Feature", "id": "training_2024_20240630_20240626_r004_c003_00049", "properties": {"patch_id": "training_2024_20240630_20240626_r004_c003_00049", "training_tag": "training_2024_20240630_20240626", "year": 2024, "split": "train", "cluster_id": 8, "dominant_interpretation": "built_up", "weak_source_fraction": 0.960394, "anomaly_score": 0.37944, "review_priority": "embedding_supported", "review_reason": "embedding cluster has compatible weak-source interpretation", "area_m2": 1638400.0}, "geometry": {"type": "Polygon", "coordinates": [[[30.006233448, -1.900189687], [30.017726765, -1.90016951], [30.017746918, -1.911733776], [30.006253524, -1.911754076], [30.006233448, -1.900189687]]]}}, {"type": "Feature", "id": "training_2024_20240630_20240626_r004_c004_00050", "properties": {"patch_id": "training_2024_20240630_20240626_r004_c004_00050", "training_tag": "training_2024_20240630_20240626", "year": 2024, "split": "train", "cluster_id": 8, "dominant_interpretation": "built_up", "weak_source_fraction": 0.915593, "anomaly_score": 0.12191, "review_priority": "embedding_supported", "review_reason": "embedding cluster has compatible weak-source interpretation", "area_m2": 1638400.0}, "geometry": {"type": "Polygon", "coordinates": [[[30.017726765, -1.90016951], [30.02921996, -1.900149256], [30.029240189, -1.911713399], [30.017746918, -1.911733776], [30.017726765, -1.90016951]]]}}, {"type": "Feature", "id": "training_2024_20240630_20240626_r004_c005_00051", "properties": {"patch_id": "training_2024_20240630_20240626_r004_c005_00051", "training_tag": "training_2024_20240630_20240626", "year": 2024, "split": "train", "cluster_id": 2, "dominant_interpretation": "built_up", "weak_source_fraction": 0.601536, "anomaly_score": 0.67736, "review_priority": "weak_support_review", "review_reason": "mixed or weak-source support", "area_m2": 1638400.0}, "geometry": {"type": "Polygon", "coordinates": [[[30.02921996, -1.900149256], [30.040713031, -1.900128926], [30.040733337, -1.911692945], [30.029240189, -1.911713399], [30.02921996, -1.900149256]]]}}, {"type": "Feature", "id": "training_2024_20240630_20240626_r004_c006_00052", "properties": {"patch_id": "training_2024_20240630_20240626_r004_c006_00052", "training_tag": "training_2024_20240630_20240626", "year": 2024, "split": "train", "cluster_id": 7, "dominant_interpretation": "vegetation", "weak_source_fraction": 1.0, "anomaly_score": 0.332199, "review_priority": "embedding_supported", "review_reason": "embedding cluster has compatible weak-source interpretation", "area_m2": 1638400.0}, "geometry": {"type": "Polygon", "coordinates": [[[30.040713031, -1.900128926], [30.05220598, -1.900108519], [30.052226361, -1.911672414], [30.040733337, -1.911692945], [30.040713031, -1.900128926]]]}}, {"type": "Feature", "id": "training_2024_20240630_20240626_r004_c007_00053", "properties": {"patch_id": "training_2024_20240630_20240626_r004_c007_00053", "training_tag": "training_2024_20240630_20240626", "year": 2024, "split": "train", "cluster_id": 3, "dominant_interpretation": "vegetation", "weak_source_fraction": 0.545009, "anomaly_score": 0.265788, "review_priority": "weak_support_review", "review_reason": "mixed or weak-source support", "area_m2": 1638400.0}, "geometry": {"type": "Polygon", "coordinates": [[[30.05220598, -1.900108519], [30.063698804, -1.900088036], [30.063719262, -1.911651806], [30.052226361, -1.911672414], [30.05220598, -1.900108519]]]}}, {"type": "Feature", "id": "training_2024_20240630_20240626_r004_c008_00054", "properties": {"patch_id": "training_2024_20240630_20240626_r004_c008_00054", "training_tag": "training_2024_20240630_20240626", "year": 2024, "split": "train", "cluster_id": 3, "dominant_interpretation": "vegetation", "weak_source_fraction": 0.61086, "anomaly_score": 0.265743, "review_priority": "weak_support_review", "review_reason": "mixed or weak-source support", "area_m2": 1638400.0}, "geometry": {"type": "Polygon", "coordinates": [[[30.063698804, -1.900088036], [30.075191504, -1.900067476], [30.075212038, -1.91163112], [30.063719262, -1.911651806], [30.063698804, -1.900088036]]]}}, {"type": "Feature", "id": "training_2024_20240630_20240626_r004_c009_00055", "properties": {"patch_id": "training_2024_20240630_20240626_r004_c009_00055", "training_tag": "training_2024_20240630_20240626", "year": 2024, "split": "train", "cluster_id": 5, "dominant_interpretation": "vegetation", "weak_source_fraction": 0.980938, "anomaly_score": 0.0, "review_priority": "embedding_supported", "review_reason": "embedding cluster has compatible weak-source interpretation", "area_m2": 1638400.0}, "geometry": {"type": "Polygon", "coordinates": [[[30.075191504, -1.900067476], [30.086684079, -1.900046839], [30.08670469, -1.911610358], [30.075212038, -1.91163112], [30.075191504, -1.900067476]]]}}, {"type": "Feature", "id": "training_2024_20240630_20240626_r004_c011_00057", "properties": {"patch_id": "training_2024_20240630_20240626_r004_c011_00057", "training_tag": "training_2024_20240630_20240626", "year": 2024, "split": "train", "cluster_id": 5, "dominant_interpretation": "vegetation", "weak_source_fraction": 0.998486, "anomaly_score": 0.100835, "review_priority": "embedding_supported", "review_reason": "embedding cluster has compatible weak-source interpretation", "area_m2": 1638400.0}, "geometry": {"type": "Polygon", "coordinates": [[[30.098176529, -1.900026125], [30.109668853, -1.900005335], [30.109689616, -1.911568601], [30.098197216, -1.911589518], [30.098176529, -1.900026125]]]}}, {"type": "Feature", "id": "training_2024_20240630_20240626_r004_c012_00058", "properties": {"patch_id": "training_2024_20240630_20240626_r004_c012_00058", "training_tag": "training_2024_20240630_20240626", "year": 2024, "split": "train", "cluster_id": 5, "dominant_interpretation": "vegetation", "weak_source_fraction": 1.0, "anomaly_score": 0.125947, "review_priority": "embedding_supported", "review_reason": "embedding cluster has compatible weak-source interpretation", "area_m2": 1638400.0}, "geometry": {"type": "Polygon", "coordinates": [[[30.109668853, -1.900005335], [30.121161051, -1.899984468], [30.121181891, -1.911547607], [30.109689616, -1.911568601], [30.109668853, -1.900005335]]]}}, {"type": "Feature", "id": "training_2024_20240630_20240626_r004_c013_00059", "properties": {"patch_id": "training_2024_20240630_20240626_r004_c013_00059", "training_tag": "training_2024_20240630_20240626", "year": 2024, "split": "train", "cluster_id": 5, "dominant_interpretation": "vegetation", "weak_source_fraction": 1.0, "anomaly_score": 0.176329, "review_priority": "embedding_supported", "review_reason": "embedding cluster has compatible weak-source interpretation", "area_m2": 1638400.0}, "geometry": {"type": "Polygon", "coordinates": [[[30.121161051, -1.899984468], [30.132653122, -1.899963524], [30.132674038, -1.911526536], [30.121181891, -1.911547607], [30.121161051, -1.899984468]]]}}, {"type": "Feature", "id": "training_2024_20240630_20240626_r004_c014_00060", "properties": {"patch_id": "training_2024_20240630_20240626_r004_c014_00060", "training_tag": "training_2024_20240630_20240626", "year": 2024, "split": "train", "cluster_id": 1, "dominant_interpretation": "vegetation", "weak_source_fraction": 0.878728, "anomaly_score": 0.207907, "review_priority": "embedding_supported", "review_reason": "embedding cluster has compatible weak-source interpretation", "area_m2": 1638400.0}, "geometry": {"type": "Polygon", "coordinates": [[[30.132653122, -1.899963524], [30.144145066, -1.899942504], [30.144166059, -1.911505388], [30.132674038, -1.911526536], [30.132653122, -1.899963524]]]}}, {"type": "Feature", "id": "training_2024_20240630_20240626_r005_c000_00061", "properties": {"patch_id": "training_2024_20240630_20240626_r005_c000_00061", "training_tag": "training_2024_20240630_20240626", "year": 2024, "split": "train", "cluster_id": 2, "dominant_interpretation": "built_up", "weak_source_fraction": 0.827149, "anomaly_score": 1.0, "review_priority": "high_anomaly", "review_reason": "high embedding anomaly", "area_m2": 1638400.0}, "geometry": {"type": "Polygon", "coordinates": [[[29.971772613, -1.911814511], [29.983266371, -1.911794443], [29.983286415, -1.923359075], [29.97179258, -1.923379264], [29.971772613, -1.911814511]]]}}, {"type": "Feature", "id": "training_2024_20240630_20240626_r005_c001_00062", "properties": {"patch_id": "training_2024_20240630_20240626_r005_c001_00062", "training_tag": "training_2024_20240630_20240626", "year": 2024, "split": "train", "cluster_id": 2, "dominant_interpretation": "built_up", "weak_source_fraction": 0.562196, "anomaly_score": 1.0, "review_priority": "high_anomaly", "review_reason": "high embedding anomaly", "area_m2": 1638400.0}, "geometry": {"type": "Polygon", "coordinates": [[[29.983266371, -1.911794443], [29.994760009, -1.911774298], [29.994780129, -1.923338808], [29.983286415, -1.923359075], [29.983266371, -1.911794443]]]}}, {"type": "Feature", "id": "training_2024_20240630_20240626_r005_c002_00063", "properties": {"patch_id": "training_2024_20240630_20240626_r005_c002_00063", "training_tag": "training_2024_20240630_20240626", "year": 2024, "split": "train", "cluster_id": 4, "dominant_interpretation": "built_up", "weak_source_fraction": 0.694132, "anomaly_score": 0.408753, "review_priority": "embedding_supported", "review_reason": "embedding cluster has compatible weak-source interpretation", "area_m2": 1638400.0}, "geometry": {"type": "Polygon", "coordinates": [[[29.994760009, -1.911774298], [30.006253524, -1.911754076], [30.006273722, -1.923318463], [29.994780129, -1.923338808], [29.994760009, -1.911774298]]]}}, {"type": "Feature", "id": "training_2024_20240630_20240626_r005_c003_00064", "properties": {"patch_id": "training_2024_20240630_20240626_r005_c003_00064", "training_tag": "training_2024_20240630_20240626", "year": 2024, "split": "train", "cluster_id": 8, "dominant_interpretation": "built_up", "weak_source_fraction": 0.829237, "anomaly_score": 0.225731, "review_priority": "embedding_supported", "review_reason": "embedding cluster has compatible weak-source interpretation", "area_m2": 1638400.0}, "geometry": {"type": "Polygon", "coordinates": [[[30.006253524, -1.911754076], [30.017746918, -1.911733776], [30.017767192, -1.92329804], [30.006273722, -1.923318463], [30.006253524, -1.911754076]]]}}, {"type": "Feature", "id": "training_2024_20240630_20240626_r005_c006_00067", "properties": {"patch_id": "training_2024_20240630_20240626_r005_c006_00067", "training_tag": "training_2024_20240630_20240626", "year": 2024, "split": "train", "cluster_id": 3, "dominant_interpretation": "vegetation", "weak_source_fraction": 0.844808, "anomaly_score": 0.378665, "review_priority": "embedding_supported", "review_reason": "embedding cluster has compatible weak-source interpretation", "area_m2": 1638400.0}, "geometry": {"type": "Polygon", "coordinates": [[[30.040733337, -1.911692945], [30.052226361, -1.911672414], [30.052246867, -1.923236307], [30.040753765, -1.923256962], [30.040733337, -1.911692945]]]}}, {"type": "Feature", "id": "training_2024_20240630_20240626_r005_c007_00068", "properties": {"patch_id": "training_2024_20240630_20240626_r005_c007_00068", "training_tag": "training_2024_20240630_20240626", "year": 2024, "split": "train", "cluster_id": 7, "dominant_interpretation": "vegetation", "weak_source_fraction": 0.916557, "anomaly_score": 0.438527, "review_priority": "embedding_supported", "review_reason": "embedding cluster has compatible weak-source interpretation", "area_m2": 1638400.0}, "geometry": {"type": "Polygon", "coordinates": [[[30.052226361, -1.911672414], [30.063719262, -1.911651806], [30.063739844, -1.923215574], [30.052246867, -1.923236307], [30.052226361, -1.911672414]]]}}, {"type": "Feature", "id": "training_2024_20240630_20240626_r005_c008_00069", "properties": {"patch_id": "training_2024_20240630_20240626_r005_c008_00069", "training_tag": "training_2024_20240630_20240626", "year": 2024, "split": "train", "cluster_id": 7, "dominant_interpretation": "vegetation", "weak_source_fraction": 0.998414, "anomaly_score": 0.068195, "review_priority": "embedding_supported", "review_reason": "embedding cluster has compatible weak-source interpretation", "area_m2": 1638400.0}, "geometry": {"type": "Polygon", "coordinates": [[[30.063719262, -1.911651806], [30.075212038, -1.91163112], [30.075232698, -1.923194763], [30.063739844, -1.923215574], [30.063719262, -1.911651806]]]}}, {"type": "Feature", "id": "training_2024_20240630_20240626_r005_c009_00070", "properties": {"patch_id": "training_2024_20240630_20240626_r005_c009_00070", "training_tag": "training_2024_20240630_20240626", "year": 2024, "split": "train", "cluster_id": 7, "dominant_interpretation": "vegetation", "weak_source_fraction": 0.995425, "anomaly_score": 0.09386, "review_priority": "embedding_supported", "review_reason": "embedding cluster has compatible weak-source interpretation", "area_m2": 1638400.0}, "geometry": {"type": "Polygon", "coordinates": [[[30.075212038, -1.91163112], [30.08670469, -1.911610358], [30.086725426, -1.923173875], [30.075232698, -1.923194763], [30.075212038, -1.91163112]]]}}, {"type": "Feature", "id": "training_2024_20240630_20240626_r005_c010_00071", "properties": {"patch_id": "training_2024_20240630_20240626_r005_c010_00071", "training_tag": "training_2024_20240630_20240626", "year": 2024, "split": "train", "cluster_id": 5, "dominant_interpretation": "vegetation", "weak_source_fraction": 0.993524, "anomaly_score": 0.548386, "review_priority": "embedding_supported", "review_reason": "embedding cluster has compatible weak-source interpretation", "area_m2": 1638400.0}, "geometry": {"type": "Polygon", "coordinates": [[[30.08670469, -1.911610358], [30.098197216, -1.911589518], [30.098218029, -1.923152909], [30.086725426, -1.923173875], [30.08670469, -1.911610358]]]}}, {"type": "Feature", "id": "training_2024_20240630_20240626_r005_c011_00072", "properties": {"patch_id": "training_2024_20240630_20240626_r005_c011_00072", "training_tag": "training_2024_20240630_20240626", "year": 2024, "split": "train", "cluster_id": 5, "dominant_interpretation": "vegetation", "weak_source_fraction": 1.0, "anomaly_score": 0.12971, "review_priority": "embedding_supported", "review_reason": "embedding cluster has compatible weak-source interpretation", "area_m2": 1638400.0}, "geometry": {"type": "Polygon", "coordinates": [[[30.098197216, -1.911589518], [30.109689616, -1.911568601], [30.109710507, -1.923131866], [30.098218029, -1.923152909], [30.098197216, -1.911589518]]]}}, {"type": "Feature", "id": "training_2024_20240630_20240626_r005_c012_00073", "properties": {"patch_id": "training_2024_20240630_20240626_r005_c012_00073", "training_tag": "training_2024_20240630_20240626", "year": 2024, "split": "train", "cluster_id": 5, "dominant_interpretation": "vegetation", "weak_source_fraction": 0.999523, "anomaly_score": 0.170448, "review_priority": "embedding_supported", "review_reason": "embedding cluster has compatible weak-source interpretation", "area_m2": 1638400.0}, "geometry": {"type": "Polygon", "coordinates": [[[30.109689616, -1.911568601], [30.121181891, -1.911547607], [30.121202858, -1.923110744], [30.109710507, -1.923131866], [30.109689616, -1.911568601]]]}}, {"type": "Feature", "id": "training_2024_20240630_20240626_r005_c013_00074", "properties": {"patch_id": "training_2024_20240630_20240626_r005_c013_00074", "training_tag": "training_2024_20240630_20240626", "year": 2024, "split": "train", "cluster_id": 7, "dominant_interpretation": "vegetation", "weak_source_fraction": 0.925773, "anomaly_score": 0.26695, "review_priority": "embedding_supported", "review_reason": "embedding cluster has compatible weak-source interpretation", "area_m2": 1638400.0}, "geometry": {"type": "Polygon", "coordinates": [[[30.121181891, -1.911547607], [30.132674038, -1.911526536], [30.132695082, -1.923089546], [30.121202858, -1.923110744], [30.121181891, -1.911547607]]]}}, {"type": "Feature", "id": "training_2024_20240630_20240626_r005_c014_00075", "properties": {"patch_id": "training_2024_20240630_20240626_r005_c014_00075", "training_tag": "training_2024_20240630_20240626", "year": 2024, "split": "train", "cluster_id": 1, "dominant_interpretation": "vegetation", "weak_source_fraction": 0.854466, "anomaly_score": 0.375358, "review_priority": "embedding_supported", "review_reason": "embedding cluster has compatible weak-source interpretation", "area_m2": 1638400.0}, "geometry": {"type": "Polygon", "coordinates": [[[30.132674038, -1.911526536], [30.144166059, -1.911505388], [30.14418718, -1.923068269], [30.132695082, -1.923089546], [30.132674038, -1.911526536]]]}}, {"type": "Feature", "id": "training_2024_20240630_20240626_r006_c000_00076", "properties": {"patch_id": "training_2024_20240630_20240626_r006_c000_00076", "training_tag": "training_2024_20240630_20240626", "year": 2024, "split": "train", "cluster_id": 8, "dominant_interpretation": "built_up", "weak_source_fraction": 0.94611, "anomaly_score": 0.060069, "review_priority": "embedding_supported", "review_reason": "embedding cluster has compatible weak-source interpretation", "area_m2": 1638400.0}, "geometry": {"type": "Polygon", "coordinates": [[[29.97179258, -1.923379264], [29.983286415, -1.923359075], [29.98330658, -1.934923705], [29.971812668, -1.934944016], [29.97179258, -1.923379264]]]}}, {"type": "Feature", "id": "training_2024_20240630_20240626_r006_c001_00077", "properties": {"patch_id": "training_2024_20240630_20240626_r006_c001_00077", "training_tag": "training_2024_20240630_20240626", "year": 2024, "split": "train", "cluster_id": 2, "dominant_interpretation": "built_up", "weak_source_fraction": 0.818321, "anomaly_score": 1.0, "review_priority": "high_anomaly", "review_reason": "high embedding anomaly", "area_m2": 1638400.0}, "geometry": {"type": "Polygon", "coordinates": [[[29.983286415, -1.923359075], [29.994780129, -1.923338808], [29.994800372, -1.934903315], [29.98330658, -1.934923705], [29.983286415, -1.923359075]]]}}, {"type": "Feature", "id": "training_2024_20240630_20240626_r006_c002_00078", "properties": {"patch_id": "training_2024_20240630_20240626_r006_c002_00078", "training_tag": "training_2024_20240630_20240626", "year": 2024, "split": "train", "cluster_id": 4, "dominant_interpretation": "built_up", "weak_source_fraction": 0.870073, "anomaly_score": 0.88645, "review_priority": "embedding_supported", "review_reason": "embedding cluster has compatible weak-source interpretation", "area_m2": 1638400.0}, "geometry": {"type": "Polygon", "coordinates": [[[29.994780129, -1.923338808], [30.006273722, -1.923318463], [30.006294042, -1.934882848], [29.994800372, -1.934903315], [29.994780129, -1.923338808]]]}}, {"type": "Feature", "id": "training_2024_20240725_20240722_r000_c000_00000", "properties": {"patch_id": "training_2024_20240725_20240722_r000_c000_00000", "training_tag": "training_2024_20240725_20240722", "year": 2024, "split": "train", "cluster_id": 2, "dominant_interpretation": "vegetation", "weak_source_fraction": 0.593518, "anomaly_score": 0.699438, "review_priority": "weak_support_review", "review_reason": "mixed or weak-source support", "area_m2": 1638400.0}, "geometry": {"type": "Polygon", "coordinates": [[[29.971674588, -1.85399072], [29.983167969, -1.853971259], [29.983187407, -1.865535899], [29.971693952, -1.865555482], [29.971674588, -1.85399072]]]}}, {"type": "Feature", "id": "training_2024_20240725_20240722_r000_c001_00001", "properties": {"patch_id": "training_2024_20240725_20240722_r000_c001_00001", "training_tag": "training_2024_20240725_20240722", "year": 2024, "split": "train", "cluster_id": 4, "dominant_interpretation": "built_up", "weak_source_fraction": 0.81058, "anomaly_score": 1.0, "review_priority": "high_anomaly", "review_reason": "high embedding anomaly", "area_m2": 1638400.0}, "geometry": {"type": "Polygon", "coordinates": [[[29.983167969, -1.853971259], [29.994661228, -1.853951724], [29.994680741, -1.865516242], [29.983187407, -1.865535899], [29.983167969, -1.853971259]]]}}, {"type": "Feature", "id": "training_2024_20240725_20240722_r000_c003_00003", "properties": {"patch_id": "training_2024_20240725_20240722_r000_c003_00003", "training_tag": "training_2024_20240725_20240722", "year": 2024, "split": "train", "cluster_id": 8, "dominant_interpretation": "built_up", "weak_source_fraction": 0.928253, "anomaly_score": 0.558203, "review_priority": "embedding_supported", "review_reason": "embedding cluster has compatible weak-source interpretation", "area_m2": 1638400.0}, "geometry": {"type": "Polygon", "coordinates": [[[30.006154366, -1.853932113], [30.017647381, -1.853912428], [30.017667044, -1.865476701], [30.006173953, -1.865496509], [30.006154366, -1.853932113]]]}}, {"type": "Feature", "id": "training_2024_20240725_20240722_r000_c014_00009", "properties": {"patch_id": "training_2024_20240725_20240722_r000_c014_00009", "training_tag": "training_2024_20240725_20240722", "year": 2024, "split": "train", "cluster_id": 4, "dominant_interpretation": "built_up", "weak_source_fraction": 0.939968, "anomaly_score": 0.557367, "review_priority": "embedding_supported", "review_reason": "embedding cluster has compatible weak-source interpretation", "area_m2": 1638400.0}, "geometry": {"type": "Polygon", "coordinates": [[[30.132570726, -1.85371146], [30.144062369, -1.853690952], [30.144082852, -1.865253843], [30.132591135, -1.865274479], [30.132570726, -1.85371146]]]}}, {"type": "Feature", "id": "training_2024_20240725_20240722_r001_c001_00010", "properties": {"patch_id": "training_2024_20240725_20240722_r001_c001_00010", "training_tag": "training_2024_20240725_20240722", "year": 2024, "split": "train", "cluster_id": 8, "dominant_interpretation": "built_up", "weak_source_fraction": 0.970827, "anomaly_score": 0.298439, "review_priority": "embedding_supported", "review_reason": "embedding cluster has compatible weak-source interpretation", "area_m2": 1638400.0}, "geometry": {"type": "Polygon", "coordinates": [[[29.983187407, -1.865535899], [29.994680741, -1.865516242], [29.994700375, -1.877080759], [29.983206966, -1.877100538], [29.983187407, -1.865535899]]]}}, {"type": "Feature", "id": "training_2024_20240725_20240722_r001_c002_00011", "properties": {"patch_id": "training_2024_20240725_20240722_r001_c002_00011", "training_tag": "training_2024_20240725_20240722", "year": 2024, "split": "train", "cluster_id": 8, "dominant_interpretation": "built_up", "weak_source_fraction": 0.965997, "anomaly_score": 0.0, "review_priority": "embedding_supported", "review_reason": "embedding cluster has compatible weak-source interpretation", "area_m2": 1638400.0}, "geometry": {"type": "Polygon", "coordinates": [[[29.994680741, -1.865516242], [30.006173953, -1.865496509], [30.006193663, -1.877060903], [29.994700375, -1.877080759], [29.994680741, -1.865516242]]]}}, {"type": "Feature", "id": "training_2024_20240725_20240722_r001_c006_00012", "properties": {"patch_id": "training_2024_20240725_20240722_r001_c006_00012", "training_tag": "training_2024_20240725_20240722", "year": 2024, "split": "train", "cluster_id": 1, "dominant_interpretation": "vegetation", "weak_source_fraction": 0.909596, "anomaly_score": 0.524043, "review_priority": "embedding_supported", "review_reason": "embedding cluster has compatible weak-source interpretation", "area_m2": 1638400.0}, "geometry": {"type": "Polygon", "coordinates": [[[30.040652857, -1.865436859], [30.052145578, -1.865416825], [30.052165588, -1.876980725], [30.040672791, -1.877000883], [30.040652857, -1.865436859]]]}}, {"type": "Feature", "id": "training_2024_20240725_20240722_r001_c008_00013", "properties": {"patch_id": "training_2024_20240725_20240722_r001_c008_00013", "training_tag": "training_2024_20240725_20240722", "year": 2024, "split": "train", "cluster_id": 2, "dominant_interpretation": "built_up", "weak_source_fraction": 0.53735, "anomaly_score": 0.141438, "review_priority": "weak_support_review", "review_reason": "mixed or weak-source support", "area_m2": 1638400.0}, "geometry": {"type": "Polygon", "coordinates": [[[30.063638176, -1.865396716], [30.075130649, -1.865376531], [30.075150809, -1.876940181], [30.063658261, -1.876960491], [30.063638176, -1.865396716]]]}}, {"type": "Feature", "id": "training_2024_20240725_20240722_r001_c009_00014", "properties": {"patch_id": "training_2024_20240725_20240722_r001_c009_00014", "training_tag": "training_2024_20240725_20240722", "year": 2024, "split": "train", "cluster_id": 7, "dominant_interpretation": "vegetation", "weak_source_fraction": 0.998376, "anomaly_score": 0.281091, "review_priority": "embedding_supported", "review_reason": "embedding cluster has compatible weak-source interpretation", "area_m2": 1638400.0}, "geometry": {"type": "Polygon", "coordinates": [[[30.075130649, -1.865376531], [30.086622998, -1.865356271], [30.086643233, -1.876919795], [30.075150809, -1.876940181], [30.075130649, -1.865376531]]]}}, {"type": "Feature", "id": "training_2024_20240725_20240722_r001_c010_00015", "properties": {"patch_id": "training_2024_20240725_20240722_r001_c010_00015", "training_tag": "training_2024_20240725_20240722", "year": 2024, "split": "train", "cluster_id": 1, "dominant_interpretation": "vegetation", "weak_source_fraction": 0.999817, "anomaly_score": 0.201348, "review_priority": "embedding_supported", "review_reason": "embedding cluster has compatible weak-source interpretation", "area_m2": 1638400.0}, "geometry": {"type": "Polygon", "coordinates": [[[30.086622998, -1.865356271], [30.098115221, -1.865335936], [30.098135531, -1.876899334], [30.086643233, -1.876919795], [30.086622998, -1.865356271]]]}}, {"type": "Feature", "id": "training_2024_20240725_20240722_r001_c011_00016", "properties": {"patch_id": "training_2024_20240725_20240722_r001_c011_00016", "training_tag": "training_2024_20240725_20240722", "year": 2024, "split": "train", "cluster_id": 1, "dominant_interpretation": "vegetation", "weak_source_fraction": 0.94507, "anomaly_score": 0.086618, "review_priority": "embedding_supported", "review_reason": "embedding cluster has compatible weak-source interpretation", "area_m2": 1638400.0}, "geometry": {"type": "Polygon", "coordinates": [[[30.098115221, -1.865335936], [30.109607319, -1.865315526], [30.109627704, -1.876878797], [30.098135531, -1.876899334], [30.098115221, -1.865335936]]]}}, {"type": "Feature", "id": "training_2024_20240725_20240722_r002_c001_00019", "properties": {"patch_id": "training_2024_20240725_20240722_r002_c001_00019", "training_tag": "training_2024_20240725_20240722", "year": 2024, "split": "train", "cluster_id": 1, "dominant_interpretation": "built_up", "weak_source_fraction": 0.60419, "anomaly_score": 0.855681, "review_priority": "weak_support_review", "review_reason": "mixed or weak-source support", "area_m2": 1638400.0}, "geometry": {"type": "Polygon", "coordinates": [[[29.983206966, -1.877100538], [29.994700375, -1.877080759], [29.994720132, -1.888645273], [29.983226647, -1.888665175], [29.983206966, -1.877100538]]]}}, {"type": "Feature", "id": "training_2024_20240725_20240722_r002_c003_00020", "properties": {"patch_id": "training_2024_20240725_20240722_r002_c003_00020", "training_tag": "training_2024_20240725_20240722", "year": 2024, "split": "train", "cluster_id": 8, "dominant_interpretation": "built_up", "weak_source_fraction": 0.948057, "anomaly_score": 0.448948, "review_priority": "embedding_supported", "review_reason": "embedding cluster has compatible weak-source interpretation", "area_m2": 1638400.0}, "geometry": {"type": "Polygon", "coordinates": [[[30.006193663, -1.877060903], [30.017686828, -1.877040972], [30.017706736, -1.888605242], [30.006213495, -1.888625296], [30.006193663, -1.877060903]]]}}, {"type": "Feature", "id": "training_2024_20240725_20240722_r002_c004_00021", "properties": {"patch_id": "training_2024_20240725_20240722_r002_c004_00021", "training_tag": "training_2024_20240725_20240722", "year": 2024, "split": "train", "cluster_id": 4, "dominant_interpretation": "built_up", "weak_source_fraction": 0.916452, "anomaly_score": 0.904681, "review_priority": "high_anomaly", "review_reason": "high embedding anomaly", "area_m2": 1638400.0}, "geometry": {"type": "Polygon", "coordinates": [[[30.017686828, -1.877040972], [30.029179871, -1.877020966], [30.029199854, -1.888585112], [30.017706736, -1.888605242], [30.017686828, -1.877040972]]]}}, {"type": "Feature", "id": "training_2024_20240725_20240722_r002_c007_00024", "properties": {"patch_id": "training_2024_20240725_20240722_r002_c007_00024", "training_tag": "training_2024_20240725_20240722", "year": 2024, "split": "train", "cluster_id": 7, "dominant_interpretation": "vegetation", "weak_source_fraction": 1.0, "anomaly_score": 0.660485, "review_priority": "embedding_supported", "review_reason": "embedding cluster has compatible weak-source interpretation", "area_m2": 1638400.0}, "geometry": {"type": "Polygon", "coordinates": [[[30.052165588, -1.876980725], [30.063658261, -1.876960491], [30.06367847, -1.888524264], [30.052185722, -1.888544623], [30.052165588, -1.876980725]]]}}, {"type": "Feature", "id": "training_2024_20240725_20240722_r002_c008_00025", "properties": {"patch_id": "training_2024_20240725_20240722_r002_c008_00025", "training_tag": "training_2024_20240725_20240722", "year": 2024, "split": "train", "cluster_id": 7, "dominant_interpretation": "vegetation", "weak_source_fraction": 0.960114, "anomaly_score": 0.258971, "review_priority": "embedding_supported", "review_reason": "embedding cluster has compatible weak-source interpretation", "area_m2": 1638400.0}, "geometry": {"type": "Polygon", "coordinates": [[[30.063658261, -1.876960491], [30.075150809, -1.876940181], [30.075171094, -1.888503829], [30.06367847, -1.888524264], [30.063658261, -1.876960491]]]}}, {"type": "Feature", "id": "training_2024_20240725_20240722_r002_c010_00026", "properties": {"patch_id": "training_2024_20240725_20240722_r002_c010_00026", "training_tag": "training_2024_20240725_20240722", "year": 2024, "split": "train", "cluster_id": 7, "dominant_interpretation": "vegetation", "weak_source_fraction": 1.0, "anomaly_score": 0.15937, "review_priority": "embedding_supported", "review_reason": "embedding cluster has compatible weak-source interpretation", "area_m2": 1638400.0}, "geometry": {"type": "Polygon", "coordinates": [[[30.086643233, -1.876919795], [30.098135531, -1.876899334], [30.098155967, -1.888462731], [30.086663593, -1.888483318], [30.086643233, -1.876919795]]]}}, {"type": "Feature", "id": "training_2024_20240725_20240722_r002_c011_00027", "properties": {"patch_id": "training_2024_20240725_20240722_r002_c011_00027", "training_tag": "training_2024_20240725_20240722", "year": 2024, "split": "train", "cluster_id": 7, "dominant_interpretation": "vegetation", "weak_source_fraction": 1.0, "anomaly_score": 0.29455, "review_priority": "embedding_supported", "review_reason": "embedding cluster has compatible weak-source interpretation", "area_m2": 1638400.0}, "geometry": {"type": "Polygon", "coordinates": [[[30.098135531, -1.876899334], [30.109627704, -1.876878797], [30.109648215, -1.888442067], [30.098155967, -1.888462731], [30.098135531, -1.876899334]]]}}, {"type": "Feature", "id": "training_2024_20240725_20240722_r002_c012_00028", "properties": {"patch_id": "training_2024_20240725_20240722_r002_c012_00028", "training_tag": "training_2024_20240725_20240722", "year": 2024, "split": "train", "cluster_id": 1, "dominant_interpretation": "vegetation", "weak_source_fraction": 0.99885, "anomaly_score": 0.29753, "review_priority": "embedding_supported", "review_reason": "embedding cluster has compatible weak-source interpretation", "area_m2": 1638400.0}, "geometry": {"type": "Polygon", "coordinates": [[[30.109627704, -1.876878797], [30.12111975, -1.876858184], [30.121140337, -1.888421327], [30.109648215, -1.888442067], [30.109627704, -1.876878797]]]}}, {"type": "Feature", "id": "training_2024_20240725_20240722_r002_c013_00029", "properties": {"patch_id": "training_2024_20240725_20240722_r002_c013_00029", "training_tag": "training_2024_20240725_20240722", "year": 2024, "split": "train", "cluster_id": 1, "dominant_interpretation": "vegetation", "weak_source_fraction": 0.965449, "anomaly_score": 0.404179, "review_priority": "embedding_supported", "review_reason": "embedding cluster has compatible weak-source interpretation", "area_m2": 1638400.0}, "geometry": {"type": "Polygon", "coordinates": [[[30.12111975, -1.876858184], [30.13261167, -1.876837496], [30.132632332, -1.888400511], [30.121140337, -1.888421327], [30.12111975, -1.876858184]]]}}, {"type": "Feature", "id": "training_2024_20240725_20240722_r003_c001_00032", "properties": {"patch_id": "training_2024_20240725_20240722_r003_c001_00032", "training_tag": "training_2024_20240725_20240722", "year": 2024, "split": "train", "cluster_id": 2, "dominant_interpretation": "built_up", "weak_source_fraction": 0.743332, "anomaly_score": 0.297556, "review_priority": "embedding_supported", "review_reason": "embedding cluster has compatible weak-source interpretation", "area_m2": 1638400.0}, "geometry": {"type": "Polygon", "coordinates": [[[29.983226647, -1.888665175], [29.994720132, -1.888645273], [29.994740009, -1.900209787], [29.983246449, -1.90022981], [29.983226647, -1.888665175]]]}}, {"type": "Feature", "id": "training_2024_20240725_20240722_r003_c002_00033", "properties": {"patch_id": "training_2024_20240725_20240722_r003_c002_00033", "training_tag": "training_2024_20240725_20240722", "year": 2024, "split": "train", "cluster_id": 8, "dominant_interpretation": "built_up", "weak_source_fraction": 0.965529, "anomaly_score": 0.123841, "review_priority": "embedding_supported", "review_reason": "embedding cluster has compatible weak-source interpretation", "area_m2": 1638400.0}, "geometry": {"type": "Polygon", "coordinates": [[[29.994720132, -1.888645273], [30.006213495, -1.888625296], [30.006233448, -1.900189687], [29.994740009, -1.900209787], [29.994720132, -1.888645273]]]}}, {"type": "Feature", "id": "training_2024_20240725_20240722_r003_c003_00034", "properties": {"patch_id": "training_2024_20240725_20240722_r003_c003_00034", "training_tag": "training_2024_20240725_20240722", "year": 2024, "split": "train", "cluster_id": 8, "dominant_interpretation": "built_up", "weak_source_fraction": 0.956385, "anomaly_score": 0.308884, "review_priority": "embedding_supported", "review_reason": "embedding cluster has compatible weak-source interpretation", "area_m2": 1638400.0}, "geometry": {"type": "Polygon", "coordinates": [[[30.006213495, -1.888625296], [30.017706736, -1.888605242], [30.017726765, -1.90016951], [30.006233448, -1.900189687], [30.006213495, -1.888625296]]]}}, {"type": "Feature", "id": "training_2024_20240725_20240722_r003_c004_00035", "properties": {"patch_id": "training_2024_20240725_20240722_r003_c004_00035", "training_tag": "training_2024_20240725_20240722", "year": 2024, "split": "train", "cluster_id": 8, "dominant_interpretation": "built_up", "weak_source_fraction": 0.980159, "anomaly_score": 0.279044, "review_priority": "embedding_supported", "review_reason": "embedding cluster has compatible weak-source interpretation", "area_m2": 1638400.0}, "geometry": {"type": "Polygon", "coordinates": [[[30.017706736, -1.888605242], [30.029199854, -1.888585112], [30.02921996, -1.900149256], [30.017726765, -1.90016951], [30.017706736, -1.888605242]]]}}, {"type": "Feature", "id": "training_2024_20240725_20240722_r003_c005_00036", "properties": {"patch_id": "training_2024_20240725_20240722_r003_c005_00036", "training_tag": "training_2024_20240725_20240722", "year": 2024, "split": "train", "cluster_id": 7, "dominant_interpretation": "vegetation", "weak_source_fraction": 0.806591, "anomaly_score": 0.744565, "review_priority": "embedding_supported", "review_reason": "embedding cluster has compatible weak-source interpretation", "area_m2": 1638400.0}, "geometry": {"type": "Polygon", "coordinates": [[[30.029199854, -1.888585112], [30.04069285, -1.888564906], [30.040713031, -1.900128926], [30.02921996, -1.900149256], [30.029199854, -1.888585112]]]}}, {"type": "Feature", "id": "training_2024_20240725_20240722_r003_c006_00037", "properties": {"patch_id": "training_2024_20240725_20240722_r003_c006_00037", "training_tag": "training_2024_20240725_20240722", "year": 2024, "split": "train", "cluster_id": 1, "dominant_interpretation": "vegetation", "weak_source_fraction": 0.52439, "anomaly_score": 0.328045, "review_priority": "weak_support_review", "review_reason": "mixed or weak-source support", "area_m2": 1638400.0}, "geometry": {"type": "Polygon", "coordinates": [[[30.04069285, -1.888564906], [30.052185722, -1.888544623], [30.05220598, -1.900108519], [30.040713031, -1.900128926], [30.04069285, -1.888564906]]]}}, {"type": "Feature", "id": "training_2024_20240725_20240722_r003_c007_00038", "properties": {"patch_id": "training_2024_20240725_20240722_r003_c007_00038", "training_tag": "training_2024_20240725_20240722", "year": 2024, "split": "train", "cluster_id": 7, "dominant_interpretation": "vegetation", "weak_source_fraction": 0.888723, "anomaly_score": 0.570938, "review_priority": "embedding_supported", "review_reason": "embedding cluster has compatible weak-source interpretation", "area_m2": 1638400.0}, "geometry": {"type": "Polygon", "coordinates": [[[30.052185722, -1.888544623], [30.06367847, -1.888524264], [30.063698804, -1.900088036], [30.05220598, -1.900108519], [30.052185722, -1.888544623]]]}}, {"type": "Feature", "id": "training_2024_20240725_20240722_r003_c008_00039", "properties": {"patch_id": "training_2024_20240725_20240722_r003_c008_00039", "training_tag": "training_2024_20240725_20240722", "year": 2024, "split": "train", "cluster_id": 3, "dominant_interpretation": "vegetation", "weak_source_fraction": 0.820609, "anomaly_score": 0.440127, "review_priority": "embedding_supported", "review_reason": "embedding cluster has compatible weak-source interpretation", "area_m2": 1638400.0}, "geometry": {"type": "Polygon", "coordinates": [[[30.06367847, -1.888524264], [30.075171094, -1.888503829], [30.075191504, -1.900067476], [30.063698804, -1.900088036], [30.06367847, -1.888524264]]]}}, {"type": "Feature", "id": "training_2024_20240725_20240722_r003_c009_00040", "properties": {"patch_id": "training_2024_20240725_20240722_r003_c009_00040", "training_tag": "training_2024_20240725_20240722", "year": 2024, "split": "train", "cluster_id": 5, "dominant_interpretation": "vegetation", "weak_source_fraction": 0.968607, "anomaly_score": 0.026018, "review_priority": "embedding_supported", "review_reason": "embedding cluster has compatible weak-source interpretation", "area_m2": 1638400.0}, "geometry": {"type": "Polygon", "coordinates": [[[30.075171094, -1.888503829], [30.086663593, -1.888483318], [30.086684079, -1.900046839], [30.075191504, -1.900067476], [30.075171094, -1.888503829]]]}}, {"type": "Feature", "id": "training_2024_20240725_20240722_r003_c011_00042", "properties": {"patch_id": "training_2024_20240725_20240722_r003_c011_00042", "training_tag": "training_2024_20240725_20240722", "year": 2024, "split": "train", "cluster_id": 7, "dominant_interpretation": "vegetation", "weak_source_fraction": 0.975898, "anomaly_score": 0.408623, "review_priority": "embedding_supported", "review_reason": "embedding cluster has compatible weak-source interpretation", "area_m2": 1638400.0}, "geometry": {"type": "Polygon", "coordinates": [[[30.098155967, -1.888462731], [30.109648215, -1.888442067], [30.109668853, -1.900005335], [30.098176529, -1.900026125], [30.098155967, -1.888462731]]]}}, {"type": "Feature", "id": "training_2024_20240725_20240722_r003_c012_00043", "properties": {"patch_id": "training_2024_20240725_20240722_r003_c012_00043", "training_tag": "training_2024_20240725_20240722", "year": 2024, "split": "train", "cluster_id": 5, "dominant_interpretation": "vegetation", "weak_source_fraction": 0.997862, "anomaly_score": 0.0, "review_priority": "embedding_supported", "review_reason": "embedding cluster has compatible weak-source interpretation", "area_m2": 1638400.0}, "geometry": {"type": "Polygon", "coordinates": [[[30.109648215, -1.888442067], [30.121140337, -1.888421327], [30.121161051, -1.899984468], [30.109668853, -1.900005335], [30.109648215, -1.888442067]]]}}, {"type": "Feature", "id": "training_2024_20240725_20240722_r003_c013_00044", "properties": {"patch_id": "training_2024_20240725_20240722_r003_c013_00044", "training_tag": "training_2024_20240725_20240722", "year": 2024, "split": "train", "cluster_id": 1, "dominant_interpretation": "vegetation", "weak_source_fraction": 0.999441, "anomaly_score": 0.0, "review_priority": "embedding_supported", "review_reason": "embedding cluster has compatible weak-source interpretation", "area_m2": 1638400.0}, "geometry": {"type": "Polygon", "coordinates": [[[30.121140337, -1.888421327], [30.132632332, -1.888400511], [30.132653122, -1.899963524], [30.121161051, -1.899984468], [30.121140337, -1.888421327]]]}}, {"type": "Feature", "id": "training_2024_20240725_20240722_r003_c014_00045", "properties": {"patch_id": "training_2024_20240725_20240722_r003_c014_00045", "training_tag": "training_2024_20240725_20240722", "year": 2024, "split": "train", "cluster_id": 7, "dominant_interpretation": "vegetation", "weak_source_fraction": 1.0, "anomaly_score": 0.528329, "review_priority": "embedding_supported", "review_reason": "embedding cluster has compatible weak-source interpretation", "area_m2": 1638400.0}, "geometry": {"type": "Polygon", "coordinates": [[[30.132632332, -1.888400511], [30.1441242, -1.888379619], [30.144145066, -1.899942504], [30.132653122, -1.899963524], [30.132632332, -1.888400511]]]}}, {"type": "Feature", "id": "training_2024_20240725_20240722_r004_c000_00046", "properties": {"patch_id": "training_2024_20240725_20240722_r004_c000_00046", "training_tag": "training_2024_20240725_20240722", "year": 2024, "split": "train", "cluster_id": 3, "dominant_interpretation": "vegetation", "weak_source_fraction": 0.537215, "anomaly_score": 0.611742, "review_priority": "weak_support_review", "review_reason": "mixed or weak-source support", "area_m2": 1638400.0}, "geometry": {"type": "Polygon", "coordinates": [[[29.971752767, -1.900249756], [29.983246449, -1.90022981], [29.983266371, -1.911794443], [29.971772613, -1.911814511], [29.971752767, -1.900249756]]]}}, {"type": "Feature", "id": "training_2024_20240725_20240722_r004_c001_00047", "properties": {"patch_id": "training_2024_20240725_20240722_r004_c001_00047", "training_tag": "training_2024_20240725_20240722", "year": 2024, "split": "train", "cluster_id": 2, "dominant_interpretation": "vegetation", "weak_source_fraction": 0.518096, "anomaly_score": 0.418038, "review_priority": "weak_support_review", "review_reason": "mixed or weak-source support", "area_m2": 1638400.0}, "geometry": {"type": "Polygon", "coordinates": [[[29.983246449, -1.90022981], [29.994740009, -1.900209787], [29.994760009, -1.911774298], [29.983266371, -1.911794443], [29.983246449, -1.90022981]]]}}, {"type": "Feature", "id": "training_2024_20240725_20240722_r004_c002_00048", "properties": {"patch_id": "training_2024_20240725_20240722_r004_c002_00048", "training_tag": "training_2024_20240725_20240722", "year": 2024, "split": "train", "cluster_id": 2, "dominant_interpretation": "built_up", "weak_source_fraction": 0.739619, "anomaly_score": 0.402046, "review_priority": "embedding_supported", "review_reason": "embedding cluster has compatible weak-source interpretation", "area_m2": 1638400.0}, "geometry": {"type": "Polygon", "coordinates": [[[29.994740009, -1.900209787], [30.006233448, -1.900189687], [30.006253524, -1.911754076], [29.994760009, -1.911774298], [29.994740009, -1.900209787]]]}}, {"type": "Feature", "id": "training_2024_20240725_20240722_r004_c003_00049", "properties": {"patch_id": "training_2024_20240725_20240722_r004_c003_00049", "training_tag": "training_2024_20240725_20240722", "year": 2024, "split": "train", "cluster_id": 8, "dominant_interpretation": "built_up", "weak_source_fraction": 0.960394, "anomaly_score": 0.0, "review_priority": "embedding_supported", "review_reason": "embedding cluster has compatible weak-source interpretation", "area_m2": 1638400.0}, "geometry": {"type": "Polygon", "coordinates": [[[30.006233448, -1.900189687], [30.017726765, -1.90016951], [30.017746918, -1.911733776], [30.006253524, -1.911754076], [30.006233448, -1.900189687]]]}}, {"type": "Feature", "id": "training_2024_20240725_20240722_r004_c004_00050", "properties": {"patch_id": "training_2024_20240725_20240722_r004_c004_00050", "training_tag": "training_2024_20240725_20240722", "year": 2024, "split": "train", "cluster_id": 8, "dominant_interpretation": "built_up", "weak_source_fraction": 0.915593, "anomaly_score": 0.0, "review_priority": "embedding_supported", "review_reason": "embedding cluster has compatible weak-source interpretation", "area_m2": 1638400.0}, "geometry": {"type": "Polygon", "coordinates": [[[30.017726765, -1.90016951], [30.02921996, -1.900149256], [30.029240189, -1.911713399], [30.017746918, -1.911733776], [30.017726765, -1.90016951]]]}}, {"type": "Feature", "id": "training_2024_20240725_20240722_r004_c005_00051", "properties": {"patch_id": "training_2024_20240725_20240722_r004_c005_00051", "training_tag": "training_2024_20240725_20240722", "year": 2024, "split": "train", "cluster_id": 2, "dominant_interpretation": "built_up", "weak_source_fraction": 0.601536, "anomaly_score": 0.482368, "review_priority": "weak_support_review", "review_reason": "mixed or weak-source support", "area_m2": 1638400.0}, "geometry": {"type": "Polygon", "coordinates": [[[30.02921996, -1.900149256], [30.040713031, -1.900128926], [30.040733337, -1.911692945], [30.029240189, -1.911713399], [30.02921996, -1.900149256]]]}}, {"type": "Feature", "id": "training_2024_20240725_20240722_r004_c006_00052", "properties": {"patch_id": "training_2024_20240725_20240722_r004_c006_00052", "training_tag": "training_2024_20240725_20240722", "year": 2024, "split": "train", "cluster_id": 7, "dominant_interpretation": "vegetation", "weak_source_fraction": 1.0, "anomaly_score": 0.311494, "review_priority": "embedding_supported", "review_reason": "embedding cluster has compatible weak-source interpretation", "area_m2": 1638400.0}, "geometry": {"type": "Polygon", "coordinates": [[[30.040713031, -1.900128926], [30.05220598, -1.900108519], [30.052226361, -1.911672414], [30.040733337, -1.911692945], [30.040713031, -1.900128926]]]}}, {"type": "Feature", "id": "training_2024_20240725_20240722_r004_c007_00053", "properties": {"patch_id": "training_2024_20240725_20240722_r004_c007_00053", "training_tag": "training_2024_20240725_20240722", "year": 2024, "split": "train", "cluster_id": 3, "dominant_interpretation": "vegetation", "weak_source_fraction": 0.545009, "anomaly_score": 0.265509, "review_priority": "weak_support_review", "review_reason": "mixed or weak-source support", "area_m2": 1638400.0}, "geometry": {"type": "Polygon", "coordinates": [[[30.05220598, -1.900108519], [30.063698804, -1.900088036], [30.063719262, -1.911651806], [30.052226361, -1.911672414], [30.05220598, -1.900108519]]]}}, {"type": "Feature", "id": "training_2024_20240725_20240722_r004_c008_00054", "properties": {"patch_id": "training_2024_20240725_20240722_r004_c008_00054", "training_tag": "training_2024_20240725_20240722", "year": 2024, "split": "train", "cluster_id": 5, "dominant_interpretation": "vegetation", "weak_source_fraction": 0.61086, "anomaly_score": 0.500835, "review_priority": "weak_support_review", "review_reason": "mixed or weak-source support", "area_m2": 1638400.0}, "geometry": {"type": "Polygon", "coordinates": [[[30.063698804, -1.900088036], [30.075191504, -1.900067476], [30.075212038, -1.91163112], [30.063719262, -1.911651806], [30.063698804, -1.900088036]]]}}, {"type": "Feature", "id": "training_2024_20240725_20240722_r004_c009_00055", "properties": {"patch_id": "training_2024_20240725_20240722_r004_c009_00055", "training_tag": "training_2024_20240725_20240722", "year": 2024, "split": "train", "cluster_id": 5, "dominant_interpretation": "vegetation", "weak_source_fraction": 0.980938, "anomaly_score": 0.107694, "review_priority": "embedding_supported", "review_reason": "embedding cluster has compatible weak-source interpretation", "area_m2": 1638400.0}, "geometry": {"type": "Polygon", "coordinates": [[[30.075191504, -1.900067476], [30.086684079, -1.900046839], [30.08670469, -1.911610358], [30.075212038, -1.91163112], [30.075191504, -1.900067476]]]}}, {"type": "Feature", "id": "training_2024_20240725_20240722_r004_c011_00057", "properties": {"patch_id": "training_2024_20240725_20240722_r004_c011_00057", "training_tag": "training_2024_20240725_20240722", "year": 2024, "split": "train", "cluster_id": 7, "dominant_interpretation": "vegetation", "weak_source_fraction": 0.998486, "anomaly_score": 0.061465, "review_priority": "embedding_supported", "review_reason": "embedding cluster has compatible weak-source interpretation", "area_m2": 1638400.0}, "geometry": {"type": "Polygon", "coordinates": [[[30.098176529, -1.900026125], [30.109668853, -1.900005335], [30.109689616, -1.911568601], [30.098197216, -1.911589518], [30.098176529, -1.900026125]]]}}, {"type": "Feature", "id": "training_2024_20240725_20240722_r004_c012_00058", "properties": {"patch_id": "training_2024_20240725_20240722_r004_c012_00058", "training_tag": "training_2024_20240725_20240722", "year": 2024, "split": "train", "cluster_id": 5, "dominant_interpretation": "vegetation", "weak_source_fraction": 1.0, "anomaly_score": 0.0, "review_priority": "embedding_supported", "review_reason": "embedding cluster has compatible weak-source interpretation", "area_m2": 1638400.0}, "geometry": {"type": "Polygon", "coordinates": [[[30.109668853, -1.900005335], [30.121161051, -1.899984468], [30.121181891, -1.911547607], [30.109689616, -1.911568601], [30.109668853, -1.900005335]]]}}, {"type": "Feature", "id": "training_2024_20240725_20240722_r004_c013_00059", "properties": {"patch_id": "training_2024_20240725_20240722_r004_c013_00059", "training_tag": "training_2024_20240725_20240722", "year": 2024, "split": "train", "cluster_id": 7, "dominant_interpretation": "vegetation", "weak_source_fraction": 1.0, "anomaly_score": 0.180254, "review_priority": "embedding_supported", "review_reason": "embedding cluster has compatible weak-source interpretation", "area_m2": 1638400.0}, "geometry": {"type": "Polygon", "coordinates": [[[30.121161051, -1.899984468], [30.132653122, -1.899963524], [30.132674038, -1.911526536], [30.121181891, -1.911547607], [30.121161051, -1.899984468]]]}}, {"type": "Feature", "id": "training_2024_20240725_20240722_r004_c014_00060", "properties": {"patch_id": "training_2024_20240725_20240722_r004_c014_00060", "training_tag": "training_2024_20240725_20240722", "year": 2024, "split": "train", "cluster_id": 7, "dominant_interpretation": "vegetation", "weak_source_fraction": 0.878728, "anomaly_score": 0.473196, "review_priority": "embedding_supported", "review_reason": "embedding cluster has compatible weak-source interpretation", "area_m2": 1638400.0}, "geometry": {"type": "Polygon", "coordinates": [[[30.132653122, -1.899963524], [30.144145066, -1.899942504], [30.144166059, -1.911505388], [30.132674038, -1.911526536], [30.132653122, -1.899963524]]]}}, {"type": "Feature", "id": "training_2024_20240725_20240722_r005_c000_00061", "properties": {"patch_id": "training_2024_20240725_20240722_r005_c000_00061", "training_tag": "training_2024_20240725_20240722", "year": 2024, "split": "train", "cluster_id": 2, "dominant_interpretation": "built_up", "weak_source_fraction": 0.827149, "anomaly_score": 0.881181, "review_priority": "embedding_supported", "review_reason": "embedding cluster has compatible weak-source interpretation", "area_m2": 1638400.0}, "geometry": {"type": "Polygon", "coordinates": [[[29.971772613, -1.911814511], [29.983266371, -1.911794443], [29.983286415, -1.923359075], [29.97179258, -1.923379264], [29.971772613, -1.911814511]]]}}, {"type": "Feature", "id": "training_2024_20240725_20240722_r005_c001_00062", "properties": {"patch_id": "training_2024_20240725_20240722_r005_c001_00062", "training_tag": "training_2024_20240725_20240722", "year": 2024, "split": "train", "cluster_id": 2, "dominant_interpretation": "built_up", "weak_source_fraction": 0.562196, "anomaly_score": 0.744384, "review_priority": "weak_support_review", "review_reason": "mixed or weak-source support", "area_m2": 1638400.0}, "geometry": {"type": "Polygon", "coordinates": [[[29.983266371, -1.911794443], [29.994760009, -1.911774298], [29.994780129, -1.923338808], [29.983286415, -1.923359075], [29.983266371, -1.911794443]]]}}, {"type": "Feature", "id": "training_2024_20240725_20240722_r005_c002_00063", "properties": {"patch_id": "training_2024_20240725_20240722_r005_c002_00063", "training_tag": "training_2024_20240725_20240722", "year": 2024, "split": "train", "cluster_id": 4, "dominant_interpretation": "built_up", "weak_source_fraction": 0.694132, "anomaly_score": 0.654395, "review_priority": "embedding_supported", "review_reason": "embedding cluster has compatible weak-source interpretation", "area_m2": 1638400.0}, "geometry": {"type": "Polygon", "coordinates": [[[29.994760009, -1.911774298], [30.006253524, -1.911754076], [30.006273722, -1.923318463], [29.994780129, -1.923338808], [29.994760009, -1.911774298]]]}}, {"type": "Feature", "id": "training_2024_20240725_20240722_r005_c003_00064", "properties": {"patch_id": "training_2024_20240725_20240722_r005_c003_00064", "training_tag": "training_2024_20240725_20240722", "year": 2024, "split": "train", "cluster_id": 2, "dominant_interpretation": "built_up", "weak_source_fraction": 0.829237, "anomaly_score": 0.562431, "review_priority": "embedding_supported", "review_reason": "embedding cluster has compatible weak-source interpretation", "area_m2": 1638400.0}, "geometry": {"type": "Polygon", "coordinates": [[[30.006253524, -1.911754076], [30.017746918, -1.911733776], [30.017767192, -1.92329804], [30.006273722, -1.923318463], [30.006253524, -1.911754076]]]}}, {"type": "Feature", "id": "training_2024_20240725_20240722_r005_c006_00067", "properties": {"patch_id": "training_2024_20240725_20240722_r005_c006_00067", "training_tag": "training_2024_20240725_20240722", "year": 2024, "split": "train", "cluster_id": 7, "dominant_interpretation": "vegetation", "weak_source_fraction": 0.844808, "anomaly_score": 0.821972, "review_priority": "embedding_supported", "review_reason": "embedding cluster has compatible weak-source interpretation", "area_m2": 1638400.0}, "geometry": {"type": "Polygon", "coordinates": [[[30.040733337, -1.911692945], [30.052226361, -1.911672414], [30.052246867, -1.923236307], [30.040753765, -1.923256962], [30.040733337, -1.911692945]]]}}, {"type": "Feature", "id": "training_2024_20240725_20240722_r005_c007_00068", "properties": {"patch_id": "training_2024_20240725_20240722_r005_c007_00068", "training_tag": "training_2024_20240725_20240722", "year": 2024, "split": "train", "cluster_id": 7, "dominant_interpretation": "vegetation", "weak_source_fraction": 0.916557, "anomaly_score": 0.147672, "review_priority": "embedding_supported", "review_reason": "embedding cluster has compatible weak-source interpretation", "area_m2": 1638400.0}, "geometry": {"type": "Polygon", "coordinates": [[[30.052226361, -1.911672414], [30.063719262, -1.911651806], [30.063739844, -1.923215574], [30.052246867, -1.923236307], [30.052226361, -1.911672414]]]}}, {"type": "Feature", "id": "training_2024_20240725_20240722_r005_c008_00069", "properties": {"patch_id": "training_2024_20240725_20240722_r005_c008_00069", "training_tag": "training_2024_20240725_20240722", "year": 2024, "split": "train", "cluster_id": 7, "dominant_interpretation": "vegetation", "weak_source_fraction": 0.998414, "anomaly_score": 0.799649, "review_priority": "embedding_supported", "review_reason": "embedding cluster has compatible weak-source interpretation", "area_m2": 1638400.0}, "geometry": {"type": "Polygon", "coordinates": [[[30.063719262, -1.911651806], [30.075212038, -1.91163112], [30.075232698, -1.923194763], [30.063739844, -1.923215574], [30.063719262, -1.911651806]]]}}, {"type": "Feature", "id": "training_2024_20240725_20240722_r005_c009_00070", "properties": {"patch_id": "training_2024_20240725_20240722_r005_c009_00070", "training_tag": "training_2024_20240725_20240722", "year": 2024, "split": "train", "cluster_id": 7, "dominant_interpretation": "vegetation", "weak_source_fraction": 0.995425, "anomaly_score": 0.585992, "review_priority": "embedding_supported", "review_reason": "embedding cluster has compatible weak-source interpretation", "area_m2": 1638400.0}, "geometry": {"type": "Polygon", "coordinates": [[[30.075212038, -1.91163112], [30.08670469, -1.911610358], [30.086725426, -1.923173875], [30.075232698, -1.923194763], [30.075212038, -1.91163112]]]}}, {"type": "Feature", "id": "training_2024_20240725_20240722_r005_c010_00071", "properties": {"patch_id": "training_2024_20240725_20240722_r005_c010_00071", "training_tag": "training_2024_20240725_20240722", "year": 2024, "split": "train", "cluster_id": 7, "dominant_interpretation": "vegetation", "weak_source_fraction": 0.993524, "anomaly_score": 0.527418, "review_priority": "embedding_supported", "review_reason": "embedding cluster has compatible weak-source interpretation", "area_m2": 1638400.0}, "geometry": {"type": "Polygon", "coordinates": [[[30.08670469, -1.911610358], [30.098197216, -1.911589518], [30.098218029, -1.923152909], [30.086725426, -1.923173875], [30.08670469, -1.911610358]]]}}, {"type": "Feature", "id": "training_2024_20240725_20240722_r005_c011_00072", "properties": {"patch_id": "training_2024_20240725_20240722_r005_c011_00072", "training_tag": "training_2024_20240725_20240722", "year": 2024, "split": "train", "cluster_id": 5, "dominant_interpretation": "vegetation", "weak_source_fraction": 1.0, "anomaly_score": 0.396055, "review_priority": "embedding_supported", "review_reason": "embedding cluster has compatible weak-source interpretation", "area_m2": 1638400.0}, "geometry": {"type": "Polygon", "coordinates": [[[30.098197216, -1.911589518], [30.109689616, -1.911568601], [30.109710507, -1.923131866], [30.098218029, -1.923152909], [30.098197216, -1.911589518]]]}}, {"type": "Feature", "id": "training_2024_20240725_20240722_r005_c012_00073", "properties": {"patch_id": "training_2024_20240725_20240722_r005_c012_00073", "training_tag": "training_2024_20240725_20240722", "year": 2024, "split": "train", "cluster_id": 7, "dominant_interpretation": "vegetation", "weak_source_fraction": 0.999523, "anomaly_score": 0.201248, "review_priority": "embedding_supported", "review_reason": "embedding cluster has compatible weak-source interpretation", "area_m2": 1638400.0}, "geometry": {"type": "Polygon", "coordinates": [[[30.109689616, -1.911568601], [30.121181891, -1.911547607], [30.121202858, -1.923110744], [30.109710507, -1.923131866], [30.109689616, -1.911568601]]]}}, {"type": "Feature", "id": "training_2024_20240725_20240722_r005_c013_00074", "properties": {"patch_id": "training_2024_20240725_20240722_r005_c013_00074", "training_tag": "training_2024_20240725_20240722", "year": 2024, "split": "train", "cluster_id": 7, "dominant_interpretation": "vegetation", "weak_source_fraction": 0.925773, "anomaly_score": 0.0, "review_priority": "embedding_supported", "review_reason": "embedding cluster has compatible weak-source interpretation", "area_m2": 1638400.0}, "geometry": {"type": "Polygon", "coordinates": [[[30.121181891, -1.911547607], [30.132674038, -1.911526536], [30.132695082, -1.923089546], [30.121202858, -1.923110744], [30.121181891, -1.911547607]]]}}, {"type": "Feature", "id": "training_2024_20240725_20240722_r005_c014_00075", "properties": {"patch_id": "training_2024_20240725_20240722_r005_c014_00075", "training_tag": "training_2024_20240725_20240722", "year": 2024, "split": "train", "cluster_id": 1, "dominant_interpretation": "vegetation", "weak_source_fraction": 0.854466, "anomaly_score": 0.319512, "review_priority": "embedding_supported", "review_reason": "embedding cluster has compatible weak-source interpretation", "area_m2": 1638400.0}, "geometry": {"type": "Polygon", "coordinates": [[[30.132674038, -1.911526536], [30.144166059, -1.911505388], [30.14418718, -1.923068269], [30.132695082, -1.923089546], [30.132674038, -1.911526536]]]}}, {"type": "Feature", "id": "training_2024_20240725_20240722_r006_c000_00076", "properties": {"patch_id": "training_2024_20240725_20240722_r006_c000_00076", "training_tag": "training_2024_20240725_20240722", "year": 2024, "split": "train", "cluster_id": 8, "dominant_interpretation": "built_up", "weak_source_fraction": 0.94611, "anomaly_score": 0.447704, "review_priority": "embedding_supported", "review_reason": "embedding cluster has compatible weak-source interpretation", "area_m2": 1638400.0}, "geometry": {"type": "Polygon", "coordinates": [[[29.97179258, -1.923379264], [29.983286415, -1.923359075], [29.98330658, -1.934923705], [29.971812668, -1.934944016], [29.97179258, -1.923379264]]]}}, {"type": "Feature", "id": "training_2024_20240725_20240722_r006_c001_00077", "properties": {"patch_id": "training_2024_20240725_20240722_r006_c001_00077", "training_tag": "training_2024_20240725_20240722", "year": 2024, "split": "train", "cluster_id": 2, "dominant_interpretation": "built_up", "weak_source_fraction": 0.818321, "anomaly_score": 0.893421, "review_priority": "embedding_supported", "review_reason": "embedding cluster has compatible weak-source interpretation", "area_m2": 1638400.0}, "geometry": {"type": "Polygon", "coordinates": [[[29.983286415, -1.923359075], [29.994780129, -1.923338808], [29.994800372, -1.934903315], [29.98330658, -1.934923705], [29.983286415, -1.923359075]]]}}, {"type": "Feature", "id": "training_2024_20240725_20240722_r006_c002_00078", "properties": {"patch_id": "training_2024_20240725_20240722_r006_c002_00078", "training_tag": "training_2024_20240725_20240722", "year": 2024, "split": "train", "cluster_id": 4, "dominant_interpretation": "built_up", "weak_source_fraction": 0.870073, "anomaly_score": 0.59619, "review_priority": "embedding_supported", "review_reason": "embedding cluster has compatible weak-source interpretation", "area_m2": 1638400.0}, "geometry": {"type": "Polygon", "coordinates": [[[29.994780129, -1.923338808], [30.006273722, -1.923318463], [30.006294042, -1.934882848], [29.994800372, -1.934903315], [29.994780129, -1.923338808]]]}}, {"type": "Feature", "id": "training_2024_20240804_20240801_r000_c000_00000", "properties": {"patch_id": "training_2024_20240804_20240801_r000_c000_00000", "training_tag": "training_2024_20240804_20240801", "year": 2024, "split": "train", "cluster_id": 2, "dominant_interpretation": "vegetation", "weak_source_fraction": 0.593518, "anomaly_score": 0.768428, "review_priority": "weak_support_review", "review_reason": "mixed or weak-source support", "area_m2": 1638400.0}, "geometry": {"type": "Polygon", "coordinates": [[[29.971674588, -1.85399072], [29.983167969, -1.853971259], [29.983187407, -1.865535899], [29.971693952, -1.865555482], [29.971674588, -1.85399072]]]}}, {"type": "Feature", "id": "training_2024_20240804_20240801_r000_c001_00001", "properties": {"patch_id": "training_2024_20240804_20240801_r000_c001_00001", "training_tag": "training_2024_20240804_20240801", "year": 2024, "split": "train", "cluster_id": 8, "dominant_interpretation": "built_up", "weak_source_fraction": 0.81058, "anomaly_score": 0.299887, "review_priority": "embedding_supported", "review_reason": "embedding cluster has compatible weak-source interpretation", "area_m2": 1638400.0}, "geometry": {"type": "Polygon", "coordinates": [[[29.983167969, -1.853971259], [29.994661228, -1.853951724], [29.994680741, -1.865516242], [29.983187407, -1.865535899], [29.983167969, -1.853971259]]]}}, {"type": "Feature", "id": "training_2024_20240804_20240801_r000_c003_00003", "properties": {"patch_id": "training_2024_20240804_20240801_r000_c003_00003", "training_tag": "training_2024_20240804_20240801", "year": 2024, "split": "train", "cluster_id": 8, "dominant_interpretation": "built_up", "weak_source_fraction": 0.928253, "anomaly_score": 0.468781, "review_priority": "embedding_supported", "review_reason": "embedding cluster has compatible weak-source interpretation", "area_m2": 1638400.0}, "geometry": {"type": "Polygon", "coordinates": [[[30.006154366, -1.853932113], [30.017647381, -1.853912428], [30.017667044, -1.865476701], [30.006173953, -1.865496509], [30.006154366, -1.853932113]]]}}, {"type": "Feature", "id": "training_2024_20240804_20240801_r000_c014_00009", "properties": {"patch_id": "training_2024_20240804_20240801_r000_c014_00009", "training_tag": "training_2024_20240804_20240801", "year": 2024, "split": "train", "cluster_id": 2, "dominant_interpretation": "built_up", "weak_source_fraction": 0.939968, "anomaly_score": 0.475267, "review_priority": "embedding_supported", "review_reason": "embedding cluster has compatible weak-source interpretation", "area_m2": 1638400.0}, "geometry": {"type": "Polygon", "coordinates": [[[30.132570726, -1.85371146], [30.144062369, -1.853690952], [30.144082852, -1.865253843], [30.132591135, -1.865274479], [30.132570726, -1.85371146]]]}}, {"type": "Feature", "id": "training_2024_20240804_20240801_r001_c001_00010", "properties": {"patch_id": "training_2024_20240804_20240801_r001_c001_00010", "training_tag": "training_2024_20240804_20240801", "year": 2024, "split": "train", "cluster_id": 8, "dominant_interpretation": "built_up", "weak_source_fraction": 0.970827, "anomaly_score": 0.0, "review_priority": "embedding_supported", "review_reason": "embedding cluster has compatible weak-source interpretation", "area_m2": 1638400.0}, "geometry": {"type": "Polygon", "coordinates": [[[29.983187407, -1.865535899], [29.994680741, -1.865516242], [29.994700375, -1.877080759], [29.983206966, -1.877100538], [29.983187407, -1.865535899]]]}}, {"type": "Feature", "id": "training_2024_20240804_20240801_r001_c002_00011", "properties": {"patch_id": "training_2024_20240804_20240801_r001_c002_00011", "training_tag": "training_2024_20240804_20240801", "year": 2024, "split": "train", "cluster_id": 8, "dominant_interpretation": "built_up", "weak_source_fraction": 0.965997, "anomaly_score": 0.0, "review_priority": "embedding_supported", "review_reason": "embedding cluster has compatible weak-source interpretation", "area_m2": 1638400.0}, "geometry": {"type": "Polygon", "coordinates": [[[29.994680741, -1.865516242], [30.006173953, -1.865496509], [30.006193663, -1.877060903], [29.994700375, -1.877080759], [29.994680741, -1.865516242]]]}}, {"type": "Feature", "id": "training_2024_20240804_20240801_r001_c006_00012", "properties": {"patch_id": "training_2024_20240804_20240801_r001_c006_00012", "training_tag": "training_2024_20240804_20240801", "year": 2024, "split": "train", "cluster_id": 1, "dominant_interpretation": "vegetation", "weak_source_fraction": 0.909596, "anomaly_score": 0.453707, "review_priority": "embedding_supported", "review_reason": "embedding cluster has compatible weak-source interpretation", "area_m2": 1638400.0}, "geometry": {"type": "Polygon", "coordinates": [[[30.040652857, -1.865436859], [30.052145578, -1.865416825], [30.052165588, -1.876980725], [30.040672791, -1.877000883], [30.040652857, -1.865436859]]]}}, {"type": "Feature", "id": "training_2024_20240804_20240801_r001_c008_00013", "properties": {"patch_id": "training_2024_20240804_20240801_r001_c008_00013", "training_tag": "training_2024_20240804_20240801", "year": 2024, "split": "train", "cluster_id": 2, "dominant_interpretation": "built_up", "weak_source_fraction": 0.53735, "anomaly_score": 0.336169, "review_priority": "weak_support_review", "review_reason": "mixed or weak-source support", "area_m2": 1638400.0}, "geometry": {"type": "Polygon", "coordinates": [[[30.063638176, -1.865396716], [30.075130649, -1.865376531], [30.075150809, -1.876940181], [30.063658261, -1.876960491], [30.063638176, -1.865396716]]]}}, {"type": "Feature", "id": "training_2024_20240804_20240801_r001_c009_00014", "properties": {"patch_id": "training_2024_20240804_20240801_r001_c009_00014", "training_tag": "training_2024_20240804_20240801", "year": 2024, "split": "train", "cluster_id": 1, "dominant_interpretation": "vegetation", "weak_source_fraction": 0.998376, "anomaly_score": 0.253402, "review_priority": "embedding_supported", "review_reason": "embedding cluster has compatible weak-source interpretation", "area_m2": 1638400.0}, "geometry": {"type": "Polygon", "coordinates": [[[30.075130649, -1.865376531], [30.086622998, -1.865356271], [30.086643233, -1.876919795], [30.075150809, -1.876940181], [30.075130649, -1.865376531]]]}}, {"type": "Feature", "id": "training_2024_20240804_20240801_r001_c010_00015", "properties": {"patch_id": "training_2024_20240804_20240801_r001_c010_00015", "training_tag": "training_2024_20240804_20240801", "year": 2024, "split": "train", "cluster_id": 1, "dominant_interpretation": "vegetation", "weak_source_fraction": 0.999817, "anomaly_score": 0.174318, "review_priority": "embedding_supported", "review_reason": "embedding cluster has compatible weak-source interpretation", "area_m2": 1638400.0}, "geometry": {"type": "Polygon", "coordinates": [[[30.086622998, -1.865356271], [30.098115221, -1.865335936], [30.098135531, -1.876899334], [30.086643233, -1.876919795], [30.086622998, -1.865356271]]]}}, {"type": "Feature", "id": "training_2024_20240804_20240801_r001_c011_00016", "properties": {"patch_id": "training_2024_20240804_20240801_r001_c011_00016", "training_tag": "training_2024_20240804_20240801", "year": 2024, "split": "train", "cluster_id": 1, "dominant_interpretation": "vegetation", "weak_source_fraction": 0.94507, "anomaly_score": 0.13552, "review_priority": "embedding_supported", "review_reason": "embedding cluster has compatible weak-source interpretation", "area_m2": 1638400.0}, "geometry": {"type": "Polygon", "coordinates": [[[30.098115221, -1.865335936], [30.109607319, -1.865315526], [30.109627704, -1.876878797], [30.098135531, -1.876899334], [30.098115221, -1.865335936]]]}}, {"type": "Feature", "id": "training_2024_20240804_20240801_r002_c001_00019", "properties": {"patch_id": "training_2024_20240804_20240801_r002_c001_00019", "training_tag": "training_2024_20240804_20240801", "year": 2024, "split": "train", "cluster_id": 1, "dominant_interpretation": "built_up", "weak_source_fraction": 0.60419, "anomaly_score": 0.227621, "review_priority": "weak_support_review", "review_reason": "mixed or weak-source support", "area_m2": 1638400.0}, "geometry": {"type": "Polygon", "coordinates": [[[29.983206966, -1.877100538], [29.994700375, -1.877080759], [29.994720132, -1.888645273], [29.983226647, -1.888665175], [29.983206966, -1.877100538]]]}}, {"type": "Feature", "id": "training_2024_20240804_20240801_r002_c003_00020", "properties": {"patch_id": "training_2024_20240804_20240801_r002_c003_00020", "training_tag": "training_2024_20240804_20240801", "year": 2024, "split": "train", "cluster_id": 8, "dominant_interpretation": "built_up", "weak_source_fraction": 0.948057, "anomaly_score": 0.488089, "review_priority": "embedding_supported", "review_reason": "embedding cluster has compatible weak-source interpretation", "area_m2": 1638400.0}, "geometry": {"type": "Polygon", "coordinates": [[[30.006193663, -1.877060903], [30.017686828, -1.877040972], [30.017706736, -1.888605242], [30.006213495, -1.888625296], [30.006193663, -1.877060903]]]}}, {"type": "Feature", "id": "training_2024_20240804_20240801_r002_c004_00021", "properties": {"patch_id": "training_2024_20240804_20240801_r002_c004_00021", "training_tag": "training_2024_20240804_20240801", "year": 2024, "split": "train", "cluster_id": 8, "dominant_interpretation": "built_up", "weak_source_fraction": 0.916452, "anomaly_score": 0.307595, "review_priority": "embedding_supported", "review_reason": "embedding cluster has compatible weak-source interpretation", "area_m2": 1638400.0}, "geometry": {"type": "Polygon", "coordinates": [[[30.017686828, -1.877040972], [30.029179871, -1.877020966], [30.029199854, -1.888585112], [30.017706736, -1.888605242], [30.017686828, -1.877040972]]]}}, {"type": "Feature", "id": "training_2024_20240804_20240801_r002_c007_00024", "properties": {"patch_id": "training_2024_20240804_20240801_r002_c007_00024", "training_tag": "training_2024_20240804_20240801", "year": 2024, "split": "train", "cluster_id": 5, "dominant_interpretation": "vegetation", "weak_source_fraction": 1.0, "anomaly_score": 0.189855, "review_priority": "embedding_supported", "review_reason": "embedding cluster has compatible weak-source interpretation", "area_m2": 1638400.0}, "geometry": {"type": "Polygon", "coordinates": [[[30.052165588, -1.876980725], [30.063658261, -1.876960491], [30.06367847, -1.888524264], [30.052185722, -1.888544623], [30.052165588, -1.876980725]]]}}, {"type": "Feature", "id": "training_2024_20240804_20240801_r002_c008_00025", "properties": {"patch_id": "training_2024_20240804_20240801_r002_c008_00025", "training_tag": "training_2024_20240804_20240801", "year": 2024, "split": "train", "cluster_id": 5, "dominant_interpretation": "vegetation", "weak_source_fraction": 0.960114, "anomaly_score": 0.0, "review_priority": "embedding_supported", "review_reason": "embedding cluster has compatible weak-source interpretation", "area_m2": 1638400.0}, "geometry": {"type": "Polygon", "coordinates": [[[30.063658261, -1.876960491], [30.075150809, -1.876940181], [30.075171094, -1.888503829], [30.06367847, -1.888524264], [30.063658261, -1.876960491]]]}}, {"type": "Feature", "id": "training_2024_20240804_20240801_r002_c010_00026", "properties": {"patch_id": "training_2024_20240804_20240801_r002_c010_00026", "training_tag": "training_2024_20240804_20240801", "year": 2024, "split": "train", "cluster_id": 5, "dominant_interpretation": "vegetation", "weak_source_fraction": 1.0, "anomaly_score": 0.129116, "review_priority": "embedding_supported", "review_reason": "embedding cluster has compatible weak-source interpretation", "area_m2": 1638400.0}, "geometry": {"type": "Polygon", "coordinates": [[[30.086643233, -1.876919795], [30.098135531, -1.876899334], [30.098155967, -1.888462731], [30.086663593, -1.888483318], [30.086643233, -1.876919795]]]}}, {"type": "Feature", "id": "training_2024_20240804_20240801_r002_c011_00027", "properties": {"patch_id": "training_2024_20240804_20240801_r002_c011_00027", "training_tag": "training_2024_20240804_20240801", "year": 2024, "split": "train", "cluster_id": 5, "dominant_interpretation": "vegetation", "weak_source_fraction": 1.0, "anomaly_score": 0.119242, "review_priority": "embedding_supported", "review_reason": "embedding cluster has compatible weak-source interpretation", "area_m2": 1638400.0}, "geometry": {"type": "Polygon", "coordinates": [[[30.098135531, -1.876899334], [30.109627704, -1.876878797], [30.109648215, -1.888442067], [30.098155967, -1.888462731], [30.098135531, -1.876899334]]]}}, {"type": "Feature", "id": "training_2024_20240804_20240801_r002_c012_00028", "properties": {"patch_id": "training_2024_20240804_20240801_r002_c012_00028", "training_tag": "training_2024_20240804_20240801", "year": 2024, "split": "train", "cluster_id": 1, "dominant_interpretation": "vegetation", "weak_source_fraction": 0.99885, "anomaly_score": 0.174262, "review_priority": "embedding_supported", "review_reason": "embedding cluster has compatible weak-source interpretation", "area_m2": 1638400.0}, "geometry": {"type": "Polygon", "coordinates": [[[30.109627704, -1.876878797], [30.12111975, -1.876858184], [30.121140337, -1.888421327], [30.109648215, -1.888442067], [30.109627704, -1.876878797]]]}}, {"type": "Feature", "id": "training_2024_20240804_20240801_r002_c013_00029", "properties": {"patch_id": "training_2024_20240804_20240801_r002_c013_00029", "training_tag": "training_2024_20240804_20240801", "year": 2024, "split": "train", "cluster_id": 1, "dominant_interpretation": "vegetation", "weak_source_fraction": 0.965449, "anomaly_score": 0.223303, "review_priority": "embedding_supported", "review_reason": "embedding cluster has compatible weak-source interpretation", "area_m2": 1638400.0}, "geometry": {"type": "Polygon", "coordinates": [[[30.12111975, -1.876858184], [30.13261167, -1.876837496], [30.132632332, -1.888400511], [30.121140337, -1.888421327], [30.12111975, -1.876858184]]]}}, {"type": "Feature", "id": "training_2024_20240804_20240801_r003_c001_00032", "properties": {"patch_id": "training_2024_20240804_20240801_r003_c001_00032", "training_tag": "training_2024_20240804_20240801", "year": 2024, "split": "train", "cluster_id": 2, "dominant_interpretation": "built_up", "weak_source_fraction": 0.743332, "anomaly_score": 0.359126, "review_priority": "embedding_supported", "review_reason": "embedding cluster has compatible weak-source interpretation", "area_m2": 1638400.0}, "geometry": {"type": "Polygon", "coordinates": [[[29.983226647, -1.888665175], [29.994720132, -1.888645273], [29.994740009, -1.900209787], [29.983246449, -1.90022981], [29.983226647, -1.888665175]]]}}, {"type": "Feature", "id": "training_2024_20240804_20240801_r003_c002_00033", "properties": {"patch_id": "training_2024_20240804_20240801_r003_c002_00033", "training_tag": "training_2024_20240804_20240801", "year": 2024, "split": "train", "cluster_id": 8, "dominant_interpretation": "built_up", "weak_source_fraction": 0.965529, "anomaly_score": 0.163033, "review_priority": "embedding_supported", "review_reason": "embedding cluster has compatible weak-source interpretation", "area_m2": 1638400.0}, "geometry": {"type": "Polygon", "coordinates": [[[29.994720132, -1.888645273], [30.006213495, -1.888625296], [30.006233448, -1.900189687], [29.994740009, -1.900209787], [29.994720132, -1.888645273]]]}}, {"type": "Feature", "id": "training_2024_20240804_20240801_r003_c003_00034", "properties": {"patch_id": "training_2024_20240804_20240801_r003_c003_00034", "training_tag": "training_2024_20240804_20240801", "year": 2024, "split": "train", "cluster_id": 8, "dominant_interpretation": "built_up", "weak_source_fraction": 0.956385, "anomaly_score": 0.112967, "review_priority": "embedding_supported", "review_reason": "embedding cluster has compatible weak-source interpretation", "area_m2": 1638400.0}, "geometry": {"type": "Polygon", "coordinates": [[[30.006213495, -1.888625296], [30.017706736, -1.888605242], [30.017726765, -1.90016951], [30.006233448, -1.900189687], [30.006213495, -1.888625296]]]}}, {"type": "Feature", "id": "training_2024_20240804_20240801_r003_c004_00035", "properties": {"patch_id": "training_2024_20240804_20240801_r003_c004_00035", "training_tag": "training_2024_20240804_20240801", "year": 2024, "split": "train", "cluster_id": 8, "dominant_interpretation": "built_up", "weak_source_fraction": 0.980159, "anomaly_score": 0.517894, "review_priority": "embedding_supported", "review_reason": "embedding cluster has compatible weak-source interpretation", "area_m2": 1638400.0}, "geometry": {"type": "Polygon", "coordinates": [[[30.017706736, -1.888605242], [30.029199854, -1.888585112], [30.02921996, -1.900149256], [30.017726765, -1.90016951], [30.017706736, -1.888605242]]]}}, {"type": "Feature", "id": "training_2024_20240804_20240801_r003_c005_00036", "properties": {"patch_id": "training_2024_20240804_20240801_r003_c005_00036", "training_tag": "training_2024_20240804_20240801", "year": 2024, "split": "train", "cluster_id": 1, "dominant_interpretation": "vegetation", "weak_source_fraction": 0.806591, "anomaly_score": 0.777087, "review_priority": "embedding_supported", "review_reason": "embedding cluster has compatible weak-source interpretation", "area_m2": 1638400.0}, "geometry": {"type": "Polygon", "coordinates": [[[30.029199854, -1.888585112], [30.04069285, -1.888564906], [30.040713031, -1.900128926], [30.02921996, -1.900149256], [30.029199854, -1.888585112]]]}}, {"type": "Feature", "id": "training_2024_20240804_20240801_r003_c006_00037", "properties": {"patch_id": "training_2024_20240804_20240801_r003_c006_00037", "training_tag": "training_2024_20240804_20240801", "year": 2024, "split": "train", "cluster_id": 1, "dominant_interpretation": "vegetation", "weak_source_fraction": 0.52439, "anomaly_score": 0.173786, "review_priority": "weak_support_review", "review_reason": "mixed or weak-source support", "area_m2": 1638400.0}, "geometry": {"type": "Polygon", "coordinates": [[[30.04069285, -1.888564906], [30.052185722, -1.888544623], [30.05220598, -1.900108519], [30.040713031, -1.900128926], [30.04069285, -1.888564906]]]}}, {"type": "Feature", "id": "training_2024_20240804_20240801_r003_c007_00038", "properties": {"patch_id": "training_2024_20240804_20240801_r003_c007_00038", "training_tag": "training_2024_20240804_20240801", "year": 2024, "split": "train", "cluster_id": 5, "dominant_interpretation": "vegetation", "weak_source_fraction": 0.888723, "anomaly_score": 0.628763, "review_priority": "embedding_supported", "review_reason": "embedding cluster has compatible weak-source interpretation", "area_m2": 1638400.0}, "geometry": {"type": "Polygon", "coordinates": [[[30.052185722, -1.888544623], [30.06367847, -1.888524264], [30.063698804, -1.900088036], [30.05220598, -1.900108519], [30.052185722, -1.888544623]]]}}, {"type": "Feature", "id": "training_2024_20240804_20240801_r003_c008_00039", "properties": {"patch_id": "training_2024_20240804_20240801_r003_c008_00039", "training_tag": "training_2024_20240804_20240801", "year": 2024, "split": "train", "cluster_id": 3, "dominant_interpretation": "vegetation", "weak_source_fraction": 0.820609, "anomaly_score": 0.94028, "review_priority": "high_anomaly", "review_reason": "high embedding anomaly", "area_m2": 1638400.0}, "geometry": {"type": "Polygon", "coordinates": [[[30.06367847, -1.888524264], [30.075171094, -1.888503829], [30.075191504, -1.900067476], [30.063698804, -1.900088036], [30.06367847, -1.888524264]]]}}, {"type": "Feature", "id": "training_2024_20240804_20240801_r003_c009_00040", "properties": {"patch_id": "training_2024_20240804_20240801_r003_c009_00040", "training_tag": "training_2024_20240804_20240801", "year": 2024, "split": "train", "cluster_id": 5, "dominant_interpretation": "vegetation", "weak_source_fraction": 0.968607, "anomaly_score": 0.759311, "review_priority": "embedding_supported", "review_reason": "embedding cluster has compatible weak-source interpretation", "area_m2": 1638400.0}, "geometry": {"type": "Polygon", "coordinates": [[[30.075171094, -1.888503829], [30.086663593, -1.888483318], [30.086684079, -1.900046839], [30.075191504, -1.900067476], [30.075171094, -1.888503829]]]}}, {"type": "Feature", "id": "training_2024_20240804_20240801_r003_c011_00042", "properties": {"patch_id": "training_2024_20240804_20240801_r003_c011_00042", "training_tag": "training_2024_20240804_20240801", "year": 2024, "split": "train", "cluster_id": 5, "dominant_interpretation": "vegetation", "weak_source_fraction": 0.975898, "anomaly_score": 0.526292, "review_priority": "embedding_supported", "review_reason": "embedding cluster has compatible weak-source interpretation", "area_m2": 1638400.0}, "geometry": {"type": "Polygon", "coordinates": [[[30.098155967, -1.888462731], [30.109648215, -1.888442067], [30.109668853, -1.900005335], [30.098176529, -1.900026125], [30.098155967, -1.888462731]]]}}, {"type": "Feature", "id": "training_2024_20240804_20240801_r003_c012_00043", "properties": {"patch_id": "training_2024_20240804_20240801_r003_c012_00043", "training_tag": "training_2024_20240804_20240801", "year": 2024, "split": "train", "cluster_id": 5, "dominant_interpretation": "vegetation", "weak_source_fraction": 0.997862, "anomaly_score": 0.140413, "review_priority": "embedding_supported", "review_reason": "embedding cluster has compatible weak-source interpretation", "area_m2": 1638400.0}, "geometry": {"type": "Polygon", "coordinates": [[[30.109648215, -1.888442067], [30.121140337, -1.888421327], [30.121161051, -1.899984468], [30.109668853, -1.900005335], [30.109648215, -1.888442067]]]}}, {"type": "Feature", "id": "training_2024_20240804_20240801_r003_c013_00044", "properties": {"patch_id": "training_2024_20240804_20240801_r003_c013_00044", "training_tag": "training_2024_20240804_20240801", "year": 2024, "split": "train", "cluster_id": 1, "dominant_interpretation": "vegetation", "weak_source_fraction": 0.999441, "anomaly_score": 0.183851, "review_priority": "embedding_supported", "review_reason": "embedding cluster has compatible weak-source interpretation", "area_m2": 1638400.0}, "geometry": {"type": "Polygon", "coordinates": [[[30.121140337, -1.888421327], [30.132632332, -1.888400511], [30.132653122, -1.899963524], [30.121161051, -1.899984468], [30.121140337, -1.888421327]]]}}, {"type": "Feature", "id": "training_2024_20240804_20240801_r003_c014_00045", "properties": {"patch_id": "training_2024_20240804_20240801_r003_c014_00045", "training_tag": "training_2024_20240804_20240801", "year": 2024, "split": "train", "cluster_id": 1, "dominant_interpretation": "vegetation", "weak_source_fraction": 1.0, "anomaly_score": 0.383793, "review_priority": "embedding_supported", "review_reason": "embedding cluster has compatible weak-source interpretation", "area_m2": 1638400.0}, "geometry": {"type": "Polygon", "coordinates": [[[30.132632332, -1.888400511], [30.1441242, -1.888379619], [30.144145066, -1.899942504], [30.132653122, -1.899963524], [30.132632332, -1.888400511]]]}}, {"type": "Feature", "id": "training_2024_20240804_20240801_r004_c000_00046", "properties": {"patch_id": "training_2024_20240804_20240801_r004_c000_00046", "training_tag": "training_2024_20240804_20240801", "year": 2024, "split": "train", "cluster_id": 3, "dominant_interpretation": "vegetation", "weak_source_fraction": 0.537215, "anomaly_score": 0.756486, "review_priority": "weak_support_review", "review_reason": "mixed or weak-source support", "area_m2": 1638400.0}, "geometry": {"type": "Polygon", "coordinates": [[[29.971752767, -1.900249756], [29.983246449, -1.90022981], [29.983266371, -1.911794443], [29.971772613, -1.911814511], [29.971752767, -1.900249756]]]}}, {"type": "Feature", "id": "training_2024_20240804_20240801_r004_c001_00047", "properties": {"patch_id": "training_2024_20240804_20240801_r004_c001_00047", "training_tag": "training_2024_20240804_20240801", "year": 2024, "split": "train", "cluster_id": 2, "dominant_interpretation": "vegetation", "weak_source_fraction": 0.518096, "anomaly_score": 0.273603, "review_priority": "weak_support_review", "review_reason": "mixed or weak-source support", "area_m2": 1638400.0}, "geometry": {"type": "Polygon", "coordinates": [[[29.983246449, -1.90022981], [29.994740009, -1.900209787], [29.994760009, -1.911774298], [29.983266371, -1.911794443], [29.983246449, -1.90022981]]]}}, {"type": "Feature", "id": "training_2024_20240804_20240801_r004_c002_00048", "properties": {"patch_id": "training_2024_20240804_20240801_r004_c002_00048", "training_tag": "training_2024_20240804_20240801", "year": 2024, "split": "train", "cluster_id": 2, "dominant_interpretation": "built_up", "weak_source_fraction": 0.739619, "anomaly_score": 0.406619, "review_priority": "embedding_supported", "review_reason": "embedding cluster has compatible weak-source interpretation", "area_m2": 1638400.0}, "geometry": {"type": "Polygon", "coordinates": [[[29.994740009, -1.900209787], [30.006233448, -1.900189687], [30.006253524, -1.911754076], [29.994760009, -1.911774298], [29.994740009, -1.900209787]]]}}, {"type": "Feature", "id": "training_2024_20240804_20240801_r004_c003_00049", "properties": {"patch_id": "training_2024_20240804_20240801_r004_c003_00049", "training_tag": "training_2024_20240804_20240801", "year": 2024, "split": "train", "cluster_id": 8, "dominant_interpretation": "built_up", "weak_source_fraction": 0.960394, "anomaly_score": 0.0, "review_priority": "embedding_supported", "review_reason": "embedding cluster has compatible weak-source interpretation", "area_m2": 1638400.0}, "geometry": {"type": "Polygon", "coordinates": [[[30.006233448, -1.900189687], [30.017726765, -1.90016951], [30.017746918, -1.911733776], [30.006253524, -1.911754076], [30.006233448, -1.900189687]]]}}, {"type": "Feature", "id": "training_2024_20240804_20240801_r004_c004_00050", "properties": {"patch_id": "training_2024_20240804_20240801_r004_c004_00050", "training_tag": "training_2024_20240804_20240801", "year": 2024, "split": "train", "cluster_id": 8, "dominant_interpretation": "built_up", "weak_source_fraction": 0.915593, "anomaly_score": 0.129432, "review_priority": "embedding_supported", "review_reason": "embedding cluster has compatible weak-source interpretation", "area_m2": 1638400.0}, "geometry": {"type": "Polygon", "coordinates": [[[30.017726765, -1.90016951], [30.02921996, -1.900149256], [30.029240189, -1.911713399], [30.017746918, -1.911733776], [30.017726765, -1.90016951]]]}}, {"type": "Feature", "id": "training_2024_20240804_20240801_r004_c005_00051", "properties": {"patch_id": "training_2024_20240804_20240801_r004_c005_00051", "training_tag": "training_2024_20240804_20240801", "year": 2024, "split": "train", "cluster_id": 2, "dominant_interpretation": "built_up", "weak_source_fraction": 0.601536, "anomaly_score": 0.93137, "review_priority": "high_anomaly", "review_reason": "high embedding anomaly", "area_m2": 1638400.0}, "geometry": {"type": "Polygon", "coordinates": [[[30.02921996, -1.900149256], [30.040713031, -1.900128926], [30.040733337, -1.911692945], [30.029240189, -1.911713399], [30.02921996, -1.900149256]]]}}, {"type": "Feature", "id": "training_2024_20240804_20240801_r004_c006_00052", "properties": {"patch_id": "training_2024_20240804_20240801_r004_c006_00052", "training_tag": "training_2024_20240804_20240801", "year": 2024, "split": "train", "cluster_id": 7, "dominant_interpretation": "vegetation", "weak_source_fraction": 1.0, "anomaly_score": 0.450287, "review_priority": "embedding_supported", "review_reason": "embedding cluster has compatible weak-source interpretation", "area_m2": 1638400.0}, "geometry": {"type": "Polygon", "coordinates": [[[30.040713031, -1.900128926], [30.05220598, -1.900108519], [30.052226361, -1.911672414], [30.040733337, -1.911692945], [30.040713031, -1.900128926]]]}}, {"type": "Feature", "id": "training_2024_20240804_20240801_r004_c007_00053", "properties": {"patch_id": "training_2024_20240804_20240801_r004_c007_00053", "training_tag": "training_2024_20240804_20240801", "year": 2024, "split": "train", "cluster_id": 3, "dominant_interpretation": "vegetation", "weak_source_fraction": 0.545009, "anomaly_score": 0.363956, "review_priority": "weak_support_review", "review_reason": "mixed or weak-source support", "area_m2": 1638400.0}, "geometry": {"type": "Polygon", "coordinates": [[[30.05220598, -1.900108519], [30.063698804, -1.900088036], [30.063719262, -1.911651806], [30.052226361, -1.911672414], [30.05220598, -1.900108519]]]}}, {"type": "Feature", "id": "training_2024_20240804_20240801_r004_c008_00054", "properties": {"patch_id": "training_2024_20240804_20240801_r004_c008_00054", "training_tag": "training_2024_20240804_20240801", "year": 2024, "split": "train", "cluster_id": 3, "dominant_interpretation": "vegetation", "weak_source_fraction": 0.61086, "anomaly_score": 0.38805, "review_priority": "weak_support_review", "review_reason": "mixed or weak-source support", "area_m2": 1638400.0}, "geometry": {"type": "Polygon", "coordinates": [[[30.063698804, -1.900088036], [30.075191504, -1.900067476], [30.075212038, -1.91163112], [30.063719262, -1.911651806], [30.063698804, -1.900088036]]]}}, {"type": "Feature", "id": "training_2024_20240804_20240801_r004_c009_00055", "properties": {"patch_id": "training_2024_20240804_20240801_r004_c009_00055", "training_tag": "training_2024_20240804_20240801", "year": 2024, "split": "train", "cluster_id": 5, "dominant_interpretation": "vegetation", "weak_source_fraction": 0.980938, "anomaly_score": 0.186481, "review_priority": "embedding_supported", "review_reason": "embedding cluster has compatible weak-source interpretation", "area_m2": 1638400.0}, "geometry": {"type": "Polygon", "coordinates": [[[30.075191504, -1.900067476], [30.086684079, -1.900046839], [30.08670469, -1.911610358], [30.075212038, -1.91163112], [30.075191504, -1.900067476]]]}}, {"type": "Feature", "id": "training_2024_20240804_20240801_r004_c011_00057", "properties": {"patch_id": "training_2024_20240804_20240801_r004_c011_00057", "training_tag": "training_2024_20240804_20240801", "year": 2024, "split": "train", "cluster_id": 5, "dominant_interpretation": "vegetation", "weak_source_fraction": 0.998486, "anomaly_score": 0.065411, "review_priority": "embedding_supported", "review_reason": "embedding cluster has compatible weak-source interpretation", "area_m2": 1638400.0}, "geometry": {"type": "Polygon", "coordinates": [[[30.098176529, -1.900026125], [30.109668853, -1.900005335], [30.109689616, -1.911568601], [30.098197216, -1.911589518], [30.098176529, -1.900026125]]]}}, {"type": "Feature", "id": "training_2024_20240804_20240801_r004_c012_00058", "properties": {"patch_id": "training_2024_20240804_20240801_r004_c012_00058", "training_tag": "training_2024_20240804_20240801", "year": 2024, "split": "train", "cluster_id": 5, "dominant_interpretation": "vegetation", "weak_source_fraction": 1.0, "anomaly_score": 0.0, "review_priority": "embedding_supported", "review_reason": "embedding cluster has compatible weak-source interpretation", "area_m2": 1638400.0}, "geometry": {"type": "Polygon", "coordinates": [[[30.109668853, -1.900005335], [30.121161051, -1.899984468], [30.121181891, -1.911547607], [30.109689616, -1.911568601], [30.109668853, -1.900005335]]]}}, {"type": "Feature", "id": "training_2024_20240804_20240801_r004_c013_00059", "properties": {"patch_id": "training_2024_20240804_20240801_r004_c013_00059", "training_tag": "training_2024_20240804_20240801", "year": 2024, "split": "train", "cluster_id": 5, "dominant_interpretation": "vegetation", "weak_source_fraction": 1.0, "anomaly_score": 0.129439, "review_priority": "embedding_supported", "review_reason": "embedding cluster has compatible weak-source interpretation", "area_m2": 1638400.0}, "geometry": {"type": "Polygon", "coordinates": [[[30.121161051, -1.899984468], [30.132653122, -1.899963524], [30.132674038, -1.911526536], [30.121181891, -1.911547607], [30.121161051, -1.899984468]]]}}, {"type": "Feature", "id": "training_2024_20240804_20240801_r004_c014_00060", "properties": {"patch_id": "training_2024_20240804_20240801_r004_c014_00060", "training_tag": "training_2024_20240804_20240801", "year": 2024, "split": "train", "cluster_id": 1, "dominant_interpretation": "vegetation", "weak_source_fraction": 0.878728, "anomaly_score": 0.20027, "review_priority": "embedding_supported", "review_reason": "embedding cluster has compatible weak-source interpretation", "area_m2": 1638400.0}, "geometry": {"type": "Polygon", "coordinates": [[[30.132653122, -1.899963524], [30.144145066, -1.899942504], [30.144166059, -1.911505388], [30.132674038, -1.911526536], [30.132653122, -1.899963524]]]}}, {"type": "Feature", "id": "training_2024_20240804_20240801_r005_c000_00061", "properties": {"patch_id": "training_2024_20240804_20240801_r005_c000_00061", "training_tag": "training_2024_20240804_20240801", "year": 2024, "split": "train", "cluster_id": 2, "dominant_interpretation": "built_up", "weak_source_fraction": 0.827149, "anomaly_score": 1.0, "review_priority": "high_anomaly", "review_reason": "high embedding anomaly", "area_m2": 1638400.0}, "geometry": {"type": "Polygon", "coordinates": [[[29.971772613, -1.911814511], [29.983266371, -1.911794443], [29.983286415, -1.923359075], [29.97179258, -1.923379264], [29.971772613, -1.911814511]]]}}, {"type": "Feature", "id": "training_2024_20240804_20240801_r005_c001_00062", "properties": {"patch_id": "training_2024_20240804_20240801_r005_c001_00062", "training_tag": "training_2024_20240804_20240801", "year": 2024, "split": "train", "cluster_id": 2, "dominant_interpretation": "built_up", "weak_source_fraction": 0.562196, "anomaly_score": 0.820152, "review_priority": "weak_support_review", "review_reason": "mixed or weak-source support", "area_m2": 1638400.0}, "geometry": {"type": "Polygon", "coordinates": [[[29.983266371, -1.911794443], [29.994760009, -1.911774298], [29.994780129, -1.923338808], [29.983286415, -1.923359075], [29.983266371, -1.911794443]]]}}, {"type": "Feature", "id": "training_2024_20240804_20240801_r005_c002_00063", "properties": {"patch_id": "training_2024_20240804_20240801_r005_c002_00063", "training_tag": "training_2024_20240804_20240801", "year": 2024, "split": "train", "cluster_id": 4, "dominant_interpretation": "built_up", "weak_source_fraction": 0.694132, "anomaly_score": 0.172058, "review_priority": "embedding_supported", "review_reason": "embedding cluster has compatible weak-source interpretation", "area_m2": 1638400.0}, "geometry": {"type": "Polygon", "coordinates": [[[29.994760009, -1.911774298], [30.006253524, -1.911754076], [30.006273722, -1.923318463], [29.994780129, -1.923338808], [29.994760009, -1.911774298]]]}}, {"type": "Feature", "id": "training_2024_20240804_20240801_r005_c003_00064", "properties": {"patch_id": "training_2024_20240804_20240801_r005_c003_00064", "training_tag": "training_2024_20240804_20240801", "year": 2024, "split": "train", "cluster_id": 8, "dominant_interpretation": "built_up", "weak_source_fraction": 0.829237, "anomaly_score": 0.645989, "review_priority": "embedding_supported", "review_reason": "embedding cluster has compatible weak-source interpretation", "area_m2": 1638400.0}, "geometry": {"type": "Polygon", "coordinates": [[[30.006253524, -1.911754076], [30.017746918, -1.911733776], [30.017767192, -1.92329804], [30.006273722, -1.923318463], [30.006253524, -1.911754076]]]}}, {"type": "Feature", "id": "training_2024_20240804_20240801_r005_c006_00067", "properties": {"patch_id": "training_2024_20240804_20240801_r005_c006_00067", "training_tag": "training_2024_20240804_20240801", "year": 2024, "split": "train", "cluster_id": 1, "dominant_interpretation": "vegetation", "weak_source_fraction": 0.844808, "anomaly_score": 0.125144, "review_priority": "embedding_supported", "review_reason": "embedding cluster has compatible weak-source interpretation", "area_m2": 1638400.0}, "geometry": {"type": "Polygon", "coordinates": [[[30.040733337, -1.911692945], [30.052226361, -1.911672414], [30.052246867, -1.923236307], [30.040753765, -1.923256962], [30.040733337, -1.911692945]]]}}, {"type": "Feature", "id": "training_2024_20240804_20240801_r005_c007_00068", "properties": {"patch_id": "training_2024_20240804_20240801_r005_c007_00068", "training_tag": "training_2024_20240804_20240801", "year": 2024, "split": "train", "cluster_id": 7, "dominant_interpretation": "vegetation", "weak_source_fraction": 0.916557, "anomaly_score": 0.167561, "review_priority": "embedding_supported", "review_reason": "embedding cluster has compatible weak-source interpretation", "area_m2": 1638400.0}, "geometry": {"type": "Polygon", "coordinates": [[[30.052226361, -1.911672414], [30.063719262, -1.911651806], [30.063739844, -1.923215574], [30.052246867, -1.923236307], [30.052226361, -1.911672414]]]}}, {"type": "Feature", "id": "training_2024_20240804_20240801_r005_c008_00069", "properties": {"patch_id": "training_2024_20240804_20240801_r005_c008_00069", "training_tag": "training_2024_20240804_20240801", "year": 2024, "split": "train", "cluster_id": 7, "dominant_interpretation": "vegetation", "weak_source_fraction": 0.998414, "anomaly_score": 0.186072, "review_priority": "embedding_supported", "review_reason": "embedding cluster has compatible weak-source interpretation", "area_m2": 1638400.0}, "geometry": {"type": "Polygon", "coordinates": [[[30.063719262, -1.911651806], [30.075212038, -1.91163112], [30.075232698, -1.923194763], [30.063739844, -1.923215574], [30.063719262, -1.911651806]]]}}, {"type": "Feature", "id": "training_2024_20240804_20240801_r005_c009_00070", "properties": {"patch_id": "training_2024_20240804_20240801_r005_c009_00070", "training_tag": "training_2024_20240804_20240801", "year": 2024, "split": "train", "cluster_id": 5, "dominant_interpretation": "vegetation", "weak_source_fraction": 0.995425, "anomaly_score": 0.36542, "review_priority": "embedding_supported", "review_reason": "embedding cluster has compatible weak-source interpretation", "area_m2": 1638400.0}, "geometry": {"type": "Polygon", "coordinates": [[[30.075212038, -1.91163112], [30.08670469, -1.911610358], [30.086725426, -1.923173875], [30.075232698, -1.923194763], [30.075212038, -1.91163112]]]}}, {"type": "Feature", "id": "training_2024_20240804_20240801_r005_c010_00071", "properties": {"patch_id": "training_2024_20240804_20240801_r005_c010_00071", "training_tag": "training_2024_20240804_20240801", "year": 2024, "split": "train", "cluster_id": 5, "dominant_interpretation": "vegetation", "weak_source_fraction": 0.993524, "anomaly_score": 0.497385, "review_priority": "embedding_supported", "review_reason": "embedding cluster has compatible weak-source interpretation", "area_m2": 1638400.0}, "geometry": {"type": "Polygon", "coordinates": [[[30.08670469, -1.911610358], [30.098197216, -1.911589518], [30.098218029, -1.923152909], [30.086725426, -1.923173875], [30.08670469, -1.911610358]]]}}, {"type": "Feature", "id": "training_2024_20240804_20240801_r005_c011_00072", "properties": {"patch_id": "training_2024_20240804_20240801_r005_c011_00072", "training_tag": "training_2024_20240804_20240801", "year": 2024, "split": "train", "cluster_id": 5, "dominant_interpretation": "vegetation", "weak_source_fraction": 1.0, "anomaly_score": 0.002402, "review_priority": "embedding_supported", "review_reason": "embedding cluster has compatible weak-source interpretation", "area_m2": 1638400.0}, "geometry": {"type": "Polygon", "coordinates": [[[30.098197216, -1.911589518], [30.109689616, -1.911568601], [30.109710507, -1.923131866], [30.098218029, -1.923152909], [30.098197216, -1.911589518]]]}}, {"type": "Feature", "id": "training_2024_20240804_20240801_r005_c012_00073", "properties": {"patch_id": "training_2024_20240804_20240801_r005_c012_00073", "training_tag": "training_2024_20240804_20240801", "year": 2024, "split": "train", "cluster_id": 5, "dominant_interpretation": "vegetation", "weak_source_fraction": 0.999523, "anomaly_score": 0.255399, "review_priority": "embedding_supported", "review_reason": "embedding cluster has compatible weak-source interpretation", "area_m2": 1638400.0}, "geometry": {"type": "Polygon", "coordinates": [[[30.109689616, -1.911568601], [30.121181891, -1.911547607], [30.121202858, -1.923110744], [30.109710507, -1.923131866], [30.109689616, -1.911568601]]]}}, {"type": "Feature", "id": "training_2024_20240804_20240801_r005_c013_00074", "properties": {"patch_id": "training_2024_20240804_20240801_r005_c013_00074", "training_tag": "training_2024_20240804_20240801", "year": 2024, "split": "train", "cluster_id": 7, "dominant_interpretation": "vegetation", "weak_source_fraction": 0.925773, "anomaly_score": 0.16188, "review_priority": "embedding_supported", "review_reason": "embedding cluster has compatible weak-source interpretation", "area_m2": 1638400.0}, "geometry": {"type": "Polygon", "coordinates": [[[30.121181891, -1.911547607], [30.132674038, -1.911526536], [30.132695082, -1.923089546], [30.121202858, -1.923110744], [30.121181891, -1.911547607]]]}}, {"type": "Feature", "id": "training_2024_20240804_20240801_r005_c014_00075", "properties": {"patch_id": "training_2024_20240804_20240801_r005_c014_00075", "training_tag": "training_2024_20240804_20240801", "year": 2024, "split": "train", "cluster_id": 5, "dominant_interpretation": "vegetation", "weak_source_fraction": 0.854466, "anomaly_score": 0.160163, "review_priority": "embedding_supported", "review_reason": "embedding cluster has compatible weak-source interpretation", "area_m2": 1638400.0}, "geometry": {"type": "Polygon", "coordinates": [[[30.132674038, -1.911526536], [30.144166059, -1.911505388], [30.14418718, -1.923068269], [30.132695082, -1.923089546], [30.132674038, -1.911526536]]]}}, {"type": "Feature", "id": "training_2024_20240804_20240801_r006_c000_00076", "properties": {"patch_id": "training_2024_20240804_20240801_r006_c000_00076", "training_tag": "training_2024_20240804_20240801", "year": 2024, "split": "train", "cluster_id": 8, "dominant_interpretation": "built_up", "weak_source_fraction": 0.94611, "anomaly_score": 0.567857, "review_priority": "embedding_supported", "review_reason": "embedding cluster has compatible weak-source interpretation", "area_m2": 1638400.0}, "geometry": {"type": "Polygon", "coordinates": [[[29.97179258, -1.923379264], [29.983286415, -1.923359075], [29.98330658, -1.934923705], [29.971812668, -1.934944016], [29.97179258, -1.923379264]]]}}, {"type": "Feature", "id": "training_2024_20240804_20240801_r006_c001_00077", "properties": {"patch_id": "training_2024_20240804_20240801_r006_c001_00077", "training_tag": "training_2024_20240804_20240801", "year": 2024, "split": "train", "cluster_id": 2, "dominant_interpretation": "built_up", "weak_source_fraction": 0.818321, "anomaly_score": 1.0, "review_priority": "high_anomaly", "review_reason": "high embedding anomaly", "area_m2": 1638400.0}, "geometry": {"type": "Polygon", "coordinates": [[[29.983286415, -1.923359075], [29.994780129, -1.923338808], [29.994800372, -1.934903315], [29.98330658, -1.934923705], [29.983286415, -1.923359075]]]}}, {"type": "Feature", "id": "training_2024_20240804_20240801_r006_c002_00078", "properties": {"patch_id": "training_2024_20240804_20240801_r006_c002_00078", "training_tag": "training_2024_20240804_20240801", "year": 2024, "split": "train", "cluster_id": 4, "dominant_interpretation": "built_up", "weak_source_fraction": 0.870073, "anomaly_score": 0.373834, "review_priority": "embedding_supported", "review_reason": "embedding cluster has compatible weak-source interpretation", "area_m2": 1638400.0}, "geometry": {"type": "Polygon", "coordinates": [[[29.994780129, -1.923338808], [30.006273722, -1.923318463], [30.006294042, -1.934882848], [29.994800372, -1.934903315], [29.994780129, -1.923338808]]]}}, {"type": "Feature", "id": "training_2025_20250220_20250221_r000_c000_00000", "properties": {"patch_id": "training_2025_20250220_20250221_r000_c000_00000", "training_tag": "training_2025_20250220_20250221", "year": 2025, "split": "validation", "cluster_id": 2, "dominant_interpretation": "vegetation", "weak_source_fraction": 0.593518, "anomaly_score": 0.707059, "review_priority": "weak_support_review", "review_reason": "mixed or weak-source support", "area_m2": 1638400.0}, "geometry": {"type": "Polygon", "coordinates": [[[29.971674588, -1.85399072], [29.983167969, -1.853971259], [29.983187407, -1.865535899], [29.971693952, -1.865555482], [29.971674588, -1.85399072]]]}}, {"type": "Feature", "id": "training_2025_20250220_20250221_r000_c001_00001", "properties": {"patch_id": "training_2025_20250220_20250221_r000_c001_00001", "training_tag": "training_2025_20250220_20250221", "year": 2025, "split": "validation", "cluster_id": 8, "dominant_interpretation": "built_up", "weak_source_fraction": 0.81058, "anomaly_score": 0.155825, "review_priority": "embedding_supported", "review_reason": "embedding cluster has compatible weak-source interpretation", "area_m2": 1638400.0}, "geometry": {"type": "Polygon", "coordinates": [[[29.983167969, -1.853971259], [29.994661228, -1.853951724], [29.994680741, -1.865516242], [29.983187407, -1.865535899], [29.983167969, -1.853971259]]]}}, {"type": "Feature", "id": "training_2025_20250220_20250221_r000_c002_00002", "properties": {"patch_id": "training_2025_20250220_20250221_r000_c002_00002", "training_tag": "training_2025_20250220_20250221", "year": 2025, "split": "validation", "cluster_id": 8, "dominant_interpretation": "built_up", "weak_source_fraction": 0.968646, "anomaly_score": 0.690894, "review_priority": "embedding_supported", "review_reason": "embedding cluster has compatible weak-source interpretation", "area_m2": 1638400.0}, "geometry": {"type": "Polygon", "coordinates": [[[29.994661228, -1.853951724], [30.006154366, -1.853932113], [30.006173953, -1.865496509], [29.994680741, -1.865516242], [29.994661228, -1.853951724]]]}}, {"type": "Feature", "id": "training_2025_20250220_20250221_r000_c003_00003", "properties": {"patch_id": "training_2025_20250220_20250221_r000_c003_00003", "training_tag": "training_2025_20250220_20250221", "year": 2025, "split": "validation", "cluster_id": 8, "dominant_interpretation": "built_up", "weak_source_fraction": 0.928253, "anomaly_score": 0.129063, "review_priority": "embedding_supported", "review_reason": "embedding cluster has compatible weak-source interpretation", "area_m2": 1638400.0}, "geometry": {"type": "Polygon", "coordinates": [[[30.006154366, -1.853932113], [30.017647381, -1.853912428], [30.017667044, -1.865476701], [30.006173953, -1.865496509], [30.006154366, -1.853932113]]]}}, {"type": "Feature", "id": "training_2025_20250220_20250221_r000_c005_00004", "properties": {"patch_id": "training_2025_20250220_20250221_r000_c005_00004", "training_tag": "training_2025_20250220_20250221", "year": 2025, "split": "validation", "cluster_id": 1, "dominant_interpretation": "vegetation", "weak_source_fraction": 1.0, "anomaly_score": 0.282734, "review_priority": "embedding_supported", "review_reason": "embedding cluster has compatible weak-source interpretation", "area_m2": 1638400.0}, "geometry": {"type": "Polygon", "coordinates": [[[30.029140275, -1.853892668], [30.040633045, -1.853872833], [30.040652857, -1.865436859], [30.029160012, -1.865456818], [30.029140275, -1.853892668]]]}}, {"type": "Feature", "id": "training_2025_20250220_20250221_r000_c006_00005", "properties": {"patch_id": "training_2025_20250220_20250221_r000_c006_00005", "training_tag": "training_2025_20250220_20250221", "year": 2025, "split": "validation", "cluster_id": 1, "dominant_interpretation": "vegetation", "weak_source_fraction": 1.0, "anomaly_score": 0.274361, "review_priority": "embedding_supported", "review_reason": "embedding cluster has compatible weak-source interpretation", "area_m2": 1638400.0}, "geometry": {"type": "Polygon", "coordinates": [[[30.040633045, -1.853872833], [30.052125692, -1.853852923], [30.052145578, -1.865416825], [30.040652857, -1.865436859], [30.040633045, -1.853872833]]]}}, {"type": "Feature", "id": "training_2025_20250220_20250221_r000_c007_00006", "properties": {"patch_id": "training_2025_20250220_20250221_r000_c007_00006", "training_tag": "training_2025_20250220_20250221", "year": 2025, "split": "validation", "cluster_id": 2, "dominant_interpretation": "vegetation", "weak_source_fraction": 0.67319, "anomaly_score": 0.153909, "review_priority": "embedding_supported", "review_reason": "embedding cluster has compatible weak-source interpretation", "area_m2": 1638400.0}, "geometry": {"type": "Polygon", "coordinates": [[[30.052125692, -1.853852923], [30.063618215, -1.853832939], [30.063638176, -1.865396716], [30.052145578, -1.865416825], [30.052125692, -1.853852923]]]}}, {"type": "Feature", "id": "training_2025_20250220_20250221_r000_c008_00007", "properties": {"patch_id": "training_2025_20250220_20250221_r000_c008_00007", "training_tag": "training_2025_20250220_20250221", "year": 2025, "split": "validation", "cluster_id": 1, "dominant_interpretation": "vegetation", "weak_source_fraction": 1.0, "anomaly_score": 0.319216, "review_priority": "embedding_supported", "review_reason": "embedding cluster has compatible weak-source interpretation", "area_m2": 1638400.0}, "geometry": {"type": "Polygon", "coordinates": [[[30.063618215, -1.853832939], [30.075110614, -1.853812879], [30.075130649, -1.865376531], [30.063638176, -1.865396716], [30.063618215, -1.853832939]]]}}, {"type": "Feature", "id": "training_2025_20250220_20250221_r000_c010_00008", "properties": {"patch_id": "training_2025_20250220_20250221_r000_c010_00008", "training_tag": "training_2025_20250220_20250221", "year": 2025, "split": "validation", "cluster_id": 1, "dominant_interpretation": "vegetation", "weak_source_fraction": 1.0, "anomaly_score": 0.475877, "review_priority": "embedding_supported", "review_reason": "embedding cluster has compatible weak-source interpretation", "area_m2": 1638400.0}, "geometry": {"type": "Polygon", "coordinates": [[[30.086602888, -1.853792745], [30.098095037, -1.853772536], [30.098115221, -1.865335936], [30.086622998, -1.865356271], [30.086602888, -1.853792745]]]}}, {"type": "Feature", "id": "training_2025_20250220_20250221_r000_c014_00009", "properties": {"patch_id": "training_2025_20250220_20250221_r000_c014_00009", "training_tag": "training_2025_20250220_20250221", "year": 2025, "split": "validation", "cluster_id": 4, "dominant_interpretation": "built_up", "weak_source_fraction": 0.939968, "anomaly_score": 0.372816, "review_priority": "embedding_supported", "review_reason": "embedding cluster has compatible weak-source interpretation", "area_m2": 1638400.0}, "geometry": {"type": "Polygon", "coordinates": [[[30.132570726, -1.85371146], [30.144062369, -1.853690952], [30.144082852, -1.865253843], [30.132591135, -1.865274479], [30.132570726, -1.85371146]]]}}, {"type": "Feature", "id": "training_2025_20250220_20250221_r001_c001_00010", "properties": {"patch_id": "training_2025_20250220_20250221_r001_c001_00010", "training_tag": "training_2025_20250220_20250221", "year": 2025, "split": "validation", "cluster_id": 8, "dominant_interpretation": "built_up", "weak_source_fraction": 0.970827, "anomaly_score": 0.328068, "review_priority": "embedding_supported", "review_reason": "embedding cluster has compatible weak-source interpretation", "area_m2": 1638400.0}, "geometry": {"type": "Polygon", "coordinates": [[[29.983187407, -1.865535899], [29.994680741, -1.865516242], [29.994700375, -1.877080759], [29.983206966, -1.877100538], [29.983187407, -1.865535899]]]}}, {"type": "Feature", "id": "training_2025_20250220_20250221_r001_c002_00011", "properties": {"patch_id": "training_2025_20250220_20250221_r001_c002_00011", "training_tag": "training_2025_20250220_20250221", "year": 2025, "split": "validation", "cluster_id": 8, "dominant_interpretation": "built_up", "weak_source_fraction": 0.965997, "anomaly_score": 0.345412, "review_priority": "embedding_supported", "review_reason": "embedding cluster has compatible weak-source interpretation", "area_m2": 1638400.0}, "geometry": {"type": "Polygon", "coordinates": [[[29.994680741, -1.865516242], [30.006173953, -1.865496509], [30.006193663, -1.877060903], [29.994700375, -1.877080759], [29.994680741, -1.865516242]]]}}, {"type": "Feature", "id": "training_2025_20250220_20250221_r001_c006_00012", "properties": {"patch_id": "training_2025_20250220_20250221_r001_c006_00012", "training_tag": "training_2025_20250220_20250221", "year": 2025, "split": "validation", "cluster_id": 1, "dominant_interpretation": "vegetation", "weak_source_fraction": 0.909596, "anomaly_score": 0.336556, "review_priority": "embedding_supported", "review_reason": "embedding cluster has compatible weak-source interpretation", "area_m2": 1638400.0}, "geometry": {"type": "Polygon", "coordinates": [[[30.040652857, -1.865436859], [30.052145578, -1.865416825], [30.052165588, -1.876980725], [30.040672791, -1.877000883], [30.040652857, -1.865436859]]]}}, {"type": "Feature", "id": "training_2025_20250220_20250221_r001_c008_00013", "properties": {"patch_id": "training_2025_20250220_20250221_r001_c008_00013", "training_tag": "training_2025_20250220_20250221", "year": 2025, "split": "validation", "cluster_id": 2, "dominant_interpretation": "built_up", "weak_source_fraction": 0.53735, "anomaly_score": 0.035654, "review_priority": "weak_support_review", "review_reason": "mixed or weak-source support", "area_m2": 1638400.0}, "geometry": {"type": "Polygon", "coordinates": [[[30.063638176, -1.865396716], [30.075130649, -1.865376531], [30.075150809, -1.876940181], [30.063658261, -1.876960491], [30.063638176, -1.865396716]]]}}, {"type": "Feature", "id": "training_2025_20250220_20250221_r001_c009_00014", "properties": {"patch_id": "training_2025_20250220_20250221_r001_c009_00014", "training_tag": "training_2025_20250220_20250221", "year": 2025, "split": "validation", "cluster_id": 1, "dominant_interpretation": "vegetation", "weak_source_fraction": 0.998376, "anomaly_score": 0.149996, "review_priority": "embedding_supported", "review_reason": "embedding cluster has compatible weak-source interpretation", "area_m2": 1638400.0}, "geometry": {"type": "Polygon", "coordinates": [[[30.075130649, -1.865376531], [30.086622998, -1.865356271], [30.086643233, -1.876919795], [30.075150809, -1.876940181], [30.075130649, -1.865376531]]]}}, {"type": "Feature", "id": "training_2025_20250220_20250221_r001_c010_00015", "properties": {"patch_id": "training_2025_20250220_20250221_r001_c010_00015", "training_tag": "training_2025_20250220_20250221", "year": 2025, "split": "validation", "cluster_id": 1, "dominant_interpretation": "vegetation", "weak_source_fraction": 0.999817, "anomaly_score": 0.0546, "review_priority": "embedding_supported", "review_reason": "embedding cluster has compatible weak-source interpretation", "area_m2": 1638400.0}, "geometry": {"type": "Polygon", "coordinates": [[[30.086622998, -1.865356271], [30.098115221, -1.865335936], [30.098135531, -1.876899334], [30.086643233, -1.876919795], [30.086622998, -1.865356271]]]}}, {"type": "Feature", "id": "training_2025_20250220_20250221_r001_c011_00016", "properties": {"patch_id": "training_2025_20250220_20250221_r001_c011_00016", "training_tag": "training_2025_20250220_20250221", "year": 2025, "split": "validation", "cluster_id": 1, "dominant_interpretation": "vegetation", "weak_source_fraction": 0.94507, "anomaly_score": 0.043398, "review_priority": "embedding_supported", "review_reason": "embedding cluster has compatible weak-source interpretation", "area_m2": 1638400.0}, "geometry": {"type": "Polygon", "coordinates": [[[30.098115221, -1.865335936], [30.109607319, -1.865315526], [30.109627704, -1.876878797], [30.098135531, -1.876899334], [30.098115221, -1.865335936]]]}}, {"type": "Feature", "id": "training_2025_20250220_20250221_r001_c013_00017", "properties": {"patch_id": "training_2025_20250220_20250221_r001_c013_00017", "training_tag": "training_2025_20250220_20250221", "year": 2025, "split": "validation", "cluster_id": 1, "dominant_interpretation": "vegetation", "weak_source_fraction": 1.0, "anomaly_score": 0.633315, "review_priority": "embedding_supported", "review_reason": "embedding cluster has compatible weak-source interpretation", "area_m2": 1638400.0}, "geometry": {"type": "Polygon", "coordinates": [[[30.12109929, -1.86529504], [30.132591135, -1.865274479], [30.13261167, -1.876837496], [30.12111975, -1.876858184], [30.12109929, -1.86529504]]]}}, {"type": "Feature", "id": "training_2025_20250220_20250221_r001_c014_00018", "properties": {"patch_id": "training_2025_20250220_20250221_r001_c014_00018", "training_tag": "training_2025_20250220_20250221", "year": 2025, "split": "validation", "cluster_id": 2, "dominant_interpretation": "built_up", "weak_source_fraction": 0.768632, "anomaly_score": 0.770683, "review_priority": "embedding_supported", "review_reason": "embedding cluster has compatible weak-source interpretation", "area_m2": 1638400.0}, "geometry": {"type": "Polygon", "coordinates": [[[30.132591135, -1.865274479], [30.144082852, -1.865253843], [30.144103462, -1.876816732], [30.13261167, -1.876837496], [30.132591135, -1.865274479]]]}}, {"type": "Feature", "id": "training_2025_20250220_20250221_r002_c001_00019", "properties": {"patch_id": "training_2025_20250220_20250221_r002_c001_00019", "training_tag": "training_2025_20250220_20250221", "year": 2025, "split": "validation", "cluster_id": 2, "dominant_interpretation": "built_up", "weak_source_fraction": 0.60419, "anomaly_score": 0.360992, "review_priority": "weak_support_review", "review_reason": "mixed or weak-source support", "area_m2": 1638400.0}, "geometry": {"type": "Polygon", "coordinates": [[[29.983206966, -1.877100538], [29.994700375, -1.877080759], [29.994720132, -1.888645273], [29.983226647, -1.888665175], [29.983206966, -1.877100538]]]}}, {"type": "Feature", "id": "training_2025_20250220_20250221_r002_c003_00020", "properties": {"patch_id": "training_2025_20250220_20250221_r002_c003_00020", "training_tag": "training_2025_20250220_20250221", "year": 2025, "split": "validation", "cluster_id": 8, "dominant_interpretation": "built_up", "weak_source_fraction": 0.948057, "anomaly_score": 0.520884, "review_priority": "embedding_supported", "review_reason": "embedding cluster has compatible weak-source interpretation", "area_m2": 1638400.0}, "geometry": {"type": "Polygon", "coordinates": [[[30.006193663, -1.877060903], [30.017686828, -1.877040972], [30.017706736, -1.888605242], [30.006213495, -1.888625296], [30.006193663, -1.877060903]]]}}, {"type": "Feature", "id": "training_2025_20250220_20250221_r002_c004_00021", "properties": {"patch_id": "training_2025_20250220_20250221_r002_c004_00021", "training_tag": "training_2025_20250220_20250221", "year": 2025, "split": "validation", "cluster_id": 8, "dominant_interpretation": "built_up", "weak_source_fraction": 0.916452, "anomaly_score": 0.589918, "review_priority": "embedding_supported", "review_reason": "embedding cluster has compatible weak-source interpretation", "area_m2": 1638400.0}, "geometry": {"type": "Polygon", "coordinates": [[[30.017686828, -1.877040972], [30.029179871, -1.877020966], [30.029199854, -1.888585112], [30.017706736, -1.888605242], [30.017686828, -1.877040972]]]}}, {"type": "Feature", "id": "training_2025_20250220_20250221_r002_c005_00022", "properties": {"patch_id": "training_2025_20250220_20250221_r002_c005_00022", "training_tag": "training_2025_20250220_20250221", "year": 2025, "split": "validation", "cluster_id": 2, "dominant_interpretation": "vegetation", "weak_source_fraction": 0.690461, "anomaly_score": 0.295859, "review_priority": "embedding_supported", "review_reason": "embedding cluster has compatible weak-source interpretation", "area_m2": 1638400.0}, "geometry": {"type": "Polygon", "coordinates": [[[30.029179871, -1.877020966], [30.040672791, -1.877000883], [30.04069285, -1.888564906], [30.029199854, -1.888585112], [30.029179871, -1.877020966]]]}}, {"type": "Feature", "id": "training_2025_20250220_20250221_r002_c006_00023", "properties": {"patch_id": "training_2025_20250220_20250221_r002_c006_00023", "training_tag": "training_2025_20250220_20250221", "year": 2025, "split": "validation", "cluster_id": 1, "dominant_interpretation": "vegetation", "weak_source_fraction": 0.991076, "anomaly_score": 0.059662, "review_priority": "embedding_supported", "review_reason": "embedding cluster has compatible weak-source interpretation", "area_m2": 1638400.0}, "geometry": {"type": "Polygon", "coordinates": [[[30.040672791, -1.877000883], [30.052165588, -1.876980725], [30.052185722, -1.888544623], [30.04069285, -1.888564906], [30.040672791, -1.877000883]]]}}, {"type": "Feature", "id": "training_2025_20250220_20250221_r002_c007_00024", "properties": {"patch_id": "training_2025_20250220_20250221_r002_c007_00024", "training_tag": "training_2025_20250220_20250221", "year": 2025, "split": "validation", "cluster_id": 1, "dominant_interpretation": "vegetation", "weak_source_fraction": 1.0, "anomaly_score": 0.103657, "review_priority": "embedding_supported", "review_reason": "embedding cluster has compatible weak-source interpretation", "area_m2": 1638400.0}, "geometry": {"type": "Polygon", "coordinates": [[[30.052165588, -1.876980725], [30.063658261, -1.876960491], [30.06367847, -1.888524264], [30.052185722, -1.888544623], [30.052165588, -1.876980725]]]}}, {"type": "Feature", "id": "training_2025_20250220_20250221_r002_c008_00025", "properties": {"patch_id": "training_2025_20250220_20250221_r002_c008_00025", "training_tag": "training_2025_20250220_20250221", "year": 2025, "split": "validation", "cluster_id": 1, "dominant_interpretation": "vegetation", "weak_source_fraction": 0.960114, "anomaly_score": 0.355682, "review_priority": "embedding_supported", "review_reason": "embedding cluster has compatible weak-source interpretation", "area_m2": 1638400.0}, "geometry": {"type": "Polygon", "coordinates": [[[30.063658261, -1.876960491], [30.075150809, -1.876940181], [30.075171094, -1.888503829], [30.06367847, -1.888524264], [30.063658261, -1.876960491]]]}}, {"type": "Feature", "id": "training_2025_20250220_20250221_r002_c010_00026", "properties": {"patch_id": "training_2025_20250220_20250221_r002_c010_00026", "training_tag": "training_2025_20250220_20250221", "year": 2025, "split": "validation", "cluster_id": 5, "dominant_interpretation": "vegetation", "weak_source_fraction": 1.0, "anomaly_score": 0.216287, "review_priority": "embedding_supported", "review_reason": "embedding cluster has compatible weak-source interpretation", "area_m2": 1638400.0}, "geometry": {"type": "Polygon", "coordinates": [[[30.086643233, -1.876919795], [30.098135531, -1.876899334], [30.098155967, -1.888462731], [30.086663593, -1.888483318], [30.086643233, -1.876919795]]]}}, {"type": "Feature", "id": "training_2025_20250220_20250221_r002_c011_00027", "properties": {"patch_id": "training_2025_20250220_20250221_r002_c011_00027", "training_tag": "training_2025_20250220_20250221", "year": 2025, "split": "validation", "cluster_id": 1, "dominant_interpretation": "vegetation", "weak_source_fraction": 1.0, "anomaly_score": 0.096598, "review_priority": "embedding_supported", "review_reason": "embedding cluster has compatible weak-source interpretation", "area_m2": 1638400.0}, "geometry": {"type": "Polygon", "coordinates": [[[30.098135531, -1.876899334], [30.109627704, -1.876878797], [30.109648215, -1.888442067], [30.098155967, -1.888462731], [30.098135531, -1.876899334]]]}}, {"type": "Feature", "id": "training_2025_20250220_20250221_r002_c012_00028", "properties": {"patch_id": "training_2025_20250220_20250221_r002_c012_00028", "training_tag": "training_2025_20250220_20250221", "year": 2025, "split": "validation", "cluster_id": 1, "dominant_interpretation": "vegetation", "weak_source_fraction": 0.99885, "anomaly_score": 0.247394, "review_priority": "embedding_supported", "review_reason": "embedding cluster has compatible weak-source interpretation", "area_m2": 1638400.0}, "geometry": {"type": "Polygon", "coordinates": [[[30.109627704, -1.876878797], [30.12111975, -1.876858184], [30.121140337, -1.888421327], [30.109648215, -1.888442067], [30.109627704, -1.876878797]]]}}, {"type": "Feature", "id": "training_2025_20250220_20250221_r002_c013_00029", "properties": {"patch_id": "training_2025_20250220_20250221_r002_c013_00029", "training_tag": "training_2025_20250220_20250221", "year": 2025, "split": "validation", "cluster_id": 1, "dominant_interpretation": "vegetation", "weak_source_fraction": 0.965449, "anomaly_score": 0.192622, "review_priority": "embedding_supported", "review_reason": "embedding cluster has compatible weak-source interpretation", "area_m2": 1638400.0}, "geometry": {"type": "Polygon", "coordinates": [[[30.12111975, -1.876858184], [30.13261167, -1.876837496], [30.132632332, -1.888400511], [30.121140337, -1.888421327], [30.12111975, -1.876858184]]]}}, {"type": "Feature", "id": "training_2025_20250220_20250221_r002_c014_00030", "properties": {"patch_id": "training_2025_20250220_20250221_r002_c014_00030", "training_tag": "training_2025_20250220_20250221", "year": 2025, "split": "validation", "cluster_id": 1, "dominant_interpretation": "built_up", "weak_source_fraction": 0.662377, "anomaly_score": 0.761211, "review_priority": "embedding_supported", "review_reason": "embedding cluster has compatible weak-source interpretation", "area_m2": 1638400.0}, "geometry": {"type": "Polygon", "coordinates": [[[30.13261167, -1.876837496], [30.144103462, -1.876816732], [30.1441242, -1.888379619], [30.132632332, -1.888400511], [30.13261167, -1.876837496]]]}}, {"type": "Feature", "id": "training_2025_20250220_20250221_r003_c000_00031", "properties": {"patch_id": "training_2025_20250220_20250221_r003_c000_00031", "training_tag": "training_2025_20250220_20250221", "year": 2025, "split": "validation", "cluster_id": 5, "dominant_interpretation": "vegetation", "weak_source_fraction": 1.0, "anomaly_score": 0.222189, "review_priority": "embedding_supported", "review_reason": "embedding cluster has compatible weak-source interpretation", "area_m2": 1638400.0}, "geometry": {"type": "Polygon", "coordinates": [[[29.971733041, -1.888685], [29.983226647, -1.888665175], [29.983246449, -1.90022981], [29.971752767, -1.900249756], [29.971733041, -1.888685]]]}}, {"type": "Feature", "id": "training_2025_20250220_20250221_r003_c001_00032", "properties": {"patch_id": "training_2025_20250220_20250221_r003_c001_00032", "training_tag": "training_2025_20250220_20250221", "year": 2025, "split": "validation", "cluster_id": 2, "dominant_interpretation": "built_up", "weak_source_fraction": 0.743332, "anomaly_score": 0.354171, "review_priority": "embedding_supported", "review_reason": "embedding cluster has compatible weak-source interpretation", "area_m2": 1638400.0}, "geometry": {"type": "Polygon", "coordinates": [[[29.983226647, -1.888665175], [29.994720132, -1.888645273], [29.994740009, -1.900209787], [29.983246449, -1.90022981], [29.983226647, -1.888665175]]]}}, {"type": "Feature", "id": "training_2025_20250220_20250221_r003_c002_00033", "properties": {"patch_id": "training_2025_20250220_20250221_r003_c002_00033", "training_tag": "training_2025_20250220_20250221", "year": 2025, "split": "validation", "cluster_id": 4, "dominant_interpretation": "built_up", "weak_source_fraction": 0.965529, "anomaly_score": 0.175777, "review_priority": "embedding_supported", "review_reason": "embedding cluster has compatible weak-source interpretation", "area_m2": 1638400.0}, "geometry": {"type": "Polygon", "coordinates": [[[29.994720132, -1.888645273], [30.006213495, -1.888625296], [30.006233448, -1.900189687], [29.994740009, -1.900209787], [29.994720132, -1.888645273]]]}}, {"type": "Feature", "id": "training_2025_20250220_20250221_r003_c003_00034", "properties": {"patch_id": "training_2025_20250220_20250221_r003_c003_00034", "training_tag": "training_2025_20250220_20250221", "year": 2025, "split": "validation", "cluster_id": 8, "dominant_interpretation": "built_up", "weak_source_fraction": 0.956385, "anomaly_score": 0.545081, "review_priority": "embedding_supported", "review_reason": "embedding cluster has compatible weak-source interpretation", "area_m2": 1638400.0}, "geometry": {"type": "Polygon", "coordinates": [[[30.006213495, -1.888625296], [30.017706736, -1.888605242], [30.017726765, -1.90016951], [30.006233448, -1.900189687], [30.006213495, -1.888625296]]]}}, {"type": "Feature", "id": "training_2025_20250220_20250221_r003_c004_00035", "properties": {"patch_id": "training_2025_20250220_20250221_r003_c004_00035", "training_tag": "training_2025_20250220_20250221", "year": 2025, "split": "validation", "cluster_id": 8, "dominant_interpretation": "built_up", "weak_source_fraction": 0.980159, "anomaly_score": 0.563897, "review_priority": "embedding_supported", "review_reason": "embedding cluster has compatible weak-source interpretation", "area_m2": 1638400.0}, "geometry": {"type": "Polygon", "coordinates": [[[30.017706736, -1.888605242], [30.029199854, -1.888585112], [30.02921996, -1.900149256], [30.017726765, -1.90016951], [30.017706736, -1.888605242]]]}}, {"type": "Feature", "id": "training_2025_20250220_20250221_r003_c005_00036", "properties": {"patch_id": "training_2025_20250220_20250221_r003_c005_00036", "training_tag": "training_2025_20250220_20250221", "year": 2025, "split": "validation", "cluster_id": 1, "dominant_interpretation": "vegetation", "weak_source_fraction": 0.806591, "anomaly_score": 1.0, "review_priority": "high_anomaly", "review_reason": "high embedding anomaly", "area_m2": 1638400.0}, "geometry": {"type": "Polygon", "coordinates": [[[30.029199854, -1.888585112], [30.04069285, -1.888564906], [30.040713031, -1.900128926], [30.02921996, -1.900149256], [30.029199854, -1.888585112]]]}}, {"type": "Feature", "id": "training_2025_20250220_20250221_r003_c006_00037", "properties": {"patch_id": "training_2025_20250220_20250221_r003_c006_00037", "training_tag": "training_2025_20250220_20250221", "year": 2025, "split": "validation", "cluster_id": 2, "dominant_interpretation": "vegetation", "weak_source_fraction": 0.52439, "anomaly_score": 0.091491, "review_priority": "weak_support_review", "review_reason": "mixed or weak-source support", "area_m2": 1638400.0}, "geometry": {"type": "Polygon", "coordinates": [[[30.04069285, -1.888564906], [30.052185722, -1.888544623], [30.05220598, -1.900108519], [30.040713031, -1.900128926], [30.04069285, -1.888564906]]]}}, {"type": "Feature", "id": "training_2025_20250220_20250221_r003_c007_00038", "properties": {"patch_id": "training_2025_20250220_20250221_r003_c007_00038", "training_tag": "training_2025_20250220_20250221", "year": 2025, "split": "validation", "cluster_id": 3, "dominant_interpretation": "vegetation", "weak_source_fraction": 0.888723, "anomaly_score": 0.776352, "review_priority": "embedding_supported", "review_reason": "embedding cluster has compatible weak-source interpretation", "area_m2": 1638400.0}, "geometry": {"type": "Polygon", "coordinates": [[[30.052185722, -1.888544623], [30.06367847, -1.888524264], [30.063698804, -1.900088036], [30.05220598, -1.900108519], [30.052185722, -1.888544623]]]}}, {"type": "Feature", "id": "training_2025_20250220_20250221_r003_c008_00039", "properties": {"patch_id": "training_2025_20250220_20250221_r003_c008_00039", "training_tag": "training_2025_20250220_20250221", "year": 2025, "split": "validation", "cluster_id": 3, "dominant_interpretation": "vegetation", "weak_source_fraction": 0.820609, "anomaly_score": 0.512662, "review_priority": "embedding_supported", "review_reason": "embedding cluster has compatible weak-source interpretation", "area_m2": 1638400.0}, "geometry": {"type": "Polygon", "coordinates": [[[30.06367847, -1.888524264], [30.075171094, -1.888503829], [30.075191504, -1.900067476], [30.063698804, -1.900088036], [30.06367847, -1.888524264]]]}}, {"type": "Feature", "id": "training_2025_20250220_20250221_r003_c009_00040", "properties": {"patch_id": "training_2025_20250220_20250221_r003_c009_00040", "training_tag": "training_2025_20250220_20250221", "year": 2025, "split": "validation", "cluster_id": 3, "dominant_interpretation": "vegetation", "weak_source_fraction": 0.968607, "anomaly_score": 0.398585, "review_priority": "embedding_supported", "review_reason": "embedding cluster has compatible weak-source interpretation", "area_m2": 1638400.0}, "geometry": {"type": "Polygon", "coordinates": [[[30.075171094, -1.888503829], [30.086663593, -1.888483318], [30.086684079, -1.900046839], [30.075191504, -1.900067476], [30.075171094, -1.888503829]]]}}, {"type": "Feature", "id": "training_2025_20250220_20250221_r003_c010_00041", "properties": {"patch_id": "training_2025_20250220_20250221_r003_c010_00041", "training_tag": "training_2025_20250220_20250221", "year": 2025, "split": "validation", "cluster_id": 5, "dominant_interpretation": "vegetation", "weak_source_fraction": 1.0, "anomaly_score": 0.501841, "review_priority": "embedding_supported", "review_reason": "embedding cluster has compatible weak-source interpretation", "area_m2": 1638400.0}, "geometry": {"type": "Polygon", "coordinates": [[[30.086663593, -1.888483318], [30.098155967, -1.888462731], [30.098176529, -1.900026125], [30.086684079, -1.900046839], [30.086663593, -1.888483318]]]}}, {"type": "Feature", "id": "training_2025_20250220_20250221_r003_c011_00042", "properties": {"patch_id": "training_2025_20250220_20250221_r003_c011_00042", "training_tag": "training_2025_20250220_20250221", "year": 2025, "split": "validation", "cluster_id": 1, "dominant_interpretation": "vegetation", "weak_source_fraction": 0.975898, "anomaly_score": 0.360672, "review_priority": "embedding_supported", "review_reason": "embedding cluster has compatible weak-source interpretation", "area_m2": 1638400.0}, "geometry": {"type": "Polygon", "coordinates": [[[30.098155967, -1.888462731], [30.109648215, -1.888442067], [30.109668853, -1.900005335], [30.098176529, -1.900026125], [30.098155967, -1.888462731]]]}}, {"type": "Feature", "id": "training_2025_20250220_20250221_r003_c012_00043", "properties": {"patch_id": "training_2025_20250220_20250221_r003_c012_00043", "training_tag": "training_2025_20250220_20250221", "year": 2025, "split": "validation", "cluster_id": 1, "dominant_interpretation": "vegetation", "weak_source_fraction": 0.997862, "anomaly_score": 0.286954, "review_priority": "embedding_supported", "review_reason": "embedding cluster has compatible weak-source interpretation", "area_m2": 1638400.0}, "geometry": {"type": "Polygon", "coordinates": [[[30.109648215, -1.888442067], [30.121140337, -1.888421327], [30.121161051, -1.899984468], [30.109668853, -1.900005335], [30.109648215, -1.888442067]]]}}, {"type": "Feature", "id": "training_2025_20250220_20250221_r003_c013_00044", "properties": {"patch_id": "training_2025_20250220_20250221_r003_c013_00044", "training_tag": "training_2025_20250220_20250221", "year": 2025, "split": "validation", "cluster_id": 1, "dominant_interpretation": "vegetation", "weak_source_fraction": 0.999441, "anomaly_score": 0.242995, "review_priority": "embedding_supported", "review_reason": "embedding cluster has compatible weak-source interpretation", "area_m2": 1638400.0}, "geometry": {"type": "Polygon", "coordinates": [[[30.121140337, -1.888421327], [30.132632332, -1.888400511], [30.132653122, -1.899963524], [30.121161051, -1.899984468], [30.121140337, -1.888421327]]]}}, {"type": "Feature", "id": "training_2025_20250220_20250221_r003_c014_00045", "properties": {"patch_id": "training_2025_20250220_20250221_r003_c014_00045", "training_tag": "training_2025_20250220_20250221", "year": 2025, "split": "validation", "cluster_id": 6, "dominant_interpretation": "vegetation", "weak_source_fraction": 1.0, "anomaly_score": 1.0, "review_priority": "high_anomaly", "review_reason": "high embedding anomaly", "area_m2": 1638400.0}, "geometry": {"type": "Polygon", "coordinates": [[[30.132632332, -1.888400511], [30.1441242, -1.888379619], [30.144145066, -1.899942504], [30.132653122, -1.899963524], [30.132632332, -1.888400511]]]}}, {"type": "Feature", "id": "training_2025_20250220_20250221_r004_c000_00046", "properties": {"patch_id": "training_2025_20250220_20250221_r004_c000_00046", "training_tag": "training_2025_20250220_20250221", "year": 2025, "split": "validation", "cluster_id": 3, "dominant_interpretation": "vegetation", "weak_source_fraction": 0.537215, "anomaly_score": 0.838387, "review_priority": "weak_support_review", "review_reason": "mixed or weak-source support", "area_m2": 1638400.0}, "geometry": {"type": "Polygon", "coordinates": [[[29.971752767, -1.900249756], [29.983246449, -1.90022981], [29.983266371, -1.911794443], [29.971772613, -1.911814511], [29.971752767, -1.900249756]]]}}, {"type": "Feature", "id": "training_2025_20250220_20250221_r004_c001_00047", "properties": {"patch_id": "training_2025_20250220_20250221_r004_c001_00047", "training_tag": "training_2025_20250220_20250221", "year": 2025, "split": "validation", "cluster_id": 2, "dominant_interpretation": "vegetation", "weak_source_fraction": 0.518096, "anomaly_score": 0.325361, "review_priority": "weak_support_review", "review_reason": "mixed or weak-source support", "area_m2": 1638400.0}, "geometry": {"type": "Polygon", "coordinates": [[[29.983246449, -1.90022981], [29.994740009, -1.900209787], [29.994760009, -1.911774298], [29.983266371, -1.911794443], [29.983246449, -1.90022981]]]}}, {"type": "Feature", "id": "training_2025_20250220_20250221_r004_c002_00048", "properties": {"patch_id": "training_2025_20250220_20250221_r004_c002_00048", "training_tag": "training_2025_20250220_20250221", "year": 2025, "split": "validation", "cluster_id": 8, "dominant_interpretation": "built_up", "weak_source_fraction": 0.739619, "anomaly_score": 0.335938, "review_priority": "embedding_supported", "review_reason": "embedding cluster has compatible weak-source interpretation", "area_m2": 1638400.0}, "geometry": {"type": "Polygon", "coordinates": [[[29.994740009, -1.900209787], [30.006233448, -1.900189687], [30.006253524, -1.911754076], [29.994760009, -1.911774298], [29.994740009, -1.900209787]]]}}, {"type": "Feature", "id": "training_2025_20250220_20250221_r004_c003_00049", "properties": {"patch_id": "training_2025_20250220_20250221_r004_c003_00049", "training_tag": "training_2025_20250220_20250221", "year": 2025, "split": "validation", "cluster_id": 8, "dominant_interpretation": "built_up", "weak_source_fraction": 0.960394, "anomaly_score": 0.143572, "review_priority": "embedding_supported", "review_reason": "embedding cluster has compatible weak-source interpretation", "area_m2": 1638400.0}, "geometry": {"type": "Polygon", "coordinates": [[[30.006233448, -1.900189687], [30.017726765, -1.90016951], [30.017746918, -1.911733776], [30.006253524, -1.911754076], [30.006233448, -1.900189687]]]}}, {"type": "Feature", "id": "training_2025_20250220_20250221_r004_c004_00050", "properties": {"patch_id": "training_2025_20250220_20250221_r004_c004_00050", "training_tag": "training_2025_20250220_20250221", "year": 2025, "split": "validation", "cluster_id": 8, "dominant_interpretation": "built_up", "weak_source_fraction": 0.915593, "anomaly_score": 0.0, "review_priority": "embedding_supported", "review_reason": "embedding cluster has compatible weak-source interpretation", "area_m2": 1638400.0}, "geometry": {"type": "Polygon", "coordinates": [[[30.017726765, -1.90016951], [30.02921996, -1.900149256], [30.029240189, -1.911713399], [30.017746918, -1.911733776], [30.017726765, -1.90016951]]]}}, {"type": "Feature", "id": "training_2025_20250220_20250221_r004_c005_00051", "properties": {"patch_id": "training_2025_20250220_20250221_r004_c005_00051", "training_tag": "training_2025_20250220_20250221", "year": 2025, "split": "validation", "cluster_id": 2, "dominant_interpretation": "built_up", "weak_source_fraction": 0.601536, "anomaly_score": 0.82171, "review_priority": "weak_support_review", "review_reason": "mixed or weak-source support", "area_m2": 1638400.0}, "geometry": {"type": "Polygon", "coordinates": [[[30.02921996, -1.900149256], [30.040713031, -1.900128926], [30.040733337, -1.911692945], [30.029240189, -1.911713399], [30.02921996, -1.900149256]]]}}, {"type": "Feature", "id": "training_2025_20250220_20250221_r004_c006_00052", "properties": {"patch_id": "training_2025_20250220_20250221_r004_c006_00052", "training_tag": "training_2025_20250220_20250221", "year": 2025, "split": "validation", "cluster_id": 7, "dominant_interpretation": "vegetation", "weak_source_fraction": 1.0, "anomaly_score": 0.429839, "review_priority": "embedding_supported", "review_reason": "embedding cluster has compatible weak-source interpretation", "area_m2": 1638400.0}, "geometry": {"type": "Polygon", "coordinates": [[[30.040713031, -1.900128926], [30.05220598, -1.900108519], [30.052226361, -1.911672414], [30.040733337, -1.911692945], [30.040713031, -1.900128926]]]}}, {"type": "Feature", "id": "training_2025_20250220_20250221_r004_c007_00053", "properties": {"patch_id": "training_2025_20250220_20250221_r004_c007_00053", "training_tag": "training_2025_20250220_20250221", "year": 2025, "split": "validation", "cluster_id": 3, "dominant_interpretation": "vegetation", "weak_source_fraction": 0.545009, "anomaly_score": 0.687693, "review_priority": "weak_support_review", "review_reason": "mixed or weak-source support", "area_m2": 1638400.0}, "geometry": {"type": "Polygon", "coordinates": [[[30.05220598, -1.900108519], [30.063698804, -1.900088036], [30.063719262, -1.911651806], [30.052226361, -1.911672414], [30.05220598, -1.900108519]]]}}, {"type": "Feature", "id": "training_2025_20250220_20250221_r004_c008_00054", "properties": {"patch_id": "training_2025_20250220_20250221_r004_c008_00054", "training_tag": "training_2025_20250220_20250221", "year": 2025, "split": "validation", "cluster_id": 3, "dominant_interpretation": "vegetation", "weak_source_fraction": 0.61086, "anomaly_score": 0.163935, "review_priority": "weak_support_review", "review_reason": "mixed or weak-source support", "area_m2": 1638400.0}, "geometry": {"type": "Polygon", "coordinates": [[[30.063698804, -1.900088036], [30.075191504, -1.900067476], [30.075212038, -1.91163112], [30.063719262, -1.911651806], [30.063698804, -1.900088036]]]}}, {"type": "Feature", "id": "training_2025_20250220_20250221_r004_c009_00055", "properties": {"patch_id": "training_2025_20250220_20250221_r004_c009_00055", "training_tag": "training_2025_20250220_20250221", "year": 2025, "split": "validation", "cluster_id": 5, "dominant_interpretation": "vegetation", "weak_source_fraction": 0.980938, "anomaly_score": 0.169449, "review_priority": "embedding_supported", "review_reason": "embedding cluster has compatible weak-source interpretation", "area_m2": 1638400.0}, "geometry": {"type": "Polygon", "coordinates": [[[30.075191504, -1.900067476], [30.086684079, -1.900046839], [30.08670469, -1.911610358], [30.075212038, -1.91163112], [30.075191504, -1.900067476]]]}}, {"type": "Feature", "id": "training_2025_20250220_20250221_r004_c010_00056", "properties": {"patch_id": "training_2025_20250220_20250221_r004_c010_00056", "training_tag": "training_2025_20250220_20250221", "year": 2025, "split": "validation", "cluster_id": 3, "dominant_interpretation": "vegetation", "weak_source_fraction": 0.881593, "anomaly_score": 0.335746, "review_priority": "embedding_supported", "review_reason": "embedding cluster has compatible weak-source interpretation", "area_m2": 1638400.0}, "geometry": {"type": "Polygon", "coordinates": [[[30.086684079, -1.900046839], [30.098176529, -1.900026125], [30.098197216, -1.911589518], [30.08670469, -1.911610358], [30.086684079, -1.900046839]]]}}, {"type": "Feature", "id": "training_2025_20250220_20250221_r004_c011_00057", "properties": {"patch_id": "training_2025_20250220_20250221_r004_c011_00057", "training_tag": "training_2025_20250220_20250221", "year": 2025, "split": "validation", "cluster_id": 1, "dominant_interpretation": "vegetation", "weak_source_fraction": 0.998486, "anomaly_score": 0.14807, "review_priority": "embedding_supported", "review_reason": "embedding cluster has compatible weak-source interpretation", "area_m2": 1638400.0}, "geometry": {"type": "Polygon", "coordinates": [[[30.098176529, -1.900026125], [30.109668853, -1.900005335], [30.109689616, -1.911568601], [30.098197216, -1.911589518], [30.098176529, -1.900026125]]]}}, {"type": "Feature", "id": "training_2025_20250220_20250221_r004_c012_00058", "properties": {"patch_id": "training_2025_20250220_20250221_r004_c012_00058", "training_tag": "training_2025_20250220_20250221", "year": 2025, "split": "validation", "cluster_id": 5, "dominant_interpretation": "vegetation", "weak_source_fraction": 1.0, "anomaly_score": 0.226386, "review_priority": "embedding_supported", "review_reason": "embedding cluster has compatible weak-source interpretation", "area_m2": 1638400.0}, "geometry": {"type": "Polygon", "coordinates": [[[30.109668853, -1.900005335], [30.121161051, -1.899984468], [30.121181891, -1.911547607], [30.109689616, -1.911568601], [30.109668853, -1.900005335]]]}}, {"type": "Feature", "id": "training_2025_20250220_20250221_r004_c013_00059", "properties": {"patch_id": "training_2025_20250220_20250221_r004_c013_00059", "training_tag": "training_2025_20250220_20250221", "year": 2025, "split": "validation", "cluster_id": 5, "dominant_interpretation": "vegetation", "weak_source_fraction": 1.0, "anomaly_score": 0.1258, "review_priority": "embedding_supported", "review_reason": "embedding cluster has compatible weak-source interpretation", "area_m2": 1638400.0}, "geometry": {"type": "Polygon", "coordinates": [[[30.121161051, -1.899984468], [30.132653122, -1.899963524], [30.132674038, -1.911526536], [30.121181891, -1.911547607], [30.121161051, -1.899984468]]]}}, {"type": "Feature", "id": "training_2025_20250220_20250221_r004_c014_00060", "properties": {"patch_id": "training_2025_20250220_20250221_r004_c014_00060", "training_tag": "training_2025_20250220_20250221", "year": 2025, "split": "validation", "cluster_id": 1, "dominant_interpretation": "vegetation", "weak_source_fraction": 0.878728, "anomaly_score": 0.284344, "review_priority": "embedding_supported", "review_reason": "embedding cluster has compatible weak-source interpretation", "area_m2": 1638400.0}, "geometry": {"type": "Polygon", "coordinates": [[[30.132653122, -1.899963524], [30.144145066, -1.899942504], [30.144166059, -1.911505388], [30.132674038, -1.911526536], [30.132653122, -1.899963524]]]}}, {"type": "Feature", "id": "training_2025_20250220_20250221_r005_c000_00061", "properties": {"patch_id": "training_2025_20250220_20250221_r005_c000_00061", "training_tag": "training_2025_20250220_20250221", "year": 2025, "split": "validation", "cluster_id": 2, "dominant_interpretation": "built_up", "weak_source_fraction": 0.827149, "anomaly_score": 1.0, "review_priority": "high_anomaly", "review_reason": "high embedding anomaly", "area_m2": 1638400.0}, "geometry": {"type": "Polygon", "coordinates": [[[29.971772613, -1.911814511], [29.983266371, -1.911794443], [29.983286415, -1.923359075], [29.97179258, -1.923379264], [29.971772613, -1.911814511]]]}}, {"type": "Feature", "id": "training_2025_20250220_20250221_r005_c001_00062", "properties": {"patch_id": "training_2025_20250220_20250221_r005_c001_00062", "training_tag": "training_2025_20250220_20250221", "year": 2025, "split": "validation", "cluster_id": 2, "dominant_interpretation": "built_up", "weak_source_fraction": 0.562196, "anomaly_score": 0.762877, "review_priority": "weak_support_review", "review_reason": "mixed or weak-source support", "area_m2": 1638400.0}, "geometry": {"type": "Polygon", "coordinates": [[[29.983266371, -1.911794443], [29.994760009, -1.911774298], [29.994780129, -1.923338808], [29.983286415, -1.923359075], [29.983266371, -1.911794443]]]}}, {"type": "Feature", "id": "training_2025_20250220_20250221_r005_c002_00063", "properties": {"patch_id": "training_2025_20250220_20250221_r005_c002_00063", "training_tag": "training_2025_20250220_20250221", "year": 2025, "split": "validation", "cluster_id": 4, "dominant_interpretation": "built_up", "weak_source_fraction": 0.694132, "anomaly_score": 0.043386, "review_priority": "embedding_supported", "review_reason": "embedding cluster has compatible weak-source interpretation", "area_m2": 1638400.0}, "geometry": {"type": "Polygon", "coordinates": [[[29.994760009, -1.911774298], [30.006253524, -1.911754076], [30.006273722, -1.923318463], [29.994780129, -1.923338808], [29.994760009, -1.911774298]]]}}, {"type": "Feature", "id": "training_2025_20250220_20250221_r005_c003_00064", "properties": {"patch_id": "training_2025_20250220_20250221_r005_c003_00064", "training_tag": "training_2025_20250220_20250221", "year": 2025, "split": "validation", "cluster_id": 8, "dominant_interpretation": "built_up", "weak_source_fraction": 0.829237, "anomaly_score": 0.239879, "review_priority": "embedding_supported", "review_reason": "embedding cluster has compatible weak-source interpretation", "area_m2": 1638400.0}, "geometry": {"type": "Polygon", "coordinates": [[[30.006253524, -1.911754076], [30.017746918, -1.911733776], [30.017767192, -1.92329804], [30.006273722, -1.923318463], [30.006253524, -1.911754076]]]}}, {"type": "Feature", "id": "training_2025_20250220_20250221_r005_c004_00065", "properties": {"patch_id": "training_2025_20250220_20250221_r005_c004_00065", "training_tag": "training_2025_20250220_20250221", "year": 2025, "split": "validation", "cluster_id": 4, "dominant_interpretation": "built_up", "weak_source_fraction": 0.762107, "anomaly_score": 0.4087, "review_priority": "embedding_supported", "review_reason": "embedding cluster has compatible weak-source interpretation", "area_m2": 1638400.0}, "geometry": {"type": "Polygon", "coordinates": [[[30.017746918, -1.911733776], [30.029240189, -1.911713399], [30.02926054, -1.92327754], [30.017767192, -1.92329804], [30.017746918, -1.911733776]]]}}, {"type": "Feature", "id": "training_2025_20250220_20250221_r005_c005_00066", "properties": {"patch_id": "training_2025_20250220_20250221_r005_c005_00066", "training_tag": "training_2025_20250220_20250221", "year": 2025, "split": "validation", "cluster_id": 1, "dominant_interpretation": "vegetation", "weak_source_fraction": 1.0, "anomaly_score": 0.333908, "review_priority": "embedding_supported", "review_reason": "embedding cluster has compatible weak-source interpretation", "area_m2": 1638400.0}, "geometry": {"type": "Polygon", "coordinates": [[[30.029240189, -1.911713399], [30.040733337, -1.911692945], [30.040753765, -1.923256962], [30.02926054, -1.92327754], [30.029240189, -1.911713399]]]}}, {"type": "Feature", "id": "training_2025_20250220_20250221_r005_c006_00067", "properties": {"patch_id": "training_2025_20250220_20250221_r005_c006_00067", "training_tag": "training_2025_20250220_20250221", "year": 2025, "split": "validation", "cluster_id": 3, "dominant_interpretation": "vegetation", "weak_source_fraction": 0.844808, "anomaly_score": 0.363939, "review_priority": "embedding_supported", "review_reason": "embedding cluster has compatible weak-source interpretation", "area_m2": 1638400.0}, "geometry": {"type": "Polygon", "coordinates": [[[30.040733337, -1.911692945], [30.052226361, -1.911672414], [30.052246867, -1.923236307], [30.040753765, -1.923256962], [30.040733337, -1.911692945]]]}}, {"type": "Feature", "id": "training_2025_20250220_20250221_r005_c007_00068", "properties": {"patch_id": "training_2025_20250220_20250221_r005_c007_00068", "training_tag": "training_2025_20250220_20250221", "year": 2025, "split": "validation", "cluster_id": 7, "dominant_interpretation": "vegetation", "weak_source_fraction": 0.916557, "anomaly_score": 0.37246, "review_priority": "embedding_supported", "review_reason": "embedding cluster has compatible weak-source interpretation", "area_m2": 1638400.0}, "geometry": {"type": "Polygon", "coordinates": [[[30.052226361, -1.911672414], [30.063719262, -1.911651806], [30.063739844, -1.923215574], [30.052246867, -1.923236307], [30.052226361, -1.911672414]]]}}, {"type": "Feature", "id": "training_2025_20250220_20250221_r005_c008_00069", "properties": {"patch_id": "training_2025_20250220_20250221_r005_c008_00069", "training_tag": "training_2025_20250220_20250221", "year": 2025, "split": "validation", "cluster_id": 7, "dominant_interpretation": "vegetation", "weak_source_fraction": 0.998414, "anomaly_score": 0.098614, "review_priority": "embedding_supported", "review_reason": "embedding cluster has compatible weak-source interpretation", "area_m2": 1638400.0}, "geometry": {"type": "Polygon", "coordinates": [[[30.063719262, -1.911651806], [30.075212038, -1.91163112], [30.075232698, -1.923194763], [30.063739844, -1.923215574], [30.063719262, -1.911651806]]]}}, {"type": "Feature", "id": "training_2025_20250220_20250221_r005_c009_00070", "properties": {"patch_id": "training_2025_20250220_20250221_r005_c009_00070", "training_tag": "training_2025_20250220_20250221", "year": 2025, "split": "validation", "cluster_id": 7, "dominant_interpretation": "vegetation", "weak_source_fraction": 0.995425, "anomaly_score": 0.038526, "review_priority": "embedding_supported", "review_reason": "embedding cluster has compatible weak-source interpretation", "area_m2": 1638400.0}, "geometry": {"type": "Polygon", "coordinates": [[[30.075212038, -1.91163112], [30.08670469, -1.911610358], [30.086725426, -1.923173875], [30.075232698, -1.923194763], [30.075212038, -1.91163112]]]}}, {"type": "Feature", "id": "training_2025_20250220_20250221_r005_c010_00071", "properties": {"patch_id": "training_2025_20250220_20250221_r005_c010_00071", "training_tag": "training_2025_20250220_20250221", "year": 2025, "split": "validation", "cluster_id": 5, "dominant_interpretation": "vegetation", "weak_source_fraction": 0.993524, "anomaly_score": 0.718345, "review_priority": "embedding_supported", "review_reason": "embedding cluster has compatible weak-source interpretation", "area_m2": 1638400.0}, "geometry": {"type": "Polygon", "coordinates": [[[30.08670469, -1.911610358], [30.098197216, -1.911589518], [30.098218029, -1.923152909], [30.086725426, -1.923173875], [30.08670469, -1.911610358]]]}}, {"type": "Feature", "id": "training_2025_20250220_20250221_r005_c011_00072", "properties": {"patch_id": "training_2025_20250220_20250221_r005_c011_00072", "training_tag": "training_2025_20250220_20250221", "year": 2025, "split": "validation", "cluster_id": 5, "dominant_interpretation": "vegetation", "weak_source_fraction": 1.0, "anomaly_score": 0.204015, "review_priority": "embedding_supported", "review_reason": "embedding cluster has compatible weak-source interpretation", "area_m2": 1638400.0}, "geometry": {"type": "Polygon", "coordinates": [[[30.098197216, -1.911589518], [30.109689616, -1.911568601], [30.109710507, -1.923131866], [30.098218029, -1.923152909], [30.098197216, -1.911589518]]]}}, {"type": "Feature", "id": "training_2025_20250220_20250221_r005_c012_00073", "properties": {"patch_id": "training_2025_20250220_20250221_r005_c012_00073", "training_tag": "training_2025_20250220_20250221", "year": 2025, "split": "validation", "cluster_id": 3, "dominant_interpretation": "vegetation", "weak_source_fraction": 0.999523, "anomaly_score": 0.348086, "review_priority": "embedding_supported", "review_reason": "embedding cluster has compatible weak-source interpretation", "area_m2": 1638400.0}, "geometry": {"type": "Polygon", "coordinates": [[[30.109689616, -1.911568601], [30.121181891, -1.911547607], [30.121202858, -1.923110744], [30.109710507, -1.923131866], [30.109689616, -1.911568601]]]}}, {"type": "Feature", "id": "training_2025_20250220_20250221_r005_c013_00074", "properties": {"patch_id": "training_2025_20250220_20250221_r005_c013_00074", "training_tag": "training_2025_20250220_20250221", "year": 2025, "split": "validation", "cluster_id": 5, "dominant_interpretation": "vegetation", "weak_source_fraction": 0.925773, "anomaly_score": 0.365709, "review_priority": "embedding_supported", "review_reason": "embedding cluster has compatible weak-source interpretation", "area_m2": 1638400.0}, "geometry": {"type": "Polygon", "coordinates": [[[30.121181891, -1.911547607], [30.132674038, -1.911526536], [30.132695082, -1.923089546], [30.121202858, -1.923110744], [30.121181891, -1.911547607]]]}}, {"type": "Feature", "id": "training_2025_20250220_20250221_r005_c014_00075", "properties": {"patch_id": "training_2025_20250220_20250221_r005_c014_00075", "training_tag": "training_2025_20250220_20250221", "year": 2025, "split": "validation", "cluster_id": 1, "dominant_interpretation": "vegetation", "weak_source_fraction": 0.854466, "anomaly_score": 0.21105, "review_priority": "embedding_supported", "review_reason": "embedding cluster has compatible weak-source interpretation", "area_m2": 1638400.0}, "geometry": {"type": "Polygon", "coordinates": [[[30.132674038, -1.911526536], [30.144166059, -1.911505388], [30.14418718, -1.923068269], [30.132695082, -1.923089546], [30.132674038, -1.911526536]]]}}, {"type": "Feature", "id": "training_2025_20250220_20250221_r006_c000_00076", "properties": {"patch_id": "training_2025_20250220_20250221_r006_c000_00076", "training_tag": "training_2025_20250220_20250221", "year": 2025, "split": "validation", "cluster_id": 8, "dominant_interpretation": "built_up", "weak_source_fraction": 0.94611, "anomaly_score": 0.015475, "review_priority": "embedding_supported", "review_reason": "embedding cluster has compatible weak-source interpretation", "area_m2": 1638400.0}, "geometry": {"type": "Polygon", "coordinates": [[[29.97179258, -1.923379264], [29.983286415, -1.923359075], [29.98330658, -1.934923705], [29.971812668, -1.934944016], [29.97179258, -1.923379264]]]}}, {"type": "Feature", "id": "training_2025_20250220_20250221_r006_c001_00077", "properties": {"patch_id": "training_2025_20250220_20250221_r006_c001_00077", "training_tag": "training_2025_20250220_20250221", "year": 2025, "split": "validation", "cluster_id": 2, "dominant_interpretation": "built_up", "weak_source_fraction": 0.818321, "anomaly_score": 1.0, "review_priority": "high_anomaly", "review_reason": "high embedding anomaly", "area_m2": 1638400.0}, "geometry": {"type": "Polygon", "coordinates": [[[29.983286415, -1.923359075], [29.994780129, -1.923338808], [29.994800372, -1.934903315], [29.98330658, -1.934923705], [29.983286415, -1.923359075]]]}}, {"type": "Feature", "id": "training_2025_20250220_20250221_r006_c002_00078", "properties": {"patch_id": "training_2025_20250220_20250221_r006_c002_00078", "training_tag": "training_2025_20250220_20250221", "year": 2025, "split": "validation", "cluster_id": 4, "dominant_interpretation": "built_up", "weak_source_fraction": 0.870073, "anomaly_score": 0.547801, "review_priority": "embedding_supported", "review_reason": "embedding cluster has compatible weak-source interpretation", "area_m2": 1638400.0}, "geometry": {"type": "Polygon", "coordinates": [[[29.994780129, -1.923338808], [30.006273722, -1.923318463], [30.006294042, -1.934882848], [29.994800372, -1.934903315], [29.994780129, -1.923338808]]]}}, {"type": "Feature", "id": "training_2025_20250220_20250221_r006_c003_00079", "properties": {"patch_id": "training_2025_20250220_20250221_r006_c003_00079", "training_tag": "training_2025_20250220_20250221", "year": 2025, "split": "validation", "cluster_id": 2, "dominant_interpretation": "vegetation", "weak_source_fraction": 0.506482, "anomaly_score": 0.556472, "review_priority": "weak_support_review", "review_reason": "mixed or weak-source support", "area_m2": 1638400.0}, "geometry": {"type": "Polygon", "coordinates": [[[30.006273722, -1.923318463], [30.017767192, -1.92329804], [30.017787589, -1.934862303], [30.006294042, -1.934882848], [30.006273722, -1.923318463]]]}}, {"type": "Feature", "id": "training_2025_20250730_20250727_r000_c000_00000", "properties": {"patch_id": "training_2025_20250730_20250727_r000_c000_00000", "training_tag": "training_2025_20250730_20250727", "year": 2025, "split": "validation", "cluster_id": 2, "dominant_interpretation": "vegetation", "weak_source_fraction": 0.593518, "anomaly_score": 0.657972, "review_priority": "weak_support_review", "review_reason": "mixed or weak-source support", "area_m2": 1638400.0}, "geometry": {"type": "Polygon", "coordinates": [[[29.971674588, -1.85399072], [29.983167969, -1.853971259], [29.983187407, -1.865535899], [29.971693952, -1.865555482], [29.971674588, -1.85399072]]]}}, {"type": "Feature", "id": "training_2025_20250730_20250727_r000_c001_00001", "properties": {"patch_id": "training_2025_20250730_20250727_r000_c001_00001", "training_tag": "training_2025_20250730_20250727", "year": 2025, "split": "validation", "cluster_id": 8, "dominant_interpretation": "built_up", "weak_source_fraction": 0.81058, "anomaly_score": 0.129838, "review_priority": "embedding_supported", "review_reason": "embedding cluster has compatible weak-source interpretation", "area_m2": 1638400.0}, "geometry": {"type": "Polygon", "coordinates": [[[29.983167969, -1.853971259], [29.994661228, -1.853951724], [29.994680741, -1.865516242], [29.983187407, -1.865535899], [29.983167969, -1.853971259]]]}}, {"type": "Feature", "id": "training_2025_20250730_20250727_r000_c002_00002", "properties": {"patch_id": "training_2025_20250730_20250727_r000_c002_00002", "training_tag": "training_2025_20250730_20250727", "year": 2025, "split": "validation", "cluster_id": 8, "dominant_interpretation": "built_up", "weak_source_fraction": 0.968646, "anomaly_score": 0.48288, "review_priority": "embedding_supported", "review_reason": "embedding cluster has compatible weak-source interpretation", "area_m2": 1638400.0}, "geometry": {"type": "Polygon", "coordinates": [[[29.994661228, -1.853951724], [30.006154366, -1.853932113], [30.006173953, -1.865496509], [29.994680741, -1.865516242], [29.994661228, -1.853951724]]]}}, {"type": "Feature", "id": "training_2025_20250730_20250727_r000_c003_00003", "properties": {"patch_id": "training_2025_20250730_20250727_r000_c003_00003", "training_tag": "training_2025_20250730_20250727", "year": 2025, "split": "validation", "cluster_id": 8, "dominant_interpretation": "built_up", "weak_source_fraction": 0.928253, "anomaly_score": 0.298087, "review_priority": "embedding_supported", "review_reason": "embedding cluster has compatible weak-source interpretation", "area_m2": 1638400.0}, "geometry": {"type": "Polygon", "coordinates": [[[30.006154366, -1.853932113], [30.017647381, -1.853912428], [30.017667044, -1.865476701], [30.006173953, -1.865496509], [30.006154366, -1.853932113]]]}}, {"type": "Feature", "id": "training_2025_20250730_20250727_r000_c005_00004", "properties": {"patch_id": "training_2025_20250730_20250727_r000_c005_00004", "training_tag": "training_2025_20250730_20250727", "year": 2025, "split": "validation", "cluster_id": 7, "dominant_interpretation": "vegetation", "weak_source_fraction": 1.0, "anomaly_score": 0.494817, "review_priority": "embedding_supported", "review_reason": "embedding cluster has compatible weak-source interpretation", "area_m2": 1638400.0}, "geometry": {"type": "Polygon", "coordinates": [[[30.029140275, -1.853892668], [30.040633045, -1.853872833], [30.040652857, -1.865436859], [30.029160012, -1.865456818], [30.029140275, -1.853892668]]]}}, {"type": "Feature", "id": "training_2025_20250730_20250727_r000_c006_00005", "properties": {"patch_id": "training_2025_20250730_20250727_r000_c006_00005", "training_tag": "training_2025_20250730_20250727", "year": 2025, "split": "validation", "cluster_id": 1, "dominant_interpretation": "vegetation", "weak_source_fraction": 1.0, "anomaly_score": 0.360052, "review_priority": "embedding_supported", "review_reason": "embedding cluster has compatible weak-source interpretation", "area_m2": 1638400.0}, "geometry": {"type": "Polygon", "coordinates": [[[30.040633045, -1.853872833], [30.052125692, -1.853852923], [30.052145578, -1.865416825], [30.040652857, -1.865436859], [30.040633045, -1.853872833]]]}}, {"type": "Feature", "id": "training_2025_20250730_20250727_r000_c007_00006", "properties": {"patch_id": "training_2025_20250730_20250727_r000_c007_00006", "training_tag": "training_2025_20250730_20250727", "year": 2025, "split": "validation", "cluster_id": 2, "dominant_interpretation": "vegetation", "weak_source_fraction": 0.67319, "anomaly_score": 0.455756, "review_priority": "embedding_supported", "review_reason": "embedding cluster has compatible weak-source interpretation", "area_m2": 1638400.0}, "geometry": {"type": "Polygon", "coordinates": [[[30.052125692, -1.853852923], [30.063618215, -1.853832939], [30.063638176, -1.865396716], [30.052145578, -1.865416825], [30.052125692, -1.853852923]]]}}, {"type": "Feature", "id": "training_2025_20250730_20250727_r000_c008_00007", "properties": {"patch_id": "training_2025_20250730_20250727_r000_c008_00007", "training_tag": "training_2025_20250730_20250727", "year": 2025, "split": "validation", "cluster_id": 1, "dominant_interpretation": "vegetation", "weak_source_fraction": 1.0, "anomaly_score": 0.400822, "review_priority": "embedding_supported", "review_reason": "embedding cluster has compatible weak-source interpretation", "area_m2": 1638400.0}, "geometry": {"type": "Polygon", "coordinates": [[[30.063618215, -1.853832939], [30.075110614, -1.853812879], [30.075130649, -1.865376531], [30.063638176, -1.865396716], [30.063618215, -1.853832939]]]}}, {"type": "Feature", "id": "training_2025_20250730_20250727_r000_c010_00008", "properties": {"patch_id": "training_2025_20250730_20250727_r000_c010_00008", "training_tag": "training_2025_20250730_20250727", "year": 2025, "split": "validation", "cluster_id": 1, "dominant_interpretation": "vegetation", "weak_source_fraction": 1.0, "anomaly_score": 0.223843, "review_priority": "embedding_supported", "review_reason": "embedding cluster has compatible weak-source interpretation", "area_m2": 1638400.0}, "geometry": {"type": "Polygon", "coordinates": [[[30.086602888, -1.853792745], [30.098095037, -1.853772536], [30.098115221, -1.865335936], [30.086622998, -1.865356271], [30.086602888, -1.853792745]]]}}, {"type": "Feature", "id": "training_2025_20250730_20250727_r000_c014_00009", "properties": {"patch_id": "training_2025_20250730_20250727_r000_c014_00009", "training_tag": "training_2025_20250730_20250727", "year": 2025, "split": "validation", "cluster_id": 4, "dominant_interpretation": "built_up", "weak_source_fraction": 0.939968, "anomaly_score": 0.494978, "review_priority": "embedding_supported", "review_reason": "embedding cluster has compatible weak-source interpretation", "area_m2": 1638400.0}, "geometry": {"type": "Polygon", "coordinates": [[[30.132570726, -1.85371146], [30.144062369, -1.853690952], [30.144082852, -1.865253843], [30.132591135, -1.865274479], [30.132570726, -1.85371146]]]}}, {"type": "Feature", "id": "training_2025_20250730_20250727_r001_c001_00010", "properties": {"patch_id": "training_2025_20250730_20250727_r001_c001_00010", "training_tag": "training_2025_20250730_20250727", "year": 2025, "split": "validation", "cluster_id": 8, "dominant_interpretation": "built_up", "weak_source_fraction": 0.970827, "anomaly_score": 0.310969, "review_priority": "embedding_supported", "review_reason": "embedding cluster has compatible weak-source interpretation", "area_m2": 1638400.0}, "geometry": {"type": "Polygon", "coordinates": [[[29.983187407, -1.865535899], [29.994680741, -1.865516242], [29.994700375, -1.877080759], [29.983206966, -1.877100538], [29.983187407, -1.865535899]]]}}, {"type": "Feature", "id": "training_2025_20250730_20250727_r001_c002_00011", "properties": {"patch_id": "training_2025_20250730_20250727_r001_c002_00011", "training_tag": "training_2025_20250730_20250727", "year": 2025, "split": "validation", "cluster_id": 8, "dominant_interpretation": "built_up", "weak_source_fraction": 0.965997, "anomaly_score": 0.1343, "review_priority": "embedding_supported", "review_reason": "embedding cluster has compatible weak-source interpretation", "area_m2": 1638400.0}, "geometry": {"type": "Polygon", "coordinates": [[[29.994680741, -1.865516242], [30.006173953, -1.865496509], [30.006193663, -1.877060903], [29.994700375, -1.877080759], [29.994680741, -1.865516242]]]}}, {"type": "Feature", "id": "training_2025_20250730_20250727_r001_c006_00012", "properties": {"patch_id": "training_2025_20250730_20250727_r001_c006_00012", "training_tag": "training_2025_20250730_20250727", "year": 2025, "split": "validation", "cluster_id": 1, "dominant_interpretation": "vegetation", "weak_source_fraction": 0.909596, "anomaly_score": 0.496876, "review_priority": "embedding_supported", "review_reason": "embedding cluster has compatible weak-source interpretation", "area_m2": 1638400.0}, "geometry": {"type": "Polygon", "coordinates": [[[30.040652857, -1.865436859], [30.052145578, -1.865416825], [30.052165588, -1.876980725], [30.040672791, -1.877000883], [30.040652857, -1.865436859]]]}}, {"type": "Feature", "id": "training_2025_20250730_20250727_r001_c008_00013", "properties": {"patch_id": "training_2025_20250730_20250727_r001_c008_00013", "training_tag": "training_2025_20250730_20250727", "year": 2025, "split": "validation", "cluster_id": 2, "dominant_interpretation": "built_up", "weak_source_fraction": 0.53735, "anomaly_score": 0.154676, "review_priority": "weak_support_review", "review_reason": "mixed or weak-source support", "area_m2": 1638400.0}, "geometry": {"type": "Polygon", "coordinates": [[[30.063638176, -1.865396716], [30.075130649, -1.865376531], [30.075150809, -1.876940181], [30.063658261, -1.876960491], [30.063638176, -1.865396716]]]}}, {"type": "Feature", "id": "training_2025_20250730_20250727_r001_c009_00014", "properties": {"patch_id": "training_2025_20250730_20250727_r001_c009_00014", "training_tag": "training_2025_20250730_20250727", "year": 2025, "split": "validation", "cluster_id": 1, "dominant_interpretation": "vegetation", "weak_source_fraction": 0.998376, "anomaly_score": 0.106124, "review_priority": "embedding_supported", "review_reason": "embedding cluster has compatible weak-source interpretation", "area_m2": 1638400.0}, "geometry": {"type": "Polygon", "coordinates": [[[30.075130649, -1.865376531], [30.086622998, -1.865356271], [30.086643233, -1.876919795], [30.075150809, -1.876940181], [30.075130649, -1.865376531]]]}}, {"type": "Feature", "id": "training_2025_20250730_20250727_r001_c010_00015", "properties": {"patch_id": "training_2025_20250730_20250727_r001_c010_00015", "training_tag": "training_2025_20250730_20250727", "year": 2025, "split": "validation", "cluster_id": 1, "dominant_interpretation": "vegetation", "weak_source_fraction": 0.999817, "anomaly_score": 0.263541, "review_priority": "embedding_supported", "review_reason": "embedding cluster has compatible weak-source interpretation", "area_m2": 1638400.0}, "geometry": {"type": "Polygon", "coordinates": [[[30.086622998, -1.865356271], [30.098115221, -1.865335936], [30.098135531, -1.876899334], [30.086643233, -1.876919795], [30.086622998, -1.865356271]]]}}, {"type": "Feature", "id": "training_2025_20250730_20250727_r001_c011_00016", "properties": {"patch_id": "training_2025_20250730_20250727_r001_c011_00016", "training_tag": "training_2025_20250730_20250727", "year": 2025, "split": "validation", "cluster_id": 1, "dominant_interpretation": "vegetation", "weak_source_fraction": 0.94507, "anomaly_score": 0.127634, "review_priority": "embedding_supported", "review_reason": "embedding cluster has compatible weak-source interpretation", "area_m2": 1638400.0}, "geometry": {"type": "Polygon", "coordinates": [[[30.098115221, -1.865335936], [30.109607319, -1.865315526], [30.109627704, -1.876878797], [30.098135531, -1.876899334], [30.098115221, -1.865335936]]]}}, {"type": "Feature", "id": "training_2025_20250730_20250727_r001_c013_00017", "properties": {"patch_id": "training_2025_20250730_20250727_r001_c013_00017", "training_tag": "training_2025_20250730_20250727", "year": 2025, "split": "validation", "cluster_id": 1, "dominant_interpretation": "vegetation", "weak_source_fraction": 1.0, "anomaly_score": 0.691642, "review_priority": "embedding_supported", "review_reason": "embedding cluster has compatible weak-source interpretation", "area_m2": 1638400.0}, "geometry": {"type": "Polygon", "coordinates": [[[30.12109929, -1.86529504], [30.132591135, -1.865274479], [30.13261167, -1.876837496], [30.12111975, -1.876858184], [30.12109929, -1.86529504]]]}}, {"type": "Feature", "id": "training_2025_20250730_20250727_r001_c014_00018", "properties": {"patch_id": "training_2025_20250730_20250727_r001_c014_00018", "training_tag": "training_2025_20250730_20250727", "year": 2025, "split": "validation", "cluster_id": 2, "dominant_interpretation": "built_up", "weak_source_fraction": 0.768632, "anomaly_score": 0.518389, "review_priority": "embedding_supported", "review_reason": "embedding cluster has compatible weak-source interpretation", "area_m2": 1638400.0}, "geometry": {"type": "Polygon", "coordinates": [[[30.132591135, -1.865274479], [30.144082852, -1.865253843], [30.144103462, -1.876816732], [30.13261167, -1.876837496], [30.132591135, -1.865274479]]]}}, {"type": "Feature", "id": "training_2025_20250730_20250727_r002_c001_00019", "properties": {"patch_id": "training_2025_20250730_20250727_r002_c001_00019", "training_tag": "training_2025_20250730_20250727", "year": 2025, "split": "validation", "cluster_id": 1, "dominant_interpretation": "built_up", "weak_source_fraction": 0.60419, "anomaly_score": 0.487402, "review_priority": "weak_support_review", "review_reason": "mixed or weak-source support", "area_m2": 1638400.0}, "geometry": {"type": "Polygon", "coordinates": [[[29.983206966, -1.877100538], [29.994700375, -1.877080759], [29.994720132, -1.888645273], [29.983226647, -1.888665175], [29.983206966, -1.877100538]]]}}, {"type": "Feature", "id": "training_2025_20250730_20250727_r002_c003_00020", "properties": {"patch_id": "training_2025_20250730_20250727_r002_c003_00020", "training_tag": "training_2025_20250730_20250727", "year": 2025, "split": "validation", "cluster_id": 8, "dominant_interpretation": "built_up", "weak_source_fraction": 0.948057, "anomaly_score": 0.279812, "review_priority": "embedding_supported", "review_reason": "embedding cluster has compatible weak-source interpretation", "area_m2": 1638400.0}, "geometry": {"type": "Polygon", "coordinates": [[[30.006193663, -1.877060903], [30.017686828, -1.877040972], [30.017706736, -1.888605242], [30.006213495, -1.888625296], [30.006193663, -1.877060903]]]}}, {"type": "Feature", "id": "training_2025_20250730_20250727_r002_c004_00021", "properties": {"patch_id": "training_2025_20250730_20250727_r002_c004_00021", "training_tag": "training_2025_20250730_20250727", "year": 2025, "split": "validation", "cluster_id": 8, "dominant_interpretation": "built_up", "weak_source_fraction": 0.916452, "anomaly_score": 0.582153, "review_priority": "embedding_supported", "review_reason": "embedding cluster has compatible weak-source interpretation", "area_m2": 1638400.0}, "geometry": {"type": "Polygon", "coordinates": [[[30.017686828, -1.877040972], [30.029179871, -1.877020966], [30.029199854, -1.888585112], [30.017706736, -1.888605242], [30.017686828, -1.877040972]]]}}, {"type": "Feature", "id": "training_2025_20250730_20250727_r002_c005_00022", "properties": {"patch_id": "training_2025_20250730_20250727_r002_c005_00022", "training_tag": "training_2025_20250730_20250727", "year": 2025, "split": "validation", "cluster_id": 1, "dominant_interpretation": "vegetation", "weak_source_fraction": 0.690461, "anomaly_score": 0.451687, "review_priority": "embedding_supported", "review_reason": "embedding cluster has compatible weak-source interpretation", "area_m2": 1638400.0}, "geometry": {"type": "Polygon", "coordinates": [[[30.029179871, -1.877020966], [30.040672791, -1.877000883], [30.04069285, -1.888564906], [30.029199854, -1.888585112], [30.029179871, -1.877020966]]]}}, {"type": "Feature", "id": "training_2025_20250730_20250727_r002_c006_00023", "properties": {"patch_id": "training_2025_20250730_20250727_r002_c006_00023", "training_tag": "training_2025_20250730_20250727", "year": 2025, "split": "validation", "cluster_id": 1, "dominant_interpretation": "vegetation", "weak_source_fraction": 0.991076, "anomaly_score": 0.058022, "review_priority": "embedding_supported", "review_reason": "embedding cluster has compatible weak-source interpretation", "area_m2": 1638400.0}, "geometry": {"type": "Polygon", "coordinates": [[[30.040672791, -1.877000883], [30.052165588, -1.876980725], [30.052185722, -1.888544623], [30.04069285, -1.888564906], [30.040672791, -1.877000883]]]}}, {"type": "Feature", "id": "training_2025_20250730_20250727_r002_c007_00024", "properties": {"patch_id": "training_2025_20250730_20250727_r002_c007_00024", "training_tag": "training_2025_20250730_20250727", "year": 2025, "split": "validation", "cluster_id": 5, "dominant_interpretation": "vegetation", "weak_source_fraction": 1.0, "anomaly_score": 0.262689, "review_priority": "embedding_supported", "review_reason": "embedding cluster has compatible weak-source interpretation", "area_m2": 1638400.0}, "geometry": {"type": "Polygon", "coordinates": [[[30.052165588, -1.876980725], [30.063658261, -1.876960491], [30.06367847, -1.888524264], [30.052185722, -1.888544623], [30.052165588, -1.876980725]]]}}, {"type": "Feature", "id": "training_2025_20250730_20250727_r002_c008_00025", "properties": {"patch_id": "training_2025_20250730_20250727_r002_c008_00025", "training_tag": "training_2025_20250730_20250727", "year": 2025, "split": "validation", "cluster_id": 1, "dominant_interpretation": "vegetation", "weak_source_fraction": 0.960114, "anomaly_score": 0.08513, "review_priority": "embedding_supported", "review_reason": "embedding cluster has compatible weak-source interpretation", "area_m2": 1638400.0}, "geometry": {"type": "Polygon", "coordinates": [[[30.063658261, -1.876960491], [30.075150809, -1.876940181], [30.075171094, -1.888503829], [30.06367847, -1.888524264], [30.063658261, -1.876960491]]]}}, {"type": "Feature", "id": "training_2025_20250730_20250727_r002_c010_00026", "properties": {"patch_id": "training_2025_20250730_20250727_r002_c010_00026", "training_tag": "training_2025_20250730_20250727", "year": 2025, "split": "validation", "cluster_id": 5, "dominant_interpretation": "vegetation", "weak_source_fraction": 1.0, "anomaly_score": 0.189557, "review_priority": "embedding_supported", "review_reason": "embedding cluster has compatible weak-source interpretation", "area_m2": 1638400.0}, "geometry": {"type": "Polygon", "coordinates": [[[30.086643233, -1.876919795], [30.098135531, -1.876899334], [30.098155967, -1.888462731], [30.086663593, -1.888483318], [30.086643233, -1.876919795]]]}}, {"type": "Feature", "id": "training_2025_20250730_20250727_r002_c011_00027", "properties": {"patch_id": "training_2025_20250730_20250727_r002_c011_00027", "training_tag": "training_2025_20250730_20250727", "year": 2025, "split": "validation", "cluster_id": 1, "dominant_interpretation": "vegetation", "weak_source_fraction": 1.0, "anomaly_score": 0.024126, "review_priority": "embedding_supported", "review_reason": "embedding cluster has compatible weak-source interpretation", "area_m2": 1638400.0}, "geometry": {"type": "Polygon", "coordinates": [[[30.098135531, -1.876899334], [30.109627704, -1.876878797], [30.109648215, -1.888442067], [30.098155967, -1.888462731], [30.098135531, -1.876899334]]]}}, {"type": "Feature", "id": "training_2025_20250730_20250727_r002_c012_00028", "properties": {"patch_id": "training_2025_20250730_20250727_r002_c012_00028", "training_tag": "training_2025_20250730_20250727", "year": 2025, "split": "validation", "cluster_id": 1, "dominant_interpretation": "vegetation", "weak_source_fraction": 0.99885, "anomaly_score": 0.250209, "review_priority": "embedding_supported", "review_reason": "embedding cluster has compatible weak-source interpretation", "area_m2": 1638400.0}, "geometry": {"type": "Polygon", "coordinates": [[[30.109627704, -1.876878797], [30.12111975, -1.876858184], [30.121140337, -1.888421327], [30.109648215, -1.888442067], [30.109627704, -1.876878797]]]}}, {"type": "Feature", "id": "training_2025_20250730_20250727_r002_c013_00029", "properties": {"patch_id": "training_2025_20250730_20250727_r002_c013_00029", "training_tag": "training_2025_20250730_20250727", "year": 2025, "split": "validation", "cluster_id": 1, "dominant_interpretation": "vegetation", "weak_source_fraction": 0.965449, "anomaly_score": 0.153082, "review_priority": "embedding_supported", "review_reason": "embedding cluster has compatible weak-source interpretation", "area_m2": 1638400.0}, "geometry": {"type": "Polygon", "coordinates": [[[30.12111975, -1.876858184], [30.13261167, -1.876837496], [30.132632332, -1.888400511], [30.121140337, -1.888421327], [30.12111975, -1.876858184]]]}}, {"type": "Feature", "id": "training_2025_20250730_20250727_r002_c014_00030", "properties": {"patch_id": "training_2025_20250730_20250727_r002_c014_00030", "training_tag": "training_2025_20250730_20250727", "year": 2025, "split": "validation", "cluster_id": 1, "dominant_interpretation": "built_up", "weak_source_fraction": 0.662377, "anomaly_score": 0.727681, "review_priority": "embedding_supported", "review_reason": "embedding cluster has compatible weak-source interpretation", "area_m2": 1638400.0}, "geometry": {"type": "Polygon", "coordinates": [[[30.13261167, -1.876837496], [30.144103462, -1.876816732], [30.1441242, -1.888379619], [30.132632332, -1.888400511], [30.13261167, -1.876837496]]]}}, {"type": "Feature", "id": "training_2025_20250730_20250727_r003_c000_00031", "properties": {"patch_id": "training_2025_20250730_20250727_r003_c000_00031", "training_tag": "training_2025_20250730_20250727", "year": 2025, "split": "validation", "cluster_id": 5, "dominant_interpretation": "vegetation", "weak_source_fraction": 1.0, "anomaly_score": 0.053374, "review_priority": "embedding_supported", "review_reason": "embedding cluster has compatible weak-source interpretation", "area_m2": 1638400.0}, "geometry": {"type": "Polygon", "coordinates": [[[29.971733041, -1.888685], [29.983226647, -1.888665175], [29.983246449, -1.90022981], [29.971752767, -1.900249756], [29.971733041, -1.888685]]]}}, {"type": "Feature", "id": "training_2025_20250730_20250727_r003_c001_00032", "properties": {"patch_id": "training_2025_20250730_20250727_r003_c001_00032", "training_tag": "training_2025_20250730_20250727", "year": 2025, "split": "validation", "cluster_id": 2, "dominant_interpretation": "built_up", "weak_source_fraction": 0.743332, "anomaly_score": 0.295767, "review_priority": "embedding_supported", "review_reason": "embedding cluster has compatible weak-source interpretation", "area_m2": 1638400.0}, "geometry": {"type": "Polygon", "coordinates": [[[29.983226647, -1.888665175], [29.994720132, -1.888645273], [29.994740009, -1.900209787], [29.983246449, -1.90022981], [29.983226647, -1.888665175]]]}}, {"type": "Feature", "id": "training_2025_20250730_20250727_r003_c002_00033", "properties": {"patch_id": "training_2025_20250730_20250727_r003_c002_00033", "training_tag": "training_2025_20250730_20250727", "year": 2025, "split": "validation", "cluster_id": 8, "dominant_interpretation": "built_up", "weak_source_fraction": 0.965529, "anomaly_score": 0.024941, "review_priority": "embedding_supported", "review_reason": "embedding cluster has compatible weak-source interpretation", "area_m2": 1638400.0}, "geometry": {"type": "Polygon", "coordinates": [[[29.994720132, -1.888645273], [30.006213495, -1.888625296], [30.006233448, -1.900189687], [29.994740009, -1.900209787], [29.994720132, -1.888645273]]]}}, {"type": "Feature", "id": "training_2025_20250730_20250727_r003_c003_00034", "properties": {"patch_id": "training_2025_20250730_20250727_r003_c003_00034", "training_tag": "training_2025_20250730_20250727", "year": 2025, "split": "validation", "cluster_id": 8, "dominant_interpretation": "built_up", "weak_source_fraction": 0.956385, "anomaly_score": 0.332685, "review_priority": "embedding_supported", "review_reason": "embedding cluster has compatible weak-source interpretation", "area_m2": 1638400.0}, "geometry": {"type": "Polygon", "coordinates": [[[30.006213495, -1.888625296], [30.017706736, -1.888605242], [30.017726765, -1.90016951], [30.006233448, -1.900189687], [30.006213495, -1.888625296]]]}}, {"type": "Feature", "id": "training_2025_20250730_20250727_r003_c004_00035", "properties": {"patch_id": "training_2025_20250730_20250727_r003_c004_00035", "training_tag": "training_2025_20250730_20250727", "year": 2025, "split": "validation", "cluster_id": 8, "dominant_interpretation": "built_up", "weak_source_fraction": 0.980159, "anomaly_score": 0.35815, "review_priority": "embedding_supported", "review_reason": "embedding cluster has compatible weak-source interpretation", "area_m2": 1638400.0}, "geometry": {"type": "Polygon", "coordinates": [[[30.017706736, -1.888605242], [30.029199854, -1.888585112], [30.02921996, -1.900149256], [30.017726765, -1.90016951], [30.017706736, -1.888605242]]]}}, {"type": "Feature", "id": "training_2025_20250730_20250727_r003_c005_00036", "properties": {"patch_id": "training_2025_20250730_20250727_r003_c005_00036", "training_tag": "training_2025_20250730_20250727", "year": 2025, "split": "validation", "cluster_id": 1, "dominant_interpretation": "vegetation", "weak_source_fraction": 0.806591, "anomaly_score": 0.989568, "review_priority": "high_anomaly", "review_reason": "high embedding anomaly", "area_m2": 1638400.0}, "geometry": {"type": "Polygon", "coordinates": [[[30.029199854, -1.888585112], [30.04069285, -1.888564906], [30.040713031, -1.900128926], [30.02921996, -1.900149256], [30.029199854, -1.888585112]]]}}, {"type": "Feature", "id": "training_2025_20250730_20250727_r003_c006_00037", "properties": {"patch_id": "training_2025_20250730_20250727_r003_c006_00037", "training_tag": "training_2025_20250730_20250727", "year": 2025, "split": "validation", "cluster_id": 2, "dominant_interpretation": "vegetation", "weak_source_fraction": 0.52439, "anomaly_score": 0.405288, "review_priority": "weak_support_review", "review_reason": "mixed or weak-source support", "area_m2": 1638400.0}, "geometry": {"type": "Polygon", "coordinates": [[[30.04069285, -1.888564906], [30.052185722, -1.888544623], [30.05220598, -1.900108519], [30.040713031, -1.900128926], [30.04069285, -1.888564906]]]}}, {"type": "Feature", "id": "training_2025_20250730_20250727_r003_c007_00038", "properties": {"patch_id": "training_2025_20250730_20250727_r003_c007_00038", "training_tag": "training_2025_20250730_20250727", "year": 2025, "split": "validation", "cluster_id": 3, "dominant_interpretation": "vegetation", "weak_source_fraction": 0.888723, "anomaly_score": 0.84344, "review_priority": "embedding_supported", "review_reason": "embedding cluster has compatible weak-source interpretation", "area_m2": 1638400.0}, "geometry": {"type": "Polygon", "coordinates": [[[30.052185722, -1.888544623], [30.06367847, -1.888524264], [30.063698804, -1.900088036], [30.05220598, -1.900108519], [30.052185722, -1.888544623]]]}}, {"type": "Feature", "id": "training_2025_20250730_20250727_r003_c008_00039", "properties": {"patch_id": "training_2025_20250730_20250727_r003_c008_00039", "training_tag": "training_2025_20250730_20250727", "year": 2025, "split": "validation", "cluster_id": 3, "dominant_interpretation": "vegetation", "weak_source_fraction": 0.820609, "anomaly_score": 0.456919, "review_priority": "embedding_supported", "review_reason": "embedding cluster has compatible weak-source interpretation", "area_m2": 1638400.0}, "geometry": {"type": "Polygon", "coordinates": [[[30.06367847, -1.888524264], [30.075171094, -1.888503829], [30.075191504, -1.900067476], [30.063698804, -1.900088036], [30.06367847, -1.888524264]]]}}, {"type": "Feature", "id": "training_2025_20250730_20250727_r003_c009_00040", "properties": {"patch_id": "training_2025_20250730_20250727_r003_c009_00040", "training_tag": "training_2025_20250730_20250727", "year": 2025, "split": "validation", "cluster_id": 3, "dominant_interpretation": "vegetation", "weak_source_fraction": 0.968607, "anomaly_score": 0.697646, "review_priority": "embedding_supported", "review_reason": "embedding cluster has compatible weak-source interpretation", "area_m2": 1638400.0}, "geometry": {"type": "Polygon", "coordinates": [[[30.075171094, -1.888503829], [30.086663593, -1.888483318], [30.086684079, -1.900046839], [30.075191504, -1.900067476], [30.075171094, -1.888503829]]]}}, {"type": "Feature", "id": "training_2025_20250730_20250727_r003_c010_00041", "properties": {"patch_id": "training_2025_20250730_20250727_r003_c010_00041", "training_tag": "training_2025_20250730_20250727", "year": 2025, "split": "validation", "cluster_id": 5, "dominant_interpretation": "vegetation", "weak_source_fraction": 1.0, "anomaly_score": 0.086743, "review_priority": "embedding_supported", "review_reason": "embedding cluster has compatible weak-source interpretation", "area_m2": 1638400.0}, "geometry": {"type": "Polygon", "coordinates": [[[30.086663593, -1.888483318], [30.098155967, -1.888462731], [30.098176529, -1.900026125], [30.086684079, -1.900046839], [30.086663593, -1.888483318]]]}}, {"type": "Feature", "id": "training_2025_20250730_20250727_r003_c011_00042", "properties": {"patch_id": "training_2025_20250730_20250727_r003_c011_00042", "training_tag": "training_2025_20250730_20250727", "year": 2025, "split": "validation", "cluster_id": 1, "dominant_interpretation": "vegetation", "weak_source_fraction": 0.975898, "anomaly_score": 0.491299, "review_priority": "embedding_supported", "review_reason": "embedding cluster has compatible weak-source interpretation", "area_m2": 1638400.0}, "geometry": {"type": "Polygon", "coordinates": [[[30.098155967, -1.888462731], [30.109648215, -1.888442067], [30.109668853, -1.900005335], [30.098176529, -1.900026125], [30.098155967, -1.888462731]]]}}, {"type": "Feature", "id": "training_2025_20250730_20250727_r003_c012_00043", "properties": {"patch_id": "training_2025_20250730_20250727_r003_c012_00043", "training_tag": "training_2025_20250730_20250727", "year": 2025, "split": "validation", "cluster_id": 5, "dominant_interpretation": "vegetation", "weak_source_fraction": 0.997862, "anomaly_score": 0.11581, "review_priority": "embedding_supported", "review_reason": "embedding cluster has compatible weak-source interpretation", "area_m2": 1638400.0}, "geometry": {"type": "Polygon", "coordinates": [[[30.109648215, -1.888442067], [30.121140337, -1.888421327], [30.121161051, -1.899984468], [30.109668853, -1.900005335], [30.109648215, -1.888442067]]]}}, {"type": "Feature", "id": "training_2025_20250730_20250727_r003_c013_00044", "properties": {"patch_id": "training_2025_20250730_20250727_r003_c013_00044", "training_tag": "training_2025_20250730_20250727", "year": 2025, "split": "validation", "cluster_id": 1, "dominant_interpretation": "vegetation", "weak_source_fraction": 0.999441, "anomaly_score": 0.0, "review_priority": "embedding_supported", "review_reason": "embedding cluster has compatible weak-source interpretation", "area_m2": 1638400.0}, "geometry": {"type": "Polygon", "coordinates": [[[30.121140337, -1.888421327], [30.132632332, -1.888400511], [30.132653122, -1.899963524], [30.121161051, -1.899984468], [30.121140337, -1.888421327]]]}}, {"type": "Feature", "id": "training_2025_20250730_20250727_r003_c014_00045", "properties": {"patch_id": "training_2025_20250730_20250727_r003_c014_00045", "training_tag": "training_2025_20250730_20250727", "year": 2025, "split": "validation", "cluster_id": 1, "dominant_interpretation": "vegetation", "weak_source_fraction": 1.0, "anomaly_score": 0.273973, "review_priority": "embedding_supported", "review_reason": "embedding cluster has compatible weak-source interpretation", "area_m2": 1638400.0}, "geometry": {"type": "Polygon", "coordinates": [[[30.132632332, -1.888400511], [30.1441242, -1.888379619], [30.144145066, -1.899942504], [30.132653122, -1.899963524], [30.132632332, -1.888400511]]]}}, {"type": "Feature", "id": "training_2025_20250730_20250727_r004_c000_00046", "properties": {"patch_id": "training_2025_20250730_20250727_r004_c000_00046", "training_tag": "training_2025_20250730_20250727", "year": 2025, "split": "validation", "cluster_id": 3, "dominant_interpretation": "vegetation", "weak_source_fraction": 0.537215, "anomaly_score": 0.964057, "review_priority": "high_anomaly", "review_reason": "high embedding anomaly", "area_m2": 1638400.0}, "geometry": {"type": "Polygon", "coordinates": [[[29.971752767, -1.900249756], [29.983246449, -1.90022981], [29.983266371, -1.911794443], [29.971772613, -1.911814511], [29.971752767, -1.900249756]]]}}, {"type": "Feature", "id": "training_2025_20250730_20250727_r004_c001_00047", "properties": {"patch_id": "training_2025_20250730_20250727_r004_c001_00047", "training_tag": "training_2025_20250730_20250727", "year": 2025, "split": "validation", "cluster_id": 2, "dominant_interpretation": "vegetation", "weak_source_fraction": 0.518096, "anomaly_score": 0.386366, "review_priority": "weak_support_review", "review_reason": "mixed or weak-source support", "area_m2": 1638400.0}, "geometry": {"type": "Polygon", "coordinates": [[[29.983246449, -1.90022981], [29.994740009, -1.900209787], [29.994760009, -1.911774298], [29.983266371, -1.911794443], [29.983246449, -1.90022981]]]}}, {"type": "Feature", "id": "training_2025_20250730_20250727_r004_c002_00048", "properties": {"patch_id": "training_2025_20250730_20250727_r004_c002_00048", "training_tag": "training_2025_20250730_20250727", "year": 2025, "split": "validation", "cluster_id": 2, "dominant_interpretation": "built_up", "weak_source_fraction": 0.739619, "anomaly_score": 0.311492, "review_priority": "embedding_supported", "review_reason": "embedding cluster has compatible weak-source interpretation", "area_m2": 1638400.0}, "geometry": {"type": "Polygon", "coordinates": [[[29.994740009, -1.900209787], [30.006233448, -1.900189687], [30.006253524, -1.911754076], [29.994760009, -1.911774298], [29.994740009, -1.900209787]]]}}, {"type": "Feature", "id": "training_2025_20250730_20250727_r004_c003_00049", "properties": {"patch_id": "training_2025_20250730_20250727_r004_c003_00049", "training_tag": "training_2025_20250730_20250727", "year": 2025, "split": "validation", "cluster_id": 8, "dominant_interpretation": "built_up", "weak_source_fraction": 0.960394, "anomaly_score": 0.070062, "review_priority": "embedding_supported", "review_reason": "embedding cluster has compatible weak-source interpretation", "area_m2": 1638400.0}, "geometry": {"type": "Polygon", "coordinates": [[[30.006233448, -1.900189687], [30.017726765, -1.90016951], [30.017746918, -1.911733776], [30.006253524, -1.911754076], [30.006233448, -1.900189687]]]}}, {"type": "Feature", "id": "training_2025_20250730_20250727_r004_c004_00050", "properties": {"patch_id": "training_2025_20250730_20250727_r004_c004_00050", "training_tag": "training_2025_20250730_20250727", "year": 2025, "split": "validation", "cluster_id": 8, "dominant_interpretation": "built_up", "weak_source_fraction": 0.915593, "anomaly_score": 0.0, "review_priority": "embedding_supported", "review_reason": "embedding cluster has compatible weak-source interpretation", "area_m2": 1638400.0}, "geometry": {"type": "Polygon", "coordinates": [[[30.017726765, -1.90016951], [30.02921996, -1.900149256], [30.029240189, -1.911713399], [30.017746918, -1.911733776], [30.017726765, -1.90016951]]]}}, {"type": "Feature", "id": "training_2025_20250730_20250727_r004_c005_00051", "properties": {"patch_id": "training_2025_20250730_20250727_r004_c005_00051", "training_tag": "training_2025_20250730_20250727", "year": 2025, "split": "validation", "cluster_id": 2, "dominant_interpretation": "built_up", "weak_source_fraction": 0.601536, "anomaly_score": 0.816843, "review_priority": "weak_support_review", "review_reason": "mixed or weak-source support", "area_m2": 1638400.0}, "geometry": {"type": "Polygon", "coordinates": [[[30.02921996, -1.900149256], [30.040713031, -1.900128926], [30.040733337, -1.911692945], [30.029240189, -1.911713399], [30.02921996, -1.900149256]]]}}, {"type": "Feature", "id": "training_2025_20250730_20250727_r004_c006_00052", "properties": {"patch_id": "training_2025_20250730_20250727_r004_c006_00052", "training_tag": "training_2025_20250730_20250727", "year": 2025, "split": "validation", "cluster_id": 7, "dominant_interpretation": "vegetation", "weak_source_fraction": 1.0, "anomaly_score": 0.532152, "review_priority": "embedding_supported", "review_reason": "embedding cluster has compatible weak-source interpretation", "area_m2": 1638400.0}, "geometry": {"type": "Polygon", "coordinates": [[[30.040713031, -1.900128926], [30.05220598, -1.900108519], [30.052226361, -1.911672414], [30.040733337, -1.911692945], [30.040713031, -1.900128926]]]}}, {"type": "Feature", "id": "training_2025_20250730_20250727_r004_c007_00053", "properties": {"patch_id": "training_2025_20250730_20250727_r004_c007_00053", "training_tag": "training_2025_20250730_20250727", "year": 2025, "split": "validation", "cluster_id": 3, "dominant_interpretation": "vegetation", "weak_source_fraction": 0.545009, "anomaly_score": 0.31625, "review_priority": "weak_support_review", "review_reason": "mixed or weak-source support", "area_m2": 1638400.0}, "geometry": {"type": "Polygon", "coordinates": [[[30.05220598, -1.900108519], [30.063698804, -1.900088036], [30.063719262, -1.911651806], [30.052226361, -1.911672414], [30.05220598, -1.900108519]]]}}, {"type": "Feature", "id": "training_2025_20250730_20250727_r004_c008_00054", "properties": {"patch_id": "training_2025_20250730_20250727_r004_c008_00054", "training_tag": "training_2025_20250730_20250727", "year": 2025, "split": "validation", "cluster_id": 3, "dominant_interpretation": "vegetation", "weak_source_fraction": 0.61086, "anomaly_score": 0.13605, "review_priority": "weak_support_review", "review_reason": "mixed or weak-source support", "area_m2": 1638400.0}, "geometry": {"type": "Polygon", "coordinates": [[[30.063698804, -1.900088036], [30.075191504, -1.900067476], [30.075212038, -1.91163112], [30.063719262, -1.911651806], [30.063698804, -1.900088036]]]}}, {"type": "Feature", "id": "training_2025_20250730_20250727_r004_c009_00055", "properties": {"patch_id": "training_2025_20250730_20250727_r004_c009_00055", "training_tag": "training_2025_20250730_20250727", "year": 2025, "split": "validation", "cluster_id": 5, "dominant_interpretation": "vegetation", "weak_source_fraction": 0.980938, "anomaly_score": 0.0, "review_priority": "embedding_supported", "review_reason": "embedding cluster has compatible weak-source interpretation", "area_m2": 1638400.0}, "geometry": {"type": "Polygon", "coordinates": [[[30.075191504, -1.900067476], [30.086684079, -1.900046839], [30.08670469, -1.911610358], [30.075212038, -1.91163112], [30.075191504, -1.900067476]]]}}, {"type": "Feature", "id": "training_2025_20250730_20250727_r004_c010_00056", "properties": {"patch_id": "training_2025_20250730_20250727_r004_c010_00056", "training_tag": "training_2025_20250730_20250727", "year": 2025, "split": "validation", "cluster_id": 3, "dominant_interpretation": "vegetation", "weak_source_fraction": 0.881593, "anomaly_score": 0.32555, "review_priority": "embedding_supported", "review_reason": "embedding cluster has compatible weak-source interpretation", "area_m2": 1638400.0}, "geometry": {"type": "Polygon", "coordinates": [[[30.086684079, -1.900046839], [30.098176529, -1.900026125], [30.098197216, -1.911589518], [30.08670469, -1.911610358], [30.086684079, -1.900046839]]]}}, {"type": "Feature", "id": "training_2025_20250730_20250727_r004_c011_00057", "properties": {"patch_id": "training_2025_20250730_20250727_r004_c011_00057", "training_tag": "training_2025_20250730_20250727", "year": 2025, "split": "validation", "cluster_id": 5, "dominant_interpretation": "vegetation", "weak_source_fraction": 0.998486, "anomaly_score": 0.139295, "review_priority": "embedding_supported", "review_reason": "embedding cluster has compatible weak-source interpretation", "area_m2": 1638400.0}, "geometry": {"type": "Polygon", "coordinates": [[[30.098176529, -1.900026125], [30.109668853, -1.900005335], [30.109689616, -1.911568601], [30.098197216, -1.911589518], [30.098176529, -1.900026125]]]}}, {"type": "Feature", "id": "training_2025_20250730_20250727_r004_c012_00058", "properties": {"patch_id": "training_2025_20250730_20250727_r004_c012_00058", "training_tag": "training_2025_20250730_20250727", "year": 2025, "split": "validation", "cluster_id": 5, "dominant_interpretation": "vegetation", "weak_source_fraction": 1.0, "anomaly_score": 0.064815, "review_priority": "embedding_supported", "review_reason": "embedding cluster has compatible weak-source interpretation", "area_m2": 1638400.0}, "geometry": {"type": "Polygon", "coordinates": [[[30.109668853, -1.900005335], [30.121161051, -1.899984468], [30.121181891, -1.911547607], [30.109689616, -1.911568601], [30.109668853, -1.900005335]]]}}, {"type": "Feature", "id": "training_2025_20250730_20250727_r004_c013_00059", "properties": {"patch_id": "training_2025_20250730_20250727_r004_c013_00059", "training_tag": "training_2025_20250730_20250727", "year": 2025, "split": "validation", "cluster_id": 5, "dominant_interpretation": "vegetation", "weak_source_fraction": 1.0, "anomaly_score": 0.219569, "review_priority": "embedding_supported", "review_reason": "embedding cluster has compatible weak-source interpretation", "area_m2": 1638400.0}, "geometry": {"type": "Polygon", "coordinates": [[[30.121161051, -1.899984468], [30.132653122, -1.899963524], [30.132674038, -1.911526536], [30.121181891, -1.911547607], [30.121161051, -1.899984468]]]}}, {"type": "Feature", "id": "training_2025_20250730_20250727_r004_c014_00060", "properties": {"patch_id": "training_2025_20250730_20250727_r004_c014_00060", "training_tag": "training_2025_20250730_20250727", "year": 2025, "split": "validation", "cluster_id": 1, "dominant_interpretation": "vegetation", "weak_source_fraction": 0.878728, "anomaly_score": 0.281675, "review_priority": "embedding_supported", "review_reason": "embedding cluster has compatible weak-source interpretation", "area_m2": 1638400.0}, "geometry": {"type": "Polygon", "coordinates": [[[30.132653122, -1.899963524], [30.144145066, -1.899942504], [30.144166059, -1.911505388], [30.132674038, -1.911526536], [30.132653122, -1.899963524]]]}}, {"type": "Feature", "id": "training_2025_20250730_20250727_r005_c000_00061", "properties": {"patch_id": "training_2025_20250730_20250727_r005_c000_00061", "training_tag": "training_2025_20250730_20250727", "year": 2025, "split": "validation", "cluster_id": 2, "dominant_interpretation": "built_up", "weak_source_fraction": 0.827149, "anomaly_score": 1.0, "review_priority": "high_anomaly", "review_reason": "high embedding anomaly", "area_m2": 1638400.0}, "geometry": {"type": "Polygon", "coordinates": [[[29.971772613, -1.911814511], [29.983266371, -1.911794443], [29.983286415, -1.923359075], [29.97179258, -1.923379264], [29.971772613, -1.911814511]]]}}, {"type": "Feature", "id": "training_2025_20250730_20250727_r005_c001_00062", "properties": {"patch_id": "training_2025_20250730_20250727_r005_c001_00062", "training_tag": "training_2025_20250730_20250727", "year": 2025, "split": "validation", "cluster_id": 2, "dominant_interpretation": "built_up", "weak_source_fraction": 0.562196, "anomaly_score": 0.944711, "review_priority": "high_anomaly", "review_reason": "high embedding anomaly", "area_m2": 1638400.0}, "geometry": {"type": "Polygon", "coordinates": [[[29.983266371, -1.911794443], [29.994760009, -1.911774298], [29.994780129, -1.923338808], [29.983286415, -1.923359075], [29.983266371, -1.911794443]]]}}, {"type": "Feature", "id": "training_2025_20250730_20250727_r005_c002_00063", "properties": {"patch_id": "training_2025_20250730_20250727_r005_c002_00063", "training_tag": "training_2025_20250730_20250727", "year": 2025, "split": "validation", "cluster_id": 4, "dominant_interpretation": "built_up", "weak_source_fraction": 0.694132, "anomaly_score": 0.019398, "review_priority": "embedding_supported", "review_reason": "embedding cluster has compatible weak-source interpretation", "area_m2": 1638400.0}, "geometry": {"type": "Polygon", "coordinates": [[[29.994760009, -1.911774298], [30.006253524, -1.911754076], [30.006273722, -1.923318463], [29.994780129, -1.923338808], [29.994760009, -1.911774298]]]}}, {"type": "Feature", "id": "training_2025_20250730_20250727_r005_c003_00064", "properties": {"patch_id": "training_2025_20250730_20250727_r005_c003_00064", "training_tag": "training_2025_20250730_20250727", "year": 2025, "split": "validation", "cluster_id": 8, "dominant_interpretation": "built_up", "weak_source_fraction": 0.829237, "anomaly_score": 0.325725, "review_priority": "embedding_supported", "review_reason": "embedding cluster has compatible weak-source interpretation", "area_m2": 1638400.0}, "geometry": {"type": "Polygon", "coordinates": [[[30.006253524, -1.911754076], [30.017746918, -1.911733776], [30.017767192, -1.92329804], [30.006273722, -1.923318463], [30.006253524, -1.911754076]]]}}, {"type": "Feature", "id": "training_2025_20250730_20250727_r005_c004_00065", "properties": {"patch_id": "training_2025_20250730_20250727_r005_c004_00065", "training_tag": "training_2025_20250730_20250727", "year": 2025, "split": "validation", "cluster_id": 4, "dominant_interpretation": "built_up", "weak_source_fraction": 0.762107, "anomaly_score": 0.513118, "review_priority": "embedding_supported", "review_reason": "embedding cluster has compatible weak-source interpretation", "area_m2": 1638400.0}, "geometry": {"type": "Polygon", "coordinates": [[[30.017746918, -1.911733776], [30.029240189, -1.911713399], [30.02926054, -1.92327754], [30.017767192, -1.92329804], [30.017746918, -1.911733776]]]}}, {"type": "Feature", "id": "training_2025_20250730_20250727_r005_c005_00066", "properties": {"patch_id": "training_2025_20250730_20250727_r005_c005_00066", "training_tag": "training_2025_20250730_20250727", "year": 2025, "split": "validation", "cluster_id": 1, "dominant_interpretation": "vegetation", "weak_source_fraction": 1.0, "anomaly_score": 0.283797, "review_priority": "embedding_supported", "review_reason": "embedding cluster has compatible weak-source interpretation", "area_m2": 1638400.0}, "geometry": {"type": "Polygon", "coordinates": [[[30.029240189, -1.911713399], [30.040733337, -1.911692945], [30.040753765, -1.923256962], [30.02926054, -1.92327754], [30.029240189, -1.911713399]]]}}, {"type": "Feature", "id": "training_2025_20250730_20250727_r005_c006_00067", "properties": {"patch_id": "training_2025_20250730_20250727_r005_c006_00067", "training_tag": "training_2025_20250730_20250727", "year": 2025, "split": "validation", "cluster_id": 3, "dominant_interpretation": "vegetation", "weak_source_fraction": 0.844808, "anomaly_score": 0.454555, "review_priority": "embedding_supported", "review_reason": "embedding cluster has compatible weak-source interpretation", "area_m2": 1638400.0}, "geometry": {"type": "Polygon", "coordinates": [[[30.040733337, -1.911692945], [30.052226361, -1.911672414], [30.052246867, -1.923236307], [30.040753765, -1.923256962], [30.040733337, -1.911692945]]]}}, {"type": "Feature", "id": "training_2025_20250730_20250727_r005_c007_00068", "properties": {"patch_id": "training_2025_20250730_20250727_r005_c007_00068", "training_tag": "training_2025_20250730_20250727", "year": 2025, "split": "validation", "cluster_id": 7, "dominant_interpretation": "vegetation", "weak_source_fraction": 0.916557, "anomaly_score": 0.499627, "review_priority": "embedding_supported", "review_reason": "embedding cluster has compatible weak-source interpretation", "area_m2": 1638400.0}, "geometry": {"type": "Polygon", "coordinates": [[[30.052226361, -1.911672414], [30.063719262, -1.911651806], [30.063739844, -1.923215574], [30.052246867, -1.923236307], [30.052226361, -1.911672414]]]}}, {"type": "Feature", "id": "training_2025_20250730_20250727_r005_c008_00069", "properties": {"patch_id": "training_2025_20250730_20250727_r005_c008_00069", "training_tag": "training_2025_20250730_20250727", "year": 2025, "split": "validation", "cluster_id": 7, "dominant_interpretation": "vegetation", "weak_source_fraction": 0.998414, "anomaly_score": 0.017396, "review_priority": "embedding_supported", "review_reason": "embedding cluster has compatible weak-source interpretation", "area_m2": 1638400.0}, "geometry": {"type": "Polygon", "coordinates": [[[30.063719262, -1.911651806], [30.075212038, -1.91163112], [30.075232698, -1.923194763], [30.063739844, -1.923215574], [30.063719262, -1.911651806]]]}}, {"type": "Feature", "id": "training_2025_20250730_20250727_r005_c009_00070", "properties": {"patch_id": "training_2025_20250730_20250727_r005_c009_00070", "training_tag": "training_2025_20250730_20250727", "year": 2025, "split": "validation", "cluster_id": 7, "dominant_interpretation": "vegetation", "weak_source_fraction": 0.995425, "anomaly_score": 0.0, "review_priority": "embedding_supported", "review_reason": "embedding cluster has compatible weak-source interpretation", "area_m2": 1638400.0}, "geometry": {"type": "Polygon", "coordinates": [[[30.075212038, -1.91163112], [30.08670469, -1.911610358], [30.086725426, -1.923173875], [30.075232698, -1.923194763], [30.075212038, -1.91163112]]]}}, {"type": "Feature", "id": "training_2025_20250730_20250727_r005_c010_00071", "properties": {"patch_id": "training_2025_20250730_20250727_r005_c010_00071", "training_tag": "training_2025_20250730_20250727", "year": 2025, "split": "validation", "cluster_id": 5, "dominant_interpretation": "vegetation", "weak_source_fraction": 0.993524, "anomaly_score": 0.669668, "review_priority": "embedding_supported", "review_reason": "embedding cluster has compatible weak-source interpretation", "area_m2": 1638400.0}, "geometry": {"type": "Polygon", "coordinates": [[[30.08670469, -1.911610358], [30.098197216, -1.911589518], [30.098218029, -1.923152909], [30.086725426, -1.923173875], [30.08670469, -1.911610358]]]}}, {"type": "Feature", "id": "training_2025_20250730_20250727_r005_c011_00072", "properties": {"patch_id": "training_2025_20250730_20250727_r005_c011_00072", "training_tag": "training_2025_20250730_20250727", "year": 2025, "split": "validation", "cluster_id": 5, "dominant_interpretation": "vegetation", "weak_source_fraction": 1.0, "anomaly_score": 0.21155, "review_priority": "embedding_supported", "review_reason": "embedding cluster has compatible weak-source interpretation", "area_m2": 1638400.0}, "geometry": {"type": "Polygon", "coordinates": [[[30.098197216, -1.911589518], [30.109689616, -1.911568601], [30.109710507, -1.923131866], [30.098218029, -1.923152909], [30.098197216, -1.911589518]]]}}, {"type": "Feature", "id": "training_2025_20250730_20250727_r005_c012_00073", "properties": {"patch_id": "training_2025_20250730_20250727_r005_c012_00073", "training_tag": "training_2025_20250730_20250727", "year": 2025, "split": "validation", "cluster_id": 5, "dominant_interpretation": "vegetation", "weak_source_fraction": 0.999523, "anomaly_score": 0.108628, "review_priority": "embedding_supported", "review_reason": "embedding cluster has compatible weak-source interpretation", "area_m2": 1638400.0}, "geometry": {"type": "Polygon", "coordinates": [[[30.109689616, -1.911568601], [30.121181891, -1.911547607], [30.121202858, -1.923110744], [30.109710507, -1.923131866], [30.109689616, -1.911568601]]]}}, {"type": "Feature", "id": "training_2025_20250730_20250727_r005_c013_00074", "properties": {"patch_id": "training_2025_20250730_20250727_r005_c013_00074", "training_tag": "training_2025_20250730_20250727", "year": 2025, "split": "validation", "cluster_id": 5, "dominant_interpretation": "vegetation", "weak_source_fraction": 0.925773, "anomaly_score": 0.375859, "review_priority": "embedding_supported", "review_reason": "embedding cluster has compatible weak-source interpretation", "area_m2": 1638400.0}, "geometry": {"type": "Polygon", "coordinates": [[[30.121181891, -1.911547607], [30.132674038, -1.911526536], [30.132695082, -1.923089546], [30.121202858, -1.923110744], [30.121181891, -1.911547607]]]}}, {"type": "Feature", "id": "training_2025_20250730_20250727_r005_c014_00075", "properties": {"patch_id": "training_2025_20250730_20250727_r005_c014_00075", "training_tag": "training_2025_20250730_20250727", "year": 2025, "split": "validation", "cluster_id": 1, "dominant_interpretation": "vegetation", "weak_source_fraction": 0.854466, "anomaly_score": 0.308837, "review_priority": "embedding_supported", "review_reason": "embedding cluster has compatible weak-source interpretation", "area_m2": 1638400.0}, "geometry": {"type": "Polygon", "coordinates": [[[30.132674038, -1.911526536], [30.144166059, -1.911505388], [30.14418718, -1.923068269], [30.132695082, -1.923089546], [30.132674038, -1.911526536]]]}}, {"type": "Feature", "id": "training_2025_20250730_20250727_r006_c000_00076", "properties": {"patch_id": "training_2025_20250730_20250727_r006_c000_00076", "training_tag": "training_2025_20250730_20250727", "year": 2025, "split": "validation", "cluster_id": 8, "dominant_interpretation": "built_up", "weak_source_fraction": 0.94611, "anomaly_score": 0.81869, "review_priority": "embedding_supported", "review_reason": "embedding cluster has compatible weak-source interpretation", "area_m2": 1638400.0}, "geometry": {"type": "Polygon", "coordinates": [[[29.97179258, -1.923379264], [29.983286415, -1.923359075], [29.98330658, -1.934923705], [29.971812668, -1.934944016], [29.97179258, -1.923379264]]]}}, {"type": "Feature", "id": "training_2025_20250730_20250727_r006_c001_00077", "properties": {"patch_id": "training_2025_20250730_20250727_r006_c001_00077", "training_tag": "training_2025_20250730_20250727", "year": 2025, "split": "validation", "cluster_id": 2, "dominant_interpretation": "built_up", "weak_source_fraction": 0.818321, "anomaly_score": 1.0, "review_priority": "high_anomaly", "review_reason": "high embedding anomaly", "area_m2": 1638400.0}, "geometry": {"type": "Polygon", "coordinates": [[[29.983286415, -1.923359075], [29.994780129, -1.923338808], [29.994800372, -1.934903315], [29.98330658, -1.934923705], [29.983286415, -1.923359075]]]}}, {"type": "Feature", "id": "training_2025_20250730_20250727_r006_c002_00078", "properties": {"patch_id": "training_2025_20250730_20250727_r006_c002_00078", "training_tag": "training_2025_20250730_20250727", "year": 2025, "split": "validation", "cluster_id": 4, "dominant_interpretation": "built_up", "weak_source_fraction": 0.870073, "anomaly_score": 0.492411, "review_priority": "embedding_supported", "review_reason": "embedding cluster has compatible weak-source interpretation", "area_m2": 1638400.0}, "geometry": {"type": "Polygon", "coordinates": [[[29.994780129, -1.923338808], [30.006273722, -1.923318463], [30.006294042, -1.934882848], [29.994800372, -1.934903315], [29.994780129, -1.923338808]]]}}, {"type": "Feature", "id": "training_2025_20250730_20250727_r006_c003_00079", "properties": {"patch_id": "training_2025_20250730_20250727_r006_c003_00079", "training_tag": "training_2025_20250730_20250727", "year": 2025, "split": "validation", "cluster_id": 1, "dominant_interpretation": "vegetation", "weak_source_fraction": 0.506482, "anomaly_score": 0.501201, "review_priority": "weak_support_review", "review_reason": "mixed or weak-source support", "area_m2": 1638400.0}, "geometry": {"type": "Polygon", "coordinates": [[[30.006273722, -1.923318463], [30.017767192, -1.92329804], [30.017787589, -1.934862303], [30.006294042, -1.934882848], [30.006273722, -1.923318463]]]}}, {"type": "Feature", "id": "training_2025_20250806_20250808_r000_c000_00000", "properties": {"patch_id": "training_2025_20250806_20250808_r000_c000_00000", "training_tag": "training_2025_20250806_20250808", "year": 2025, "split": "validation", "cluster_id": 2, "dominant_interpretation": "vegetation", "weak_source_fraction": 0.593518, "anomaly_score": 0.953503, "review_priority": "high_anomaly", "review_reason": "high embedding anomaly", "area_m2": 1638400.0}, "geometry": {"type": "Polygon", "coordinates": [[[29.971674588, -1.85399072], [29.983167969, -1.853971259], [29.983187407, -1.865535899], [29.971693952, -1.865555482], [29.971674588, -1.85399072]]]}}, {"type": "Feature", "id": "training_2025_20250806_20250808_r000_c001_00001", "properties": {"patch_id": "training_2025_20250806_20250808_r000_c001_00001", "training_tag": "training_2025_20250806_20250808", "year": 2025, "split": "validation", "cluster_id": 8, "dominant_interpretation": "built_up", "weak_source_fraction": 0.81058, "anomaly_score": 0.349542, "review_priority": "embedding_supported", "review_reason": "embedding cluster has compatible weak-source interpretation", "area_m2": 1638400.0}, "geometry": {"type": "Polygon", "coordinates": [[[29.983167969, -1.853971259], [29.994661228, -1.853951724], [29.994680741, -1.865516242], [29.983187407, -1.865535899], [29.983167969, -1.853971259]]]}}, {"type": "Feature", "id": "training_2025_20250806_20250808_r000_c002_00002", "properties": {"patch_id": "training_2025_20250806_20250808_r000_c002_00002", "training_tag": "training_2025_20250806_20250808", "year": 2025, "split": "validation", "cluster_id": 8, "dominant_interpretation": "built_up", "weak_source_fraction": 0.968646, "anomaly_score": 0.990844, "review_priority": "high_anomaly", "review_reason": "high embedding anomaly", "area_m2": 1638400.0}, "geometry": {"type": "Polygon", "coordinates": [[[29.994661228, -1.853951724], [30.006154366, -1.853932113], [30.006173953, -1.865496509], [29.994680741, -1.865516242], [29.994661228, -1.853951724]]]}}, {"type": "Feature", "id": "training_2025_20250806_20250808_r000_c003_00003", "properties": {"patch_id": "training_2025_20250806_20250808_r000_c003_00003", "training_tag": "training_2025_20250806_20250808", "year": 2025, "split": "validation", "cluster_id": 8, "dominant_interpretation": "built_up", "weak_source_fraction": 0.928253, "anomaly_score": 0.671919, "review_priority": "embedding_supported", "review_reason": "embedding cluster has compatible weak-source interpretation", "area_m2": 1638400.0}, "geometry": {"type": "Polygon", "coordinates": [[[30.006154366, -1.853932113], [30.017647381, -1.853912428], [30.017667044, -1.865476701], [30.006173953, -1.865496509], [30.006154366, -1.853932113]]]}}, {"type": "Feature", "id": "training_2025_20250806_20250808_r000_c005_00004", "properties": {"patch_id": "training_2025_20250806_20250808_r000_c005_00004", "training_tag": "training_2025_20250806_20250808", "year": 2025, "split": "validation", "cluster_id": 1, "dominant_interpretation": "vegetation", "weak_source_fraction": 1.0, "anomaly_score": 0.501748, "review_priority": "embedding_supported", "review_reason": "embedding cluster has compatible weak-source interpretation", "area_m2": 1638400.0}, "geometry": {"type": "Polygon", "coordinates": [[[30.029140275, -1.853892668], [30.040633045, -1.853872833], [30.040652857, -1.865436859], [30.029160012, -1.865456818], [30.029140275, -1.853892668]]]}}, {"type": "Feature", "id": "training_2025_20250806_20250808_r000_c006_00005", "properties": {"patch_id": "training_2025_20250806_20250808_r000_c006_00005", "training_tag": "training_2025_20250806_20250808", "year": 2025, "split": "validation", "cluster_id": 5, "dominant_interpretation": "vegetation", "weak_source_fraction": 1.0, "anomaly_score": 0.468357, "review_priority": "embedding_supported", "review_reason": "embedding cluster has compatible weak-source interpretation", "area_m2": 1638400.0}, "geometry": {"type": "Polygon", "coordinates": [[[30.040633045, -1.853872833], [30.052125692, -1.853852923], [30.052145578, -1.865416825], [30.040652857, -1.865436859], [30.040633045, -1.853872833]]]}}, {"type": "Feature", "id": "training_2025_20250806_20250808_r000_c007_00006", "properties": {"patch_id": "training_2025_20250806_20250808_r000_c007_00006", "training_tag": "training_2025_20250806_20250808", "year": 2025, "split": "validation", "cluster_id": 1, "dominant_interpretation": "vegetation", "weak_source_fraction": 0.67319, "anomaly_score": 0.353466, "review_priority": "embedding_supported", "review_reason": "embedding cluster has compatible weak-source interpretation", "area_m2": 1638400.0}, "geometry": {"type": "Polygon", "coordinates": [[[30.052125692, -1.853852923], [30.063618215, -1.853832939], [30.063638176, -1.865396716], [30.052145578, -1.865416825], [30.052125692, -1.853852923]]]}}, {"type": "Feature", "id": "training_2025_20250806_20250808_r000_c008_00007", "properties": {"patch_id": "training_2025_20250806_20250808_r000_c008_00007", "training_tag": "training_2025_20250806_20250808", "year": 2025, "split": "validation", "cluster_id": 5, "dominant_interpretation": "vegetation", "weak_source_fraction": 1.0, "anomaly_score": 0.474919, "review_priority": "embedding_supported", "review_reason": "embedding cluster has compatible weak-source interpretation", "area_m2": 1638400.0}, "geometry": {"type": "Polygon", "coordinates": [[[30.063618215, -1.853832939], [30.075110614, -1.853812879], [30.075130649, -1.865376531], [30.063638176, -1.865396716], [30.063618215, -1.853832939]]]}}, {"type": "Feature", "id": "training_2025_20250806_20250808_r000_c010_00008", "properties": {"patch_id": "training_2025_20250806_20250808_r000_c010_00008", "training_tag": "training_2025_20250806_20250808", "year": 2025, "split": "validation", "cluster_id": 5, "dominant_interpretation": "vegetation", "weak_source_fraction": 1.0, "anomaly_score": 0.409203, "review_priority": "embedding_supported", "review_reason": "embedding cluster has compatible weak-source interpretation", "area_m2": 1638400.0}, "geometry": {"type": "Polygon", "coordinates": [[[30.086602888, -1.853792745], [30.098095037, -1.853772536], [30.098115221, -1.865335936], [30.086622998, -1.865356271], [30.086602888, -1.853792745]]]}}, {"type": "Feature", "id": "training_2025_20250806_20250808_r000_c014_00009", "properties": {"patch_id": "training_2025_20250806_20250808_r000_c014_00009", "training_tag": "training_2025_20250806_20250808", "year": 2025, "split": "validation", "cluster_id": 2, "dominant_interpretation": "built_up", "weak_source_fraction": 0.939968, "anomaly_score": 0.397692, "review_priority": "embedding_supported", "review_reason": "embedding cluster has compatible weak-source interpretation", "area_m2": 1638400.0}, "geometry": {"type": "Polygon", "coordinates": [[[30.132570726, -1.85371146], [30.144062369, -1.853690952], [30.144082852, -1.865253843], [30.132591135, -1.865274479], [30.132570726, -1.85371146]]]}}, {"type": "Feature", "id": "training_2025_20250806_20250808_r001_c001_00010", "properties": {"patch_id": "training_2025_20250806_20250808_r001_c001_00010", "training_tag": "training_2025_20250806_20250808", "year": 2025, "split": "validation", "cluster_id": 8, "dominant_interpretation": "built_up", "weak_source_fraction": 0.970827, "anomaly_score": 0.226658, "review_priority": "embedding_supported", "review_reason": "embedding cluster has compatible weak-source interpretation", "area_m2": 1638400.0}, "geometry": {"type": "Polygon", "coordinates": [[[29.983187407, -1.865535899], [29.994680741, -1.865516242], [29.994700375, -1.877080759], [29.983206966, -1.877100538], [29.983187407, -1.865535899]]]}}, {"type": "Feature", "id": "training_2025_20250806_20250808_r001_c002_00011", "properties": {"patch_id": "training_2025_20250806_20250808_r001_c002_00011", "training_tag": "training_2025_20250806_20250808", "year": 2025, "split": "validation", "cluster_id": 8, "dominant_interpretation": "built_up", "weak_source_fraction": 0.965997, "anomaly_score": 0.260447, "review_priority": "embedding_supported", "review_reason": "embedding cluster has compatible weak-source interpretation", "area_m2": 1638400.0}, "geometry": {"type": "Polygon", "coordinates": [[[29.994680741, -1.865516242], [30.006173953, -1.865496509], [30.006193663, -1.877060903], [29.994700375, -1.877080759], [29.994680741, -1.865516242]]]}}, {"type": "Feature", "id": "training_2025_20250806_20250808_r001_c006_00012", "properties": {"patch_id": "training_2025_20250806_20250808_r001_c006_00012", "training_tag": "training_2025_20250806_20250808", "year": 2025, "split": "validation", "cluster_id": 1, "dominant_interpretation": "vegetation", "weak_source_fraction": 0.909596, "anomaly_score": 0.348761, "review_priority": "embedding_supported", "review_reason": "embedding cluster has compatible weak-source interpretation", "area_m2": 1638400.0}, "geometry": {"type": "Polygon", "coordinates": [[[30.040652857, -1.865436859], [30.052145578, -1.865416825], [30.052165588, -1.876980725], [30.040672791, -1.877000883], [30.040652857, -1.865436859]]]}}, {"type": "Feature", "id": "training_2025_20250806_20250808_r001_c008_00013", "properties": {"patch_id": "training_2025_20250806_20250808_r001_c008_00013", "training_tag": "training_2025_20250806_20250808", "year": 2025, "split": "validation", "cluster_id": 1, "dominant_interpretation": "built_up", "weak_source_fraction": 0.53735, "anomaly_score": 0.399956, "review_priority": "weak_support_review", "review_reason": "mixed or weak-source support", "area_m2": 1638400.0}, "geometry": {"type": "Polygon", "coordinates": [[[30.063638176, -1.865396716], [30.075130649, -1.865376531], [30.075150809, -1.876940181], [30.063658261, -1.876960491], [30.063638176, -1.865396716]]]}}, {"type": "Feature", "id": "training_2025_20250806_20250808_r001_c009_00014", "properties": {"patch_id": "training_2025_20250806_20250808_r001_c009_00014", "training_tag": "training_2025_20250806_20250808", "year": 2025, "split": "validation", "cluster_id": 5, "dominant_interpretation": "vegetation", "weak_source_fraction": 0.998376, "anomaly_score": 0.363281, "review_priority": "embedding_supported", "review_reason": "embedding cluster has compatible weak-source interpretation", "area_m2": 1638400.0}, "geometry": {"type": "Polygon", "coordinates": [[[30.075130649, -1.865376531], [30.086622998, -1.865356271], [30.086643233, -1.876919795], [30.075150809, -1.876940181], [30.075130649, -1.865376531]]]}}, {"type": "Feature", "id": "training_2025_20250806_20250808_r001_c010_00015", "properties": {"patch_id": "training_2025_20250806_20250808_r001_c010_00015", "training_tag": "training_2025_20250806_20250808", "year": 2025, "split": "validation", "cluster_id": 5, "dominant_interpretation": "vegetation", "weak_source_fraction": 0.999817, "anomaly_score": 0.525002, "review_priority": "embedding_supported", "review_reason": "embedding cluster has compatible weak-source interpretation", "area_m2": 1638400.0}, "geometry": {"type": "Polygon", "coordinates": [[[30.086622998, -1.865356271], [30.098115221, -1.865335936], [30.098135531, -1.876899334], [30.086643233, -1.876919795], [30.086622998, -1.865356271]]]}}, {"type": "Feature", "id": "training_2025_20250806_20250808_r001_c011_00016", "properties": {"patch_id": "training_2025_20250806_20250808_r001_c011_00016", "training_tag": "training_2025_20250806_20250808", "year": 2025, "split": "validation", "cluster_id": 1, "dominant_interpretation": "vegetation", "weak_source_fraction": 0.94507, "anomaly_score": 0.230426, "review_priority": "embedding_supported", "review_reason": "embedding cluster has compatible weak-source interpretation", "area_m2": 1638400.0}, "geometry": {"type": "Polygon", "coordinates": [[[30.098115221, -1.865335936], [30.109607319, -1.865315526], [30.109627704, -1.876878797], [30.098135531, -1.876899334], [30.098115221, -1.865335936]]]}}, {"type": "Feature", "id": "training_2025_20250806_20250808_r001_c013_00017", "properties": {"patch_id": "training_2025_20250806_20250808_r001_c013_00017", "training_tag": "training_2025_20250806_20250808", "year": 2025, "split": "validation", "cluster_id": 1, "dominant_interpretation": "vegetation", "weak_source_fraction": 1.0, "anomaly_score": 0.658631, "review_priority": "embedding_supported", "review_reason": "embedding cluster has compatible weak-source interpretation", "area_m2": 1638400.0}, "geometry": {"type": "Polygon", "coordinates": [[[30.12109929, -1.86529504], [30.132591135, -1.865274479], [30.13261167, -1.876837496], [30.12111975, -1.876858184], [30.12109929, -1.86529504]]]}}, {"type": "Feature", "id": "training_2025_20250806_20250808_r001_c014_00018", "properties": {"patch_id": "training_2025_20250806_20250808_r001_c014_00018", "training_tag": "training_2025_20250806_20250808", "year": 2025, "split": "validation", "cluster_id": 2, "dominant_interpretation": "built_up", "weak_source_fraction": 0.768632, "anomaly_score": 0.575196, "review_priority": "embedding_supported", "review_reason": "embedding cluster has compatible weak-source interpretation", "area_m2": 1638400.0}, "geometry": {"type": "Polygon", "coordinates": [[[30.132591135, -1.865274479], [30.144082852, -1.865253843], [30.144103462, -1.876816732], [30.13261167, -1.876837496], [30.132591135, -1.865274479]]]}}, {"type": "Feature", "id": "training_2025_20250806_20250808_r002_c001_00019", "properties": {"patch_id": "training_2025_20250806_20250808_r002_c001_00019", "training_tag": "training_2025_20250806_20250808", "year": 2025, "split": "validation", "cluster_id": 1, "dominant_interpretation": "built_up", "weak_source_fraction": 0.60419, "anomaly_score": 0.318688, "review_priority": "weak_support_review", "review_reason": "mixed or weak-source support", "area_m2": 1638400.0}, "geometry": {"type": "Polygon", "coordinates": [[[29.983206966, -1.877100538], [29.994700375, -1.877080759], [29.994720132, -1.888645273], [29.983226647, -1.888665175], [29.983206966, -1.877100538]]]}}, {"type": "Feature", "id": "training_2025_20250806_20250808_r002_c003_00020", "properties": {"patch_id": "training_2025_20250806_20250808_r002_c003_00020", "training_tag": "training_2025_20250806_20250808", "year": 2025, "split": "validation", "cluster_id": 8, "dominant_interpretation": "built_up", "weak_source_fraction": 0.948057, "anomaly_score": 0.536827, "review_priority": "embedding_supported", "review_reason": "embedding cluster has compatible weak-source interpretation", "area_m2": 1638400.0}, "geometry": {"type": "Polygon", "coordinates": [[[30.006193663, -1.877060903], [30.017686828, -1.877040972], [30.017706736, -1.888605242], [30.006213495, -1.888625296], [30.006193663, -1.877060903]]]}}, {"type": "Feature", "id": "training_2025_20250806_20250808_r002_c004_00021", "properties": {"patch_id": "training_2025_20250806_20250808_r002_c004_00021", "training_tag": "training_2025_20250806_20250808", "year": 2025, "split": "validation", "cluster_id": 8, "dominant_interpretation": "built_up", "weak_source_fraction": 0.916452, "anomaly_score": 0.711359, "review_priority": "embedding_supported", "review_reason": "embedding cluster has compatible weak-source interpretation", "area_m2": 1638400.0}, "geometry": {"type": "Polygon", "coordinates": [[[30.017686828, -1.877040972], [30.029179871, -1.877020966], [30.029199854, -1.888585112], [30.017706736, -1.888605242], [30.017686828, -1.877040972]]]}}, {"type": "Feature", "id": "training_2025_20250806_20250808_r002_c005_00022", "properties": {"patch_id": "training_2025_20250806_20250808_r002_c005_00022", "training_tag": "training_2025_20250806_20250808", "year": 2025, "split": "validation", "cluster_id": 1, "dominant_interpretation": "vegetation", "weak_source_fraction": 0.690461, "anomaly_score": 0.465655, "review_priority": "embedding_supported", "review_reason": "embedding cluster has compatible weak-source interpretation", "area_m2": 1638400.0}, "geometry": {"type": "Polygon", "coordinates": [[[30.029179871, -1.877020966], [30.040672791, -1.877000883], [30.04069285, -1.888564906], [30.029199854, -1.888585112], [30.029179871, -1.877020966]]]}}, {"type": "Feature", "id": "training_2025_20250806_20250808_r002_c006_00023", "properties": {"patch_id": "training_2025_20250806_20250808_r002_c006_00023", "training_tag": "training_2025_20250806_20250808", "year": 2025, "split": "validation", "cluster_id": 5, "dominant_interpretation": "vegetation", "weak_source_fraction": 0.991076, "anomaly_score": 0.102414, "review_priority": "embedding_supported", "review_reason": "embedding cluster has compatible weak-source interpretation", "area_m2": 1638400.0}, "geometry": {"type": "Polygon", "coordinates": [[[30.040672791, -1.877000883], [30.052165588, -1.876980725], [30.052185722, -1.888544623], [30.04069285, -1.888564906], [30.040672791, -1.877000883]]]}}, {"type": "Feature", "id": "training_2025_20250806_20250808_r002_c007_00024", "properties": {"patch_id": "training_2025_20250806_20250808_r002_c007_00024", "training_tag": "training_2025_20250806_20250808", "year": 2025, "split": "validation", "cluster_id": 5, "dominant_interpretation": "vegetation", "weak_source_fraction": 1.0, "anomaly_score": 0.38373, "review_priority": "embedding_supported", "review_reason": "embedding cluster has compatible weak-source interpretation", "area_m2": 1638400.0}, "geometry": {"type": "Polygon", "coordinates": [[[30.052165588, -1.876980725], [30.063658261, -1.876960491], [30.06367847, -1.888524264], [30.052185722, -1.888544623], [30.052165588, -1.876980725]]]}}, {"type": "Feature", "id": "training_2025_20250806_20250808_r002_c008_00025", "properties": {"patch_id": "training_2025_20250806_20250808_r002_c008_00025", "training_tag": "training_2025_20250806_20250808", "year": 2025, "split": "validation", "cluster_id": 5, "dominant_interpretation": "vegetation", "weak_source_fraction": 0.960114, "anomaly_score": 0.0, "review_priority": "embedding_supported", "review_reason": "embedding cluster has compatible weak-source interpretation", "area_m2": 1638400.0}, "geometry": {"type": "Polygon", "coordinates": [[[30.063658261, -1.876960491], [30.075150809, -1.876940181], [30.075171094, -1.888503829], [30.06367847, -1.888524264], [30.063658261, -1.876960491]]]}}, {"type": "Feature", "id": "training_2025_20250806_20250808_r002_c010_00026", "properties": {"patch_id": "training_2025_20250806_20250808_r002_c010_00026", "training_tag": "training_2025_20250806_20250808", "year": 2025, "split": "validation", "cluster_id": 5, "dominant_interpretation": "vegetation", "weak_source_fraction": 1.0, "anomaly_score": 0.183926, "review_priority": "embedding_supported", "review_reason": "embedding cluster has compatible weak-source interpretation", "area_m2": 1638400.0}, "geometry": {"type": "Polygon", "coordinates": [[[30.086643233, -1.876919795], [30.098135531, -1.876899334], [30.098155967, -1.888462731], [30.086663593, -1.888483318], [30.086643233, -1.876919795]]]}}, {"type": "Feature", "id": "training_2025_20250806_20250808_r002_c011_00027", "properties": {"patch_id": "training_2025_20250806_20250808_r002_c011_00027", "training_tag": "training_2025_20250806_20250808", "year": 2025, "split": "validation", "cluster_id": 5, "dominant_interpretation": "vegetation", "weak_source_fraction": 1.0, "anomaly_score": 0.056865, "review_priority": "embedding_supported", "review_reason": "embedding cluster has compatible weak-source interpretation", "area_m2": 1638400.0}, "geometry": {"type": "Polygon", "coordinates": [[[30.098135531, -1.876899334], [30.109627704, -1.876878797], [30.109648215, -1.888442067], [30.098155967, -1.888462731], [30.098135531, -1.876899334]]]}}, {"type": "Feature", "id": "training_2025_20250806_20250808_r002_c012_00028", "properties": {"patch_id": "training_2025_20250806_20250808_r002_c012_00028", "training_tag": "training_2025_20250806_20250808", "year": 2025, "split": "validation", "cluster_id": 1, "dominant_interpretation": "vegetation", "weak_source_fraction": 0.99885, "anomaly_score": 0.336152, "review_priority": "embedding_supported", "review_reason": "embedding cluster has compatible weak-source interpretation", "area_m2": 1638400.0}, "geometry": {"type": "Polygon", "coordinates": [[[30.109627704, -1.876878797], [30.12111975, -1.876858184], [30.121140337, -1.888421327], [30.109648215, -1.888442067], [30.109627704, -1.876878797]]]}}, {"type": "Feature", "id": "training_2025_20250806_20250808_r002_c013_00029", "properties": {"patch_id": "training_2025_20250806_20250808_r002_c013_00029", "training_tag": "training_2025_20250806_20250808", "year": 2025, "split": "validation", "cluster_id": 1, "dominant_interpretation": "vegetation", "weak_source_fraction": 0.965449, "anomaly_score": 0.232338, "review_priority": "embedding_supported", "review_reason": "embedding cluster has compatible weak-source interpretation", "area_m2": 1638400.0}, "geometry": {"type": "Polygon", "coordinates": [[[30.12111975, -1.876858184], [30.13261167, -1.876837496], [30.132632332, -1.888400511], [30.121140337, -1.888421327], [30.12111975, -1.876858184]]]}}, {"type": "Feature", "id": "training_2025_20250806_20250808_r002_c014_00030", "properties": {"patch_id": "training_2025_20250806_20250808_r002_c014_00030", "training_tag": "training_2025_20250806_20250808", "year": 2025, "split": "validation", "cluster_id": 1, "dominant_interpretation": "built_up", "weak_source_fraction": 0.662377, "anomaly_score": 0.700685, "review_priority": "embedding_supported", "review_reason": "embedding cluster has compatible weak-source interpretation", "area_m2": 1638400.0}, "geometry": {"type": "Polygon", "coordinates": [[[30.13261167, -1.876837496], [30.144103462, -1.876816732], [30.1441242, -1.888379619], [30.132632332, -1.888400511], [30.13261167, -1.876837496]]]}}, {"type": "Feature", "id": "training_2025_20250806_20250808_r003_c000_00031", "properties": {"patch_id": "training_2025_20250806_20250808_r003_c000_00031", "training_tag": "training_2025_20250806_20250808", "year": 2025, "split": "validation", "cluster_id": 5, "dominant_interpretation": "vegetation", "weak_source_fraction": 1.0, "anomaly_score": 0.165133, "review_priority": "embedding_supported", "review_reason": "embedding cluster has compatible weak-source interpretation", "area_m2": 1638400.0}, "geometry": {"type": "Polygon", "coordinates": [[[29.971733041, -1.888685], [29.983226647, -1.888665175], [29.983246449, -1.90022981], [29.971752767, -1.900249756], [29.971733041, -1.888685]]]}}, {"type": "Feature", "id": "training_2025_20250806_20250808_r003_c001_00032", "properties": {"patch_id": "training_2025_20250806_20250808_r003_c001_00032", "training_tag": "training_2025_20250806_20250808", "year": 2025, "split": "validation", "cluster_id": 2, "dominant_interpretation": "built_up", "weak_source_fraction": 0.743332, "anomaly_score": 0.561461, "review_priority": "embedding_supported", "review_reason": "embedding cluster has compatible weak-source interpretation", "area_m2": 1638400.0}, "geometry": {"type": "Polygon", "coordinates": [[[29.983226647, -1.888665175], [29.994720132, -1.888645273], [29.994740009, -1.900209787], [29.983246449, -1.90022981], [29.983226647, -1.888665175]]]}}, {"type": "Feature", "id": "training_2025_20250806_20250808_r003_c002_00033", "properties": {"patch_id": "training_2025_20250806_20250808_r003_c002_00033", "training_tag": "training_2025_20250806_20250808", "year": 2025, "split": "validation", "cluster_id": 8, "dominant_interpretation": "built_up", "weak_source_fraction": 0.965529, "anomaly_score": 0.143101, "review_priority": "embedding_supported", "review_reason": "embedding cluster has compatible weak-source interpretation", "area_m2": 1638400.0}, "geometry": {"type": "Polygon", "coordinates": [[[29.994720132, -1.888645273], [30.006213495, -1.888625296], [30.006233448, -1.900189687], [29.994740009, -1.900209787], [29.994720132, -1.888645273]]]}}, {"type": "Feature", "id": "training_2025_20250806_20250808_r003_c003_00034", "properties": {"patch_id": "training_2025_20250806_20250808_r003_c003_00034", "training_tag": "training_2025_20250806_20250808", "year": 2025, "split": "validation", "cluster_id": 8, "dominant_interpretation": "built_up", "weak_source_fraction": 0.956385, "anomaly_score": 0.114855, "review_priority": "embedding_supported", "review_reason": "embedding cluster has compatible weak-source interpretation", "area_m2": 1638400.0}, "geometry": {"type": "Polygon", "coordinates": [[[30.006213495, -1.888625296], [30.017706736, -1.888605242], [30.017726765, -1.90016951], [30.006233448, -1.900189687], [30.006213495, -1.888625296]]]}}, {"type": "Feature", "id": "training_2025_20250806_20250808_r003_c004_00035", "properties": {"patch_id": "training_2025_20250806_20250808_r003_c004_00035", "training_tag": "training_2025_20250806_20250808", "year": 2025, "split": "validation", "cluster_id": 8, "dominant_interpretation": "built_up", "weak_source_fraction": 0.980159, "anomaly_score": 0.783114, "review_priority": "embedding_supported", "review_reason": "embedding cluster has compatible weak-source interpretation", "area_m2": 1638400.0}, "geometry": {"type": "Polygon", "coordinates": [[[30.017706736, -1.888605242], [30.029199854, -1.888585112], [30.02921996, -1.900149256], [30.017726765, -1.90016951], [30.017706736, -1.888605242]]]}}, {"type": "Feature", "id": "training_2025_20250806_20250808_r003_c005_00036", "properties": {"patch_id": "training_2025_20250806_20250808_r003_c005_00036", "training_tag": "training_2025_20250806_20250808", "year": 2025, "split": "validation", "cluster_id": 5, "dominant_interpretation": "vegetation", "weak_source_fraction": 0.806591, "anomaly_score": 0.764013, "review_priority": "embedding_supported", "review_reason": "embedding cluster has compatible weak-source interpretation", "area_m2": 1638400.0}, "geometry": {"type": "Polygon", "coordinates": [[[30.029199854, -1.888585112], [30.04069285, -1.888564906], [30.040713031, -1.900128926], [30.02921996, -1.900149256], [30.029199854, -1.888585112]]]}}, {"type": "Feature", "id": "training_2025_20250806_20250808_r003_c006_00037", "properties": {"patch_id": "training_2025_20250806_20250808_r003_c006_00037", "training_tag": "training_2025_20250806_20250808", "year": 2025, "split": "validation", "cluster_id": 1, "dominant_interpretation": "vegetation", "weak_source_fraction": 0.52439, "anomaly_score": 0.152386, "review_priority": "weak_support_review", "review_reason": "mixed or weak-source support", "area_m2": 1638400.0}, "geometry": {"type": "Polygon", "coordinates": [[[30.04069285, -1.888564906], [30.052185722, -1.888544623], [30.05220598, -1.900108519], [30.040713031, -1.900128926], [30.04069285, -1.888564906]]]}}, {"type": "Feature", "id": "training_2025_20250806_20250808_r003_c007_00038", "properties": {"patch_id": "training_2025_20250806_20250808_r003_c007_00038", "training_tag": "training_2025_20250806_20250808", "year": 2025, "split": "validation", "cluster_id": 5, "dominant_interpretation": "vegetation", "weak_source_fraction": 0.888723, "anomaly_score": 0.62828, "review_priority": "embedding_supported", "review_reason": "embedding cluster has compatible weak-source interpretation", "area_m2": 1638400.0}, "geometry": {"type": "Polygon", "coordinates": [[[30.052185722, -1.888544623], [30.06367847, -1.888524264], [30.063698804, -1.900088036], [30.05220598, -1.900108519], [30.052185722, -1.888544623]]]}}, {"type": "Feature", "id": "training_2025_20250806_20250808_r003_c008_00039", "properties": {"patch_id": "training_2025_20250806_20250808_r003_c008_00039", "training_tag": "training_2025_20250806_20250808", "year": 2025, "split": "validation", "cluster_id": 3, "dominant_interpretation": "vegetation", "weak_source_fraction": 0.820609, "anomaly_score": 0.666077, "review_priority": "embedding_supported", "review_reason": "embedding cluster has compatible weak-source interpretation", "area_m2": 1638400.0}, "geometry": {"type": "Polygon", "coordinates": [[[30.06367847, -1.888524264], [30.075171094, -1.888503829], [30.075191504, -1.900067476], [30.063698804, -1.900088036], [30.06367847, -1.888524264]]]}}, {"type": "Feature", "id": "training_2025_20250806_20250808_r003_c009_00040", "properties": {"patch_id": "training_2025_20250806_20250808_r003_c009_00040", "training_tag": "training_2025_20250806_20250808", "year": 2025, "split": "validation", "cluster_id": 5, "dominant_interpretation": "vegetation", "weak_source_fraction": 0.968607, "anomaly_score": 0.862574, "review_priority": "embedding_supported", "review_reason": "embedding cluster has compatible weak-source interpretation", "area_m2": 1638400.0}, "geometry": {"type": "Polygon", "coordinates": [[[30.075171094, -1.888503829], [30.086663593, -1.888483318], [30.086684079, -1.900046839], [30.075191504, -1.900067476], [30.075171094, -1.888503829]]]}}, {"type": "Feature", "id": "training_2025_20250806_20250808_r003_c010_00041", "properties": {"patch_id": "training_2025_20250806_20250808_r003_c010_00041", "training_tag": "training_2025_20250806_20250808", "year": 2025, "split": "validation", "cluster_id": 5, "dominant_interpretation": "vegetation", "weak_source_fraction": 1.0, "anomaly_score": 0.147232, "review_priority": "embedding_supported", "review_reason": "embedding cluster has compatible weak-source interpretation", "area_m2": 1638400.0}, "geometry": {"type": "Polygon", "coordinates": [[[30.086663593, -1.888483318], [30.098155967, -1.888462731], [30.098176529, -1.900026125], [30.086684079, -1.900046839], [30.086663593, -1.888483318]]]}}, {"type": "Feature", "id": "training_2025_20250806_20250808_r003_c011_00042", "properties": {"patch_id": "training_2025_20250806_20250808_r003_c011_00042", "training_tag": "training_2025_20250806_20250808", "year": 2025, "split": "validation", "cluster_id": 5, "dominant_interpretation": "vegetation", "weak_source_fraction": 0.975898, "anomaly_score": 0.568361, "review_priority": "embedding_supported", "review_reason": "embedding cluster has compatible weak-source interpretation", "area_m2": 1638400.0}, "geometry": {"type": "Polygon", "coordinates": [[[30.098155967, -1.888462731], [30.109648215, -1.888442067], [30.109668853, -1.900005335], [30.098176529, -1.900026125], [30.098155967, -1.888462731]]]}}, {"type": "Feature", "id": "training_2025_20250806_20250808_r003_c012_00043", "properties": {"patch_id": "training_2025_20250806_20250808_r003_c012_00043", "training_tag": "training_2025_20250806_20250808", "year": 2025, "split": "validation", "cluster_id": 5, "dominant_interpretation": "vegetation", "weak_source_fraction": 0.997862, "anomaly_score": 0.148696, "review_priority": "embedding_supported", "review_reason": "embedding cluster has compatible weak-source interpretation", "area_m2": 1638400.0}, "geometry": {"type": "Polygon", "coordinates": [[[30.109648215, -1.888442067], [30.121140337, -1.888421327], [30.121161051, -1.899984468], [30.109668853, -1.900005335], [30.109648215, -1.888442067]]]}}, {"type": "Feature", "id": "training_2025_20250806_20250808_r003_c013_00044", "properties": {"patch_id": "training_2025_20250806_20250808_r003_c013_00044", "training_tag": "training_2025_20250806_20250808", "year": 2025, "split": "validation", "cluster_id": 1, "dominant_interpretation": "vegetation", "weak_source_fraction": 0.999441, "anomaly_score": 0.193506, "review_priority": "embedding_supported", "review_reason": "embedding cluster has compatible weak-source interpretation", "area_m2": 1638400.0}, "geometry": {"type": "Polygon", "coordinates": [[[30.121140337, -1.888421327], [30.132632332, -1.888400511], [30.132653122, -1.899963524], [30.121161051, -1.899984468], [30.121140337, -1.888421327]]]}}, {"type": "Feature", "id": "training_2025_20250806_20250808_r003_c014_00045", "properties": {"patch_id": "training_2025_20250806_20250808_r003_c014_00045", "training_tag": "training_2025_20250806_20250808", "year": 2025, "split": "validation", "cluster_id": 1, "dominant_interpretation": "vegetation", "weak_source_fraction": 1.0, "anomaly_score": 0.333379, "review_priority": "embedding_supported", "review_reason": "embedding cluster has compatible weak-source interpretation", "area_m2": 1638400.0}, "geometry": {"type": "Polygon", "coordinates": [[[30.132632332, -1.888400511], [30.1441242, -1.888379619], [30.144145066, -1.899942504], [30.132653122, -1.899963524], [30.132632332, -1.888400511]]]}}, {"type": "Feature", "id": "training_2025_20250806_20250808_r004_c000_00046", "properties": {"patch_id": "training_2025_20250806_20250808_r004_c000_00046", "training_tag": "training_2025_20250806_20250808", "year": 2025, "split": "validation", "cluster_id": 3, "dominant_interpretation": "vegetation", "weak_source_fraction": 0.537215, "anomaly_score": 0.704222, "review_priority": "weak_support_review", "review_reason": "mixed or weak-source support", "area_m2": 1638400.0}, "geometry": {"type": "Polygon", "coordinates": [[[29.971752767, -1.900249756], [29.983246449, -1.90022981], [29.983266371, -1.911794443], [29.971772613, -1.911814511], [29.971752767, -1.900249756]]]}}, {"type": "Feature", "id": "training_2025_20250806_20250808_r004_c001_00047", "properties": {"patch_id": "training_2025_20250806_20250808_r004_c001_00047", "training_tag": "training_2025_20250806_20250808", "year": 2025, "split": "validation", "cluster_id": 2, "dominant_interpretation": "vegetation", "weak_source_fraction": 0.518096, "anomaly_score": 0.39858, "review_priority": "weak_support_review", "review_reason": "mixed or weak-source support", "area_m2": 1638400.0}, "geometry": {"type": "Polygon", "coordinates": [[[29.983246449, -1.90022981], [29.994740009, -1.900209787], [29.994760009, -1.911774298], [29.983266371, -1.911794443], [29.983246449, -1.90022981]]]}}, {"type": "Feature", "id": "training_2025_20250806_20250808_r004_c002_00048", "properties": {"patch_id": "training_2025_20250806_20250808_r004_c002_00048", "training_tag": "training_2025_20250806_20250808", "year": 2025, "split": "validation", "cluster_id": 2, "dominant_interpretation": "built_up", "weak_source_fraction": 0.739619, "anomaly_score": 0.565052, "review_priority": "embedding_supported", "review_reason": "embedding cluster has compatible weak-source interpretation", "area_m2": 1638400.0}, "geometry": {"type": "Polygon", "coordinates": [[[29.994740009, -1.900209787], [30.006233448, -1.900189687], [30.006253524, -1.911754076], [29.994760009, -1.911774298], [29.994740009, -1.900209787]]]}}, {"type": "Feature", "id": "training_2025_20250806_20250808_r004_c003_00049", "properties": {"patch_id": "training_2025_20250806_20250808_r004_c003_00049", "training_tag": "training_2025_20250806_20250808", "year": 2025, "split": "validation", "cluster_id": 8, "dominant_interpretation": "built_up", "weak_source_fraction": 0.960394, "anomaly_score": 0.112592, "review_priority": "embedding_supported", "review_reason": "embedding cluster has compatible weak-source interpretation", "area_m2": 1638400.0}, "geometry": {"type": "Polygon", "coordinates": [[[30.006233448, -1.900189687], [30.017726765, -1.90016951], [30.017746918, -1.911733776], [30.006253524, -1.911754076], [30.006233448, -1.900189687]]]}}, {"type": "Feature", "id": "training_2025_20250806_20250808_r004_c004_00050", "properties": {"patch_id": "training_2025_20250806_20250808_r004_c004_00050", "training_tag": "training_2025_20250806_20250808", "year": 2025, "split": "validation", "cluster_id": 8, "dominant_interpretation": "built_up", "weak_source_fraction": 0.915593, "anomaly_score": 0.468093, "review_priority": "embedding_supported", "review_reason": "embedding cluster has compatible weak-source interpretation", "area_m2": 1638400.0}, "geometry": {"type": "Polygon", "coordinates": [[[30.017726765, -1.90016951], [30.02921996, -1.900149256], [30.029240189, -1.911713399], [30.017746918, -1.911733776], [30.017726765, -1.90016951]]]}}, {"type": "Feature", "id": "training_2025_20250806_20250808_r004_c005_00051", "properties": {"patch_id": "training_2025_20250806_20250808_r004_c005_00051", "training_tag": "training_2025_20250806_20250808", "year": 2025, "split": "validation", "cluster_id": 1, "dominant_interpretation": "built_up", "weak_source_fraction": 0.601536, "anomaly_score": 0.97315, "review_priority": "high_anomaly", "review_reason": "high embedding anomaly", "area_m2": 1638400.0}, "geometry": {"type": "Polygon", "coordinates": [[[30.02921996, -1.900149256], [30.040713031, -1.900128926], [30.040733337, -1.911692945], [30.029240189, -1.911713399], [30.02921996, -1.900149256]]]}}, {"type": "Feature", "id": "training_2025_20250806_20250808_r004_c006_00052", "properties": {"patch_id": "training_2025_20250806_20250808_r004_c006_00052", "training_tag": "training_2025_20250806_20250808", "year": 2025, "split": "validation", "cluster_id": 7, "dominant_interpretation": "vegetation", "weak_source_fraction": 1.0, "anomaly_score": 0.440765, "review_priority": "embedding_supported", "review_reason": "embedding cluster has compatible weak-source interpretation", "area_m2": 1638400.0}, "geometry": {"type": "Polygon", "coordinates": [[[30.040713031, -1.900128926], [30.05220598, -1.900108519], [30.052226361, -1.911672414], [30.040733337, -1.911692945], [30.040713031, -1.900128926]]]}}, {"type": "Feature", "id": "training_2025_20250806_20250808_r004_c007_00053", "properties": {"patch_id": "training_2025_20250806_20250808_r004_c007_00053", "training_tag": "training_2025_20250806_20250808", "year": 2025, "split": "validation", "cluster_id": 3, "dominant_interpretation": "vegetation", "weak_source_fraction": 0.545009, "anomaly_score": 0.161149, "review_priority": "weak_support_review", "review_reason": "mixed or weak-source support", "area_m2": 1638400.0}, "geometry": {"type": "Polygon", "coordinates": [[[30.05220598, -1.900108519], [30.063698804, -1.900088036], [30.063719262, -1.911651806], [30.052226361, -1.911672414], [30.05220598, -1.900108519]]]}}, {"type": "Feature", "id": "training_2025_20250806_20250808_r004_c008_00054", "properties": {"patch_id": "training_2025_20250806_20250808_r004_c008_00054", "training_tag": "training_2025_20250806_20250808", "year": 2025, "split": "validation", "cluster_id": 3, "dominant_interpretation": "vegetation", "weak_source_fraction": 0.61086, "anomaly_score": 0.225149, "review_priority": "weak_support_review", "review_reason": "mixed or weak-source support", "area_m2": 1638400.0}, "geometry": {"type": "Polygon", "coordinates": [[[30.063698804, -1.900088036], [30.075191504, -1.900067476], [30.075212038, -1.91163112], [30.063719262, -1.911651806], [30.063698804, -1.900088036]]]}}, {"type": "Feature", "id": "training_2025_20250806_20250808_r004_c009_00055", "properties": {"patch_id": "training_2025_20250806_20250808_r004_c009_00055", "training_tag": "training_2025_20250806_20250808", "year": 2025, "split": "validation", "cluster_id": 5, "dominant_interpretation": "vegetation", "weak_source_fraction": 0.980938, "anomaly_score": 0.219986, "review_priority": "embedding_supported", "review_reason": "embedding cluster has compatible weak-source interpretation", "area_m2": 1638400.0}, "geometry": {"type": "Polygon", "coordinates": [[[30.075191504, -1.900067476], [30.086684079, -1.900046839], [30.08670469, -1.911610358], [30.075212038, -1.91163112], [30.075191504, -1.900067476]]]}}, {"type": "Feature", "id": "training_2025_20250806_20250808_r004_c010_00056", "properties": {"patch_id": "training_2025_20250806_20250808_r004_c010_00056", "training_tag": "training_2025_20250806_20250808", "year": 2025, "split": "validation", "cluster_id": 5, "dominant_interpretation": "vegetation", "weak_source_fraction": 0.881593, "anomaly_score": 0.310504, "review_priority": "embedding_supported", "review_reason": "embedding cluster has compatible weak-source interpretation", "area_m2": 1638400.0}, "geometry": {"type": "Polygon", "coordinates": [[[30.086684079, -1.900046839], [30.098176529, -1.900026125], [30.098197216, -1.911589518], [30.08670469, -1.911610358], [30.086684079, -1.900046839]]]}}, {"type": "Feature", "id": "training_2025_20250806_20250808_r004_c011_00057", "properties": {"patch_id": "training_2025_20250806_20250808_r004_c011_00057", "training_tag": "training_2025_20250806_20250808", "year": 2025, "split": "validation", "cluster_id": 5, "dominant_interpretation": "vegetation", "weak_source_fraction": 0.998486, "anomaly_score": 0.386108, "review_priority": "embedding_supported", "review_reason": "embedding cluster has compatible weak-source interpretation", "area_m2": 1638400.0}, "geometry": {"type": "Polygon", "coordinates": [[[30.098176529, -1.900026125], [30.109668853, -1.900005335], [30.109689616, -1.911568601], [30.098197216, -1.911589518], [30.098176529, -1.900026125]]]}}, {"type": "Feature", "id": "training_2025_20250806_20250808_r004_c012_00058", "properties": {"patch_id": "training_2025_20250806_20250808_r004_c012_00058", "training_tag": "training_2025_20250806_20250808", "year": 2025, "split": "validation", "cluster_id": 5, "dominant_interpretation": "vegetation", "weak_source_fraction": 1.0, "anomaly_score": 0.057431, "review_priority": "embedding_supported", "review_reason": "embedding cluster has compatible weak-source interpretation", "area_m2": 1638400.0}, "geometry": {"type": "Polygon", "coordinates": [[[30.109668853, -1.900005335], [30.121161051, -1.899984468], [30.121181891, -1.911547607], [30.109689616, -1.911568601], [30.109668853, -1.900005335]]]}}, {"type": "Feature", "id": "training_2025_20250806_20250808_r004_c013_00059", "properties": {"patch_id": "training_2025_20250806_20250808_r004_c013_00059", "training_tag": "training_2025_20250806_20250808", "year": 2025, "split": "validation", "cluster_id": 5, "dominant_interpretation": "vegetation", "weak_source_fraction": 1.0, "anomaly_score": 0.201472, "review_priority": "embedding_supported", "review_reason": "embedding cluster has compatible weak-source interpretation", "area_m2": 1638400.0}, "geometry": {"type": "Polygon", "coordinates": [[[30.121161051, -1.899984468], [30.132653122, -1.899963524], [30.132674038, -1.911526536], [30.121181891, -1.911547607], [30.121161051, -1.899984468]]]}}, {"type": "Feature", "id": "training_2025_20250806_20250808_r004_c014_00060", "properties": {"patch_id": "training_2025_20250806_20250808_r004_c014_00060", "training_tag": "training_2025_20250806_20250808", "year": 2025, "split": "validation", "cluster_id": 5, "dominant_interpretation": "vegetation", "weak_source_fraction": 0.878728, "anomaly_score": 0.280517, "review_priority": "embedding_supported", "review_reason": "embedding cluster has compatible weak-source interpretation", "area_m2": 1638400.0}, "geometry": {"type": "Polygon", "coordinates": [[[30.132653122, -1.899963524], [30.144145066, -1.899942504], [30.144166059, -1.911505388], [30.132674038, -1.911526536], [30.132653122, -1.899963524]]]}}, {"type": "Feature", "id": "training_2025_20250806_20250808_r005_c000_00061", "properties": {"patch_id": "training_2025_20250806_20250808_r005_c000_00061", "training_tag": "training_2025_20250806_20250808", "year": 2025, "split": "validation", "cluster_id": 2, "dominant_interpretation": "built_up", "weak_source_fraction": 0.827149, "anomaly_score": 0.90826, "review_priority": "high_anomaly", "review_reason": "high embedding anomaly", "area_m2": 1638400.0}, "geometry": {"type": "Polygon", "coordinates": [[[29.971772613, -1.911814511], [29.983266371, -1.911794443], [29.983286415, -1.923359075], [29.97179258, -1.923379264], [29.971772613, -1.911814511]]]}}, {"type": "Feature", "id": "training_2025_20250806_20250808_r005_c001_00062", "properties": {"patch_id": "training_2025_20250806_20250808_r005_c001_00062", "training_tag": "training_2025_20250806_20250808", "year": 2025, "split": "validation", "cluster_id": 3, "dominant_interpretation": "built_up", "weak_source_fraction": 0.562196, "anomaly_score": 0.836055, "review_priority": "weak_support_review", "review_reason": "mixed or weak-source support", "area_m2": 1638400.0}, "geometry": {"type": "Polygon", "coordinates": [[[29.983266371, -1.911794443], [29.994760009, -1.911774298], [29.994780129, -1.923338808], [29.983286415, -1.923359075], [29.983266371, -1.911794443]]]}}, {"type": "Feature", "id": "training_2025_20250806_20250808_r005_c002_00063", "properties": {"patch_id": "training_2025_20250806_20250808_r005_c002_00063", "training_tag": "training_2025_20250806_20250808", "year": 2025, "split": "validation", "cluster_id": 4, "dominant_interpretation": "built_up", "weak_source_fraction": 0.694132, "anomaly_score": 0.419955, "review_priority": "embedding_supported", "review_reason": "embedding cluster has compatible weak-source interpretation", "area_m2": 1638400.0}, "geometry": {"type": "Polygon", "coordinates": [[[29.994760009, -1.911774298], [30.006253524, -1.911754076], [30.006273722, -1.923318463], [29.994780129, -1.923338808], [29.994760009, -1.911774298]]]}}, {"type": "Feature", "id": "training_2025_20250806_20250808_r005_c003_00064", "properties": {"patch_id": "training_2025_20250806_20250808_r005_c003_00064", "training_tag": "training_2025_20250806_20250808", "year": 2025, "split": "validation", "cluster_id": 8, "dominant_interpretation": "built_up", "weak_source_fraction": 0.829237, "anomaly_score": 0.873737, "review_priority": "embedding_supported", "review_reason": "embedding cluster has compatible weak-source interpretation", "area_m2": 1638400.0}, "geometry": {"type": "Polygon", "coordinates": [[[30.006253524, -1.911754076], [30.017746918, -1.911733776], [30.017767192, -1.92329804], [30.006273722, -1.923318463], [30.006253524, -1.911754076]]]}}, {"type": "Feature", "id": "training_2025_20250806_20250808_r005_c004_00065", "properties": {"patch_id": "training_2025_20250806_20250808_r005_c004_00065", "training_tag": "training_2025_20250806_20250808", "year": 2025, "split": "validation", "cluster_id": 8, "dominant_interpretation": "built_up", "weak_source_fraction": 0.762107, "anomaly_score": 0.524893, "review_priority": "embedding_supported", "review_reason": "embedding cluster has compatible weak-source interpretation", "area_m2": 1638400.0}, "geometry": {"type": "Polygon", "coordinates": [[[30.017746918, -1.911733776], [30.029240189, -1.911713399], [30.02926054, -1.92327754], [30.017767192, -1.92329804], [30.017746918, -1.911733776]]]}}, {"type": "Feature", "id": "training_2025_20250806_20250808_r005_c005_00066", "properties": {"patch_id": "training_2025_20250806_20250808_r005_c005_00066", "training_tag": "training_2025_20250806_20250808", "year": 2025, "split": "validation", "cluster_id": 1, "dominant_interpretation": "vegetation", "weak_source_fraction": 1.0, "anomaly_score": 0.36275, "review_priority": "embedding_supported", "review_reason": "embedding cluster has compatible weak-source interpretation", "area_m2": 1638400.0}, "geometry": {"type": "Polygon", "coordinates": [[[30.029240189, -1.911713399], [30.040733337, -1.911692945], [30.040753765, -1.923256962], [30.02926054, -1.92327754], [30.029240189, -1.911713399]]]}}, {"type": "Feature", "id": "training_2025_20250806_20250808_r005_c006_00067", "properties": {"patch_id": "training_2025_20250806_20250808_r005_c006_00067", "training_tag": "training_2025_20250806_20250808", "year": 2025, "split": "validation", "cluster_id": 1, "dominant_interpretation": "vegetation", "weak_source_fraction": 0.844808, "anomaly_score": 0.326959, "review_priority": "embedding_supported", "review_reason": "embedding cluster has compatible weak-source interpretation", "area_m2": 1638400.0}, "geometry": {"type": "Polygon", "coordinates": [[[30.040733337, -1.911692945], [30.052226361, -1.911672414], [30.052246867, -1.923236307], [30.040753765, -1.923256962], [30.040733337, -1.911692945]]]}}, {"type": "Feature", "id": "training_2025_20250806_20250808_r005_c007_00068", "properties": {"patch_id": "training_2025_20250806_20250808_r005_c007_00068", "training_tag": "training_2025_20250806_20250808", "year": 2025, "split": "validation", "cluster_id": 7, "dominant_interpretation": "vegetation", "weak_source_fraction": 0.916557, "anomaly_score": 0.167741, "review_priority": "embedding_supported", "review_reason": "embedding cluster has compatible weak-source interpretation", "area_m2": 1638400.0}, "geometry": {"type": "Polygon", "coordinates": [[[30.052226361, -1.911672414], [30.063719262, -1.911651806], [30.063739844, -1.923215574], [30.052246867, -1.923236307], [30.052226361, -1.911672414]]]}}, {"type": "Feature", "id": "training_2025_20250806_20250808_r005_c008_00069", "properties": {"patch_id": "training_2025_20250806_20250808_r005_c008_00069", "training_tag": "training_2025_20250806_20250808", "year": 2025, "split": "validation", "cluster_id": 7, "dominant_interpretation": "vegetation", "weak_source_fraction": 0.998414, "anomaly_score": 0.161316, "review_priority": "embedding_supported", "review_reason": "embedding cluster has compatible weak-source interpretation", "area_m2": 1638400.0}, "geometry": {"type": "Polygon", "coordinates": [[[30.063719262, -1.911651806], [30.075212038, -1.91163112], [30.075232698, -1.923194763], [30.063739844, -1.923215574], [30.063719262, -1.911651806]]]}}, {"type": "Feature", "id": "training_2025_20250806_20250808_r005_c009_00070", "properties": {"patch_id": "training_2025_20250806_20250808_r005_c009_00070", "training_tag": "training_2025_20250806_20250808", "year": 2025, "split": "validation", "cluster_id": 7, "dominant_interpretation": "vegetation", "weak_source_fraction": 0.995425, "anomaly_score": 0.374991, "review_priority": "embedding_supported", "review_reason": "embedding cluster has compatible weak-source interpretation", "area_m2": 1638400.0}, "geometry": {"type": "Polygon", "coordinates": [[[30.075212038, -1.91163112], [30.08670469, -1.911610358], [30.086725426, -1.923173875], [30.075232698, -1.923194763], [30.075212038, -1.91163112]]]}}, {"type": "Feature", "id": "training_2025_20250806_20250808_r005_c010_00071", "properties": {"patch_id": "training_2025_20250806_20250808_r005_c010_00071", "training_tag": "training_2025_20250806_20250808", "year": 2025, "split": "validation", "cluster_id": 5, "dominant_interpretation": "vegetation", "weak_source_fraction": 0.993524, "anomaly_score": 0.971847, "review_priority": "high_anomaly", "review_reason": "high embedding anomaly", "area_m2": 1638400.0}, "geometry": {"type": "Polygon", "coordinates": [[[30.08670469, -1.911610358], [30.098197216, -1.911589518], [30.098218029, -1.923152909], [30.086725426, -1.923173875], [30.08670469, -1.911610358]]]}}, {"type": "Feature", "id": "training_2025_20250806_20250808_r005_c011_00072", "properties": {"patch_id": "training_2025_20250806_20250808_r005_c011_00072", "training_tag": "training_2025_20250806_20250808", "year": 2025, "split": "validation", "cluster_id": 5, "dominant_interpretation": "vegetation", "weak_source_fraction": 1.0, "anomaly_score": 0.186978, "review_priority": "embedding_supported", "review_reason": "embedding cluster has compatible weak-source interpretation", "area_m2": 1638400.0}, "geometry": {"type": "Polygon", "coordinates": [[[30.098197216, -1.911589518], [30.109689616, -1.911568601], [30.109710507, -1.923131866], [30.098218029, -1.923152909], [30.098197216, -1.911589518]]]}}, {"type": "Feature", "id": "training_2025_20250806_20250808_r005_c012_00073", "properties": {"patch_id": "training_2025_20250806_20250808_r005_c012_00073", "training_tag": "training_2025_20250806_20250808", "year": 2025, "split": "validation", "cluster_id": 5, "dominant_interpretation": "vegetation", "weak_source_fraction": 0.999523, "anomaly_score": 0.094889, "review_priority": "embedding_supported", "review_reason": "embedding cluster has compatible weak-source interpretation", "area_m2": 1638400.0}, "geometry": {"type": "Polygon", "coordinates": [[[30.109689616, -1.911568601], [30.121181891, -1.911547607], [30.121202858, -1.923110744], [30.109710507, -1.923131866], [30.109689616, -1.911568601]]]}}, {"type": "Feature", "id": "training_2025_20250806_20250808_r005_c013_00074", "properties": {"patch_id": "training_2025_20250806_20250808_r005_c013_00074", "training_tag": "training_2025_20250806_20250808", "year": 2025, "split": "validation", "cluster_id": 7, "dominant_interpretation": "vegetation", "weak_source_fraction": 0.925773, "anomaly_score": 0.156014, "review_priority": "embedding_supported", "review_reason": "embedding cluster has compatible weak-source interpretation", "area_m2": 1638400.0}, "geometry": {"type": "Polygon", "coordinates": [[[30.121181891, -1.911547607], [30.132674038, -1.911526536], [30.132695082, -1.923089546], [30.121202858, -1.923110744], [30.121181891, -1.911547607]]]}}, {"type": "Feature", "id": "training_2025_20250806_20250808_r005_c014_00075", "properties": {"patch_id": "training_2025_20250806_20250808_r005_c014_00075", "training_tag": "training_2025_20250806_20250808", "year": 2025, "split": "validation", "cluster_id": 5, "dominant_interpretation": "vegetation", "weak_source_fraction": 0.854466, "anomaly_score": 0.191349, "review_priority": "embedding_supported", "review_reason": "embedding cluster has compatible weak-source interpretation", "area_m2": 1638400.0}, "geometry": {"type": "Polygon", "coordinates": [[[30.132674038, -1.911526536], [30.144166059, -1.911505388], [30.14418718, -1.923068269], [30.132695082, -1.923089546], [30.132674038, -1.911526536]]]}}, {"type": "Feature", "id": "training_2025_20250806_20250808_r006_c000_00076", "properties": {"patch_id": "training_2025_20250806_20250808_r006_c000_00076", "training_tag": "training_2025_20250806_20250808", "year": 2025, "split": "validation", "cluster_id": 8, "dominant_interpretation": "built_up", "weak_source_fraction": 0.94611, "anomaly_score": 1.0, "review_priority": "high_anomaly", "review_reason": "high embedding anomaly", "area_m2": 1638400.0}, "geometry": {"type": "Polygon", "coordinates": [[[29.97179258, -1.923379264], [29.983286415, -1.923359075], [29.98330658, -1.934923705], [29.971812668, -1.934944016], [29.97179258, -1.923379264]]]}}, {"type": "Feature", "id": "training_2025_20250806_20250808_r006_c001_00077", "properties": {"patch_id": "training_2025_20250806_20250808_r006_c001_00077", "training_tag": "training_2025_20250806_20250808", "year": 2025, "split": "validation", "cluster_id": 2, "dominant_interpretation": "built_up", "weak_source_fraction": 0.818321, "anomaly_score": 1.0, "review_priority": "high_anomaly", "review_reason": "high embedding anomaly", "area_m2": 1638400.0}, "geometry": {"type": "Polygon", "coordinates": [[[29.983286415, -1.923359075], [29.994780129, -1.923338808], [29.994800372, -1.934903315], [29.98330658, -1.934923705], [29.983286415, -1.923359075]]]}}, {"type": "Feature", "id": "training_2025_20250806_20250808_r006_c002_00078", "properties": {"patch_id": "training_2025_20250806_20250808_r006_c002_00078", "training_tag": "training_2025_20250806_20250808", "year": 2025, "split": "validation", "cluster_id": 4, "dominant_interpretation": "built_up", "weak_source_fraction": 0.870073, "anomaly_score": 0.479931, "review_priority": "embedding_supported", "review_reason": "embedding cluster has compatible weak-source interpretation", "area_m2": 1638400.0}, "geometry": {"type": "Polygon", "coordinates": [[[29.994780129, -1.923338808], [30.006273722, -1.923318463], [30.006294042, -1.934882848], [29.994800372, -1.934903315], [29.994780129, -1.923338808]]]}}, {"type": "Feature", "id": "training_2025_20250806_20250808_r006_c003_00079", "properties": {"patch_id": "training_2025_20250806_20250808_r006_c003_00079", "training_tag": "training_2025_20250806_20250808", "year": 2025, "split": "validation", "cluster_id": 1, "dominant_interpretation": "vegetation", "weak_source_fraction": 0.506482, "anomaly_score": 0.466929, "review_priority": "weak_support_review", "review_reason": "mixed or weak-source support", "area_m2": 1638400.0}, "geometry": {"type": "Polygon", "coordinates": [[[30.006273722, -1.923318463], [30.017767192, -1.92329804], [30.017787589, -1.934862303], [30.006294042, -1.934882848], [30.006273722, -1.923318463]]]}}, {"type": "Feature", "id": "training_2025_20250829_20250901_r000_c000_00000", "properties": {"patch_id": "training_2025_20250829_20250901_r000_c000_00000", "training_tag": "training_2025_20250829_20250901", "year": 2025, "split": "validation", "cluster_id": 2, "dominant_interpretation": "vegetation", "weak_source_fraction": 0.593518, "anomaly_score": 0.734362, "review_priority": "weak_support_review", "review_reason": "mixed or weak-source support", "area_m2": 1638400.0}, "geometry": {"type": "Polygon", "coordinates": [[[29.971674588, -1.85399072], [29.983167969, -1.853971259], [29.983187407, -1.865535899], [29.971693952, -1.865555482], [29.971674588, -1.85399072]]]}}, {"type": "Feature", "id": "training_2025_20250829_20250901_r000_c001_00001", "properties": {"patch_id": "training_2025_20250829_20250901_r000_c001_00001", "training_tag": "training_2025_20250829_20250901", "year": 2025, "split": "validation", "cluster_id": 8, "dominant_interpretation": "built_up", "weak_source_fraction": 0.81058, "anomaly_score": 0.292251, "review_priority": "embedding_supported", "review_reason": "embedding cluster has compatible weak-source interpretation", "area_m2": 1638400.0}, "geometry": {"type": "Polygon", "coordinates": [[[29.983167969, -1.853971259], [29.994661228, -1.853951724], [29.994680741, -1.865516242], [29.983187407, -1.865535899], [29.983167969, -1.853971259]]]}}, {"type": "Feature", "id": "training_2025_20250829_20250901_r000_c002_00002", "properties": {"patch_id": "training_2025_20250829_20250901_r000_c002_00002", "training_tag": "training_2025_20250829_20250901", "year": 2025, "split": "validation", "cluster_id": 8, "dominant_interpretation": "built_up", "weak_source_fraction": 0.968646, "anomaly_score": 0.810454, "review_priority": "embedding_supported", "review_reason": "embedding cluster has compatible weak-source interpretation", "area_m2": 1638400.0}, "geometry": {"type": "Polygon", "coordinates": [[[29.994661228, -1.853951724], [30.006154366, -1.853932113], [30.006173953, -1.865496509], [29.994680741, -1.865516242], [29.994661228, -1.853951724]]]}}, {"type": "Feature", "id": "training_2025_20250829_20250901_r000_c003_00003", "properties": {"patch_id": "training_2025_20250829_20250901_r000_c003_00003", "training_tag": "training_2025_20250829_20250901", "year": 2025, "split": "validation", "cluster_id": 8, "dominant_interpretation": "built_up", "weak_source_fraction": 0.928253, "anomaly_score": 0.502263, "review_priority": "embedding_supported", "review_reason": "embedding cluster has compatible weak-source interpretation", "area_m2": 1638400.0}, "geometry": {"type": "Polygon", "coordinates": [[[30.006154366, -1.853932113], [30.017647381, -1.853912428], [30.017667044, -1.865476701], [30.006173953, -1.865496509], [30.006154366, -1.853932113]]]}}, {"type": "Feature", "id": "training_2025_20250829_20250901_r000_c005_00004", "properties": {"patch_id": "training_2025_20250829_20250901_r000_c005_00004", "training_tag": "training_2025_20250829_20250901", "year": 2025, "split": "validation", "cluster_id": 7, "dominant_interpretation": "vegetation", "weak_source_fraction": 1.0, "anomaly_score": 0.520766, "review_priority": "embedding_supported", "review_reason": "embedding cluster has compatible weak-source interpretation", "area_m2": 1638400.0}, "geometry": {"type": "Polygon", "coordinates": [[[30.029140275, -1.853892668], [30.040633045, -1.853872833], [30.040652857, -1.865436859], [30.029160012, -1.865456818], [30.029140275, -1.853892668]]]}}, {"type": "Feature", "id": "training_2025_20250829_20250901_r000_c006_00005", "properties": {"patch_id": "training_2025_20250829_20250901_r000_c006_00005", "training_tag": "training_2025_20250829_20250901", "year": 2025, "split": "validation", "cluster_id": 1, "dominant_interpretation": "vegetation", "weak_source_fraction": 1.0, "anomaly_score": 0.362846, "review_priority": "embedding_supported", "review_reason": "embedding cluster has compatible weak-source interpretation", "area_m2": 1638400.0}, "geometry": {"type": "Polygon", "coordinates": [[[30.040633045, -1.853872833], [30.052125692, -1.853852923], [30.052145578, -1.865416825], [30.040652857, -1.865436859], [30.040633045, -1.853872833]]]}}, {"type": "Feature", "id": "training_2025_20250829_20250901_r000_c007_00006", "properties": {"patch_id": "training_2025_20250829_20250901_r000_c007_00006", "training_tag": "training_2025_20250829_20250901", "year": 2025, "split": "validation", "cluster_id": 1, "dominant_interpretation": "vegetation", "weak_source_fraction": 0.67319, "anomaly_score": 0.332667, "review_priority": "embedding_supported", "review_reason": "embedding cluster has compatible weak-source interpretation", "area_m2": 1638400.0}, "geometry": {"type": "Polygon", "coordinates": [[[30.052125692, -1.853852923], [30.063618215, -1.853832939], [30.063638176, -1.865396716], [30.052145578, -1.865416825], [30.052125692, -1.853852923]]]}}, {"type": "Feature", "id": "training_2025_20250829_20250901_r000_c008_00007", "properties": {"patch_id": "training_2025_20250829_20250901_r000_c008_00007", "training_tag": "training_2025_20250829_20250901", "year": 2025, "split": "validation", "cluster_id": 1, "dominant_interpretation": "vegetation", "weak_source_fraction": 1.0, "anomaly_score": 0.387093, "review_priority": "embedding_supported", "review_reason": "embedding cluster has compatible weak-source interpretation", "area_m2": 1638400.0}, "geometry": {"type": "Polygon", "coordinates": [[[30.063618215, -1.853832939], [30.075110614, -1.853812879], [30.075130649, -1.865376531], [30.063638176, -1.865396716], [30.063618215, -1.853832939]]]}}, {"type": "Feature", "id": "training_2025_20250829_20250901_r000_c010_00008", "properties": {"patch_id": "training_2025_20250829_20250901_r000_c010_00008", "training_tag": "training_2025_20250829_20250901", "year": 2025, "split": "validation", "cluster_id": 1, "dominant_interpretation": "vegetation", "weak_source_fraction": 1.0, "anomaly_score": 0.142038, "review_priority": "embedding_supported", "review_reason": "embedding cluster has compatible weak-source interpretation", "area_m2": 1638400.0}, "geometry": {"type": "Polygon", "coordinates": [[[30.086602888, -1.853792745], [30.098095037, -1.853772536], [30.098115221, -1.865335936], [30.086622998, -1.865356271], [30.086602888, -1.853792745]]]}}, {"type": "Feature", "id": "training_2025_20250829_20250901_r000_c014_00009", "properties": {"patch_id": "training_2025_20250829_20250901_r000_c014_00009", "training_tag": "training_2025_20250829_20250901", "year": 2025, "split": "validation", "cluster_id": 4, "dominant_interpretation": "built_up", "weak_source_fraction": 0.939968, "anomaly_score": 0.486508, "review_priority": "embedding_supported", "review_reason": "embedding cluster has compatible weak-source interpretation", "area_m2": 1638400.0}, "geometry": {"type": "Polygon", "coordinates": [[[30.132570726, -1.85371146], [30.144062369, -1.853690952], [30.144082852, -1.865253843], [30.132591135, -1.865274479], [30.132570726, -1.85371146]]]}}, {"type": "Feature", "id": "training_2025_20250829_20250901_r001_c001_00010", "properties": {"patch_id": "training_2025_20250829_20250901_r001_c001_00010", "training_tag": "training_2025_20250829_20250901", "year": 2025, "split": "validation", "cluster_id": 8, "dominant_interpretation": "built_up", "weak_source_fraction": 0.970827, "anomaly_score": 0.099994, "review_priority": "embedding_supported", "review_reason": "embedding cluster has compatible weak-source interpretation", "area_m2": 1638400.0}, "geometry": {"type": "Polygon", "coordinates": [[[29.983187407, -1.865535899], [29.994680741, -1.865516242], [29.994700375, -1.877080759], [29.983206966, -1.877100538], [29.983187407, -1.865535899]]]}}, {"type": "Feature", "id": "training_2025_20250829_20250901_r001_c002_00011", "properties": {"patch_id": "training_2025_20250829_20250901_r001_c002_00011", "training_tag": "training_2025_20250829_20250901", "year": 2025, "split": "validation", "cluster_id": 8, "dominant_interpretation": "built_up", "weak_source_fraction": 0.965997, "anomaly_score": 0.129659, "review_priority": "embedding_supported", "review_reason": "embedding cluster has compatible weak-source interpretation", "area_m2": 1638400.0}, "geometry": {"type": "Polygon", "coordinates": [[[29.994680741, -1.865516242], [30.006173953, -1.865496509], [30.006193663, -1.877060903], [29.994700375, -1.877080759], [29.994680741, -1.865516242]]]}}, {"type": "Feature", "id": "training_2025_20250829_20250901_r001_c006_00012", "properties": {"patch_id": "training_2025_20250829_20250901_r001_c006_00012", "training_tag": "training_2025_20250829_20250901", "year": 2025, "split": "validation", "cluster_id": 1, "dominant_interpretation": "vegetation", "weak_source_fraction": 0.909596, "anomaly_score": 0.55842, "review_priority": "embedding_supported", "review_reason": "embedding cluster has compatible weak-source interpretation", "area_m2": 1638400.0}, "geometry": {"type": "Polygon", "coordinates": [[[30.040652857, -1.865436859], [30.052145578, -1.865416825], [30.052165588, -1.876980725], [30.040672791, -1.877000883], [30.040652857, -1.865436859]]]}}, {"type": "Feature", "id": "training_2025_20250829_20250901_r001_c008_00013", "properties": {"patch_id": "training_2025_20250829_20250901_r001_c008_00013", "training_tag": "training_2025_20250829_20250901", "year": 2025, "split": "validation", "cluster_id": 2, "dominant_interpretation": "built_up", "weak_source_fraction": 0.53735, "anomaly_score": 0.266911, "review_priority": "weak_support_review", "review_reason": "mixed or weak-source support", "area_m2": 1638400.0}, "geometry": {"type": "Polygon", "coordinates": [[[30.063638176, -1.865396716], [30.075130649, -1.865376531], [30.075150809, -1.876940181], [30.063658261, -1.876960491], [30.063638176, -1.865396716]]]}}, {"type": "Feature", "id": "training_2025_20250829_20250901_r001_c009_00014", "properties": {"patch_id": "training_2025_20250829_20250901_r001_c009_00014", "training_tag": "training_2025_20250829_20250901", "year": 2025, "split": "validation", "cluster_id": 1, "dominant_interpretation": "vegetation", "weak_source_fraction": 0.998376, "anomaly_score": 0.0, "review_priority": "embedding_supported", "review_reason": "embedding cluster has compatible weak-source interpretation", "area_m2": 1638400.0}, "geometry": {"type": "Polygon", "coordinates": [[[30.075130649, -1.865376531], [30.086622998, -1.865356271], [30.086643233, -1.876919795], [30.075150809, -1.876940181], [30.075130649, -1.865376531]]]}}, {"type": "Feature", "id": "training_2025_20250829_20250901_r001_c010_00015", "properties": {"patch_id": "training_2025_20250829_20250901_r001_c010_00015", "training_tag": "training_2025_20250829_20250901", "year": 2025, "split": "validation", "cluster_id": 1, "dominant_interpretation": "vegetation", "weak_source_fraction": 0.999817, "anomaly_score": 0.230601, "review_priority": "embedding_supported", "review_reason": "embedding cluster has compatible weak-source interpretation", "area_m2": 1638400.0}, "geometry": {"type": "Polygon", "coordinates": [[[30.086622998, -1.865356271], [30.098115221, -1.865335936], [30.098135531, -1.876899334], [30.086643233, -1.876919795], [30.086622998, -1.865356271]]]}}, {"type": "Feature", "id": "training_2025_20250829_20250901_r001_c011_00016", "properties": {"patch_id": "training_2025_20250829_20250901_r001_c011_00016", "training_tag": "training_2025_20250829_20250901", "year": 2025, "split": "validation", "cluster_id": 1, "dominant_interpretation": "vegetation", "weak_source_fraction": 0.94507, "anomaly_score": 0.207676, "review_priority": "embedding_supported", "review_reason": "embedding cluster has compatible weak-source interpretation", "area_m2": 1638400.0}, "geometry": {"type": "Polygon", "coordinates": [[[30.098115221, -1.865335936], [30.109607319, -1.865315526], [30.109627704, -1.876878797], [30.098135531, -1.876899334], [30.098115221, -1.865335936]]]}}, {"type": "Feature", "id": "training_2025_20250829_20250901_r001_c013_00017", "properties": {"patch_id": "training_2025_20250829_20250901_r001_c013_00017", "training_tag": "training_2025_20250829_20250901", "year": 2025, "split": "validation", "cluster_id": 1, "dominant_interpretation": "vegetation", "weak_source_fraction": 1.0, "anomaly_score": 0.766733, "review_priority": "embedding_supported", "review_reason": "embedding cluster has compatible weak-source interpretation", "area_m2": 1638400.0}, "geometry": {"type": "Polygon", "coordinates": [[[30.12109929, -1.86529504], [30.132591135, -1.865274479], [30.13261167, -1.876837496], [30.12111975, -1.876858184], [30.12109929, -1.86529504]]]}}, {"type": "Feature", "id": "training_2025_20250829_20250901_r001_c014_00018", "properties": {"patch_id": "training_2025_20250829_20250901_r001_c014_00018", "training_tag": "training_2025_20250829_20250901", "year": 2025, "split": "validation", "cluster_id": 2, "dominant_interpretation": "built_up", "weak_source_fraction": 0.768632, "anomaly_score": 0.847928, "review_priority": "embedding_supported", "review_reason": "embedding cluster has compatible weak-source interpretation", "area_m2": 1638400.0}, "geometry": {"type": "Polygon", "coordinates": [[[30.132591135, -1.865274479], [30.144082852, -1.865253843], [30.144103462, -1.876816732], [30.13261167, -1.876837496], [30.132591135, -1.865274479]]]}}, {"type": "Feature", "id": "training_2025_20250829_20250901_r002_c001_00019", "properties": {"patch_id": "training_2025_20250829_20250901_r002_c001_00019", "training_tag": "training_2025_20250829_20250901", "year": 2025, "split": "validation", "cluster_id": 1, "dominant_interpretation": "built_up", "weak_source_fraction": 0.60419, "anomaly_score": 0.404598, "review_priority": "weak_support_review", "review_reason": "mixed or weak-source support", "area_m2": 1638400.0}, "geometry": {"type": "Polygon", "coordinates": [[[29.983206966, -1.877100538], [29.994700375, -1.877080759], [29.994720132, -1.888645273], [29.983226647, -1.888665175], [29.983206966, -1.877100538]]]}}, {"type": "Feature", "id": "training_2025_20250829_20250901_r002_c003_00020", "properties": {"patch_id": "training_2025_20250829_20250901_r002_c003_00020", "training_tag": "training_2025_20250829_20250901", "year": 2025, "split": "validation", "cluster_id": 8, "dominant_interpretation": "built_up", "weak_source_fraction": 0.948057, "anomaly_score": 0.621443, "review_priority": "embedding_supported", "review_reason": "embedding cluster has compatible weak-source interpretation", "area_m2": 1638400.0}, "geometry": {"type": "Polygon", "coordinates": [[[30.006193663, -1.877060903], [30.017686828, -1.877040972], [30.017706736, -1.888605242], [30.006213495, -1.888625296], [30.006193663, -1.877060903]]]}}, {"type": "Feature", "id": "training_2025_20250829_20250901_r002_c004_00021", "properties": {"patch_id": "training_2025_20250829_20250901_r002_c004_00021", "training_tag": "training_2025_20250829_20250901", "year": 2025, "split": "validation", "cluster_id": 8, "dominant_interpretation": "built_up", "weak_source_fraction": 0.916452, "anomaly_score": 0.142225, "review_priority": "embedding_supported", "review_reason": "embedding cluster has compatible weak-source interpretation", "area_m2": 1638400.0}, "geometry": {"type": "Polygon", "coordinates": [[[30.017686828, -1.877040972], [30.029179871, -1.877020966], [30.029199854, -1.888585112], [30.017706736, -1.888605242], [30.017686828, -1.877040972]]]}}, {"type": "Feature", "id": "training_2025_20250829_20250901_r002_c005_00022", "properties": {"patch_id": "training_2025_20250829_20250901_r002_c005_00022", "training_tag": "training_2025_20250829_20250901", "year": 2025, "split": "validation", "cluster_id": 1, "dominant_interpretation": "vegetation", "weak_source_fraction": 0.690461, "anomaly_score": 0.317565, "review_priority": "embedding_supported", "review_reason": "embedding cluster has compatible weak-source interpretation", "area_m2": 1638400.0}, "geometry": {"type": "Polygon", "coordinates": [[[30.029179871, -1.877020966], [30.040672791, -1.877000883], [30.04069285, -1.888564906], [30.029199854, -1.888585112], [30.029179871, -1.877020966]]]}}, {"type": "Feature", "id": "training_2025_20250829_20250901_r002_c006_00023", "properties": {"patch_id": "training_2025_20250829_20250901_r002_c006_00023", "training_tag": "training_2025_20250829_20250901", "year": 2025, "split": "validation", "cluster_id": 1, "dominant_interpretation": "vegetation", "weak_source_fraction": 0.991076, "anomaly_score": 0.0, "review_priority": "embedding_supported", "review_reason": "embedding cluster has compatible weak-source interpretation", "area_m2": 1638400.0}, "geometry": {"type": "Polygon", "coordinates": [[[30.040672791, -1.877000883], [30.052165588, -1.876980725], [30.052185722, -1.888544623], [30.04069285, -1.888564906], [30.040672791, -1.877000883]]]}}, {"type": "Feature", "id": "training_2025_20250829_20250901_r002_c007_00024", "properties": {"patch_id": "training_2025_20250829_20250901_r002_c007_00024", "training_tag": "training_2025_20250829_20250901", "year": 2025, "split": "validation", "cluster_id": 5, "dominant_interpretation": "vegetation", "weak_source_fraction": 1.0, "anomaly_score": 0.207548, "review_priority": "embedding_supported", "review_reason": "embedding cluster has compatible weak-source interpretation", "area_m2": 1638400.0}, "geometry": {"type": "Polygon", "coordinates": [[[30.052165588, -1.876980725], [30.063658261, -1.876960491], [30.06367847, -1.888524264], [30.052185722, -1.888544623], [30.052165588, -1.876980725]]]}}, {"type": "Feature", "id": "training_2025_20250829_20250901_r002_c008_00025", "properties": {"patch_id": "training_2025_20250829_20250901_r002_c008_00025", "training_tag": "training_2025_20250829_20250901", "year": 2025, "split": "validation", "cluster_id": 1, "dominant_interpretation": "vegetation", "weak_source_fraction": 0.960114, "anomaly_score": 0.049986, "review_priority": "embedding_supported", "review_reason": "embedding cluster has compatible weak-source interpretation", "area_m2": 1638400.0}, "geometry": {"type": "Polygon", "coordinates": [[[30.063658261, -1.876960491], [30.075150809, -1.876940181], [30.075171094, -1.888503829], [30.06367847, -1.888524264], [30.063658261, -1.876960491]]]}}, {"type": "Feature", "id": "training_2025_20250829_20250901_r002_c010_00026", "properties": {"patch_id": "training_2025_20250829_20250901_r002_c010_00026", "training_tag": "training_2025_20250829_20250901", "year": 2025, "split": "validation", "cluster_id": 5, "dominant_interpretation": "vegetation", "weak_source_fraction": 1.0, "anomaly_score": 0.155879, "review_priority": "embedding_supported", "review_reason": "embedding cluster has compatible weak-source interpretation", "area_m2": 1638400.0}, "geometry": {"type": "Polygon", "coordinates": [[[30.086643233, -1.876919795], [30.098135531, -1.876899334], [30.098155967, -1.888462731], [30.086663593, -1.888483318], [30.086643233, -1.876919795]]]}}, {"type": "Feature", "id": "training_2025_20250829_20250901_r002_c011_00027", "properties": {"patch_id": "training_2025_20250829_20250901_r002_c011_00027", "training_tag": "training_2025_20250829_20250901", "year": 2025, "split": "validation", "cluster_id": 1, "dominant_interpretation": "vegetation", "weak_source_fraction": 1.0, "anomaly_score": 0.042066, "review_priority": "embedding_supported", "review_reason": "embedding cluster has compatible weak-source interpretation", "area_m2": 1638400.0}, "geometry": {"type": "Polygon", "coordinates": [[[30.098135531, -1.876899334], [30.109627704, -1.876878797], [30.109648215, -1.888442067], [30.098155967, -1.888462731], [30.098135531, -1.876899334]]]}}, {"type": "Feature", "id": "training_2025_20250829_20250901_r002_c012_00028", "properties": {"patch_id": "training_2025_20250829_20250901_r002_c012_00028", "training_tag": "training_2025_20250829_20250901", "year": 2025, "split": "validation", "cluster_id": 1, "dominant_interpretation": "vegetation", "weak_source_fraction": 0.99885, "anomaly_score": 0.10549, "review_priority": "embedding_supported", "review_reason": "embedding cluster has compatible weak-source interpretation", "area_m2": 1638400.0}, "geometry": {"type": "Polygon", "coordinates": [[[30.109627704, -1.876878797], [30.12111975, -1.876858184], [30.121140337, -1.888421327], [30.109648215, -1.888442067], [30.109627704, -1.876878797]]]}}, {"type": "Feature", "id": "training_2025_20250829_20250901_r002_c013_00029", "properties": {"patch_id": "training_2025_20250829_20250901_r002_c013_00029", "training_tag": "training_2025_20250829_20250901", "year": 2025, "split": "validation", "cluster_id": 1, "dominant_interpretation": "vegetation", "weak_source_fraction": 0.965449, "anomaly_score": 0.064732, "review_priority": "embedding_supported", "review_reason": "embedding cluster has compatible weak-source interpretation", "area_m2": 1638400.0}, "geometry": {"type": "Polygon", "coordinates": [[[30.12111975, -1.876858184], [30.13261167, -1.876837496], [30.132632332, -1.888400511], [30.121140337, -1.888421327], [30.12111975, -1.876858184]]]}}, {"type": "Feature", "id": "training_2025_20250829_20250901_r002_c014_00030", "properties": {"patch_id": "training_2025_20250829_20250901_r002_c014_00030", "training_tag": "training_2025_20250829_20250901", "year": 2025, "split": "validation", "cluster_id": 1, "dominant_interpretation": "built_up", "weak_source_fraction": 0.662377, "anomaly_score": 0.768119, "review_priority": "embedding_supported", "review_reason": "embedding cluster has compatible weak-source interpretation", "area_m2": 1638400.0}, "geometry": {"type": "Polygon", "coordinates": [[[30.13261167, -1.876837496], [30.144103462, -1.876816732], [30.1441242, -1.888379619], [30.132632332, -1.888400511], [30.13261167, -1.876837496]]]}}, {"type": "Feature", "id": "training_2025_20250829_20250901_r003_c000_00031", "properties": {"patch_id": "training_2025_20250829_20250901_r003_c000_00031", "training_tag": "training_2025_20250829_20250901", "year": 2025, "split": "validation", "cluster_id": 5, "dominant_interpretation": "vegetation", "weak_source_fraction": 1.0, "anomaly_score": 0.011254, "review_priority": "embedding_supported", "review_reason": "embedding cluster has compatible weak-source interpretation", "area_m2": 1638400.0}, "geometry": {"type": "Polygon", "coordinates": [[[29.971733041, -1.888685], [29.983226647, -1.888665175], [29.983246449, -1.90022981], [29.971752767, -1.900249756], [29.971733041, -1.888685]]]}}, {"type": "Feature", "id": "training_2025_20250829_20250901_r003_c001_00032", "properties": {"patch_id": "training_2025_20250829_20250901_r003_c001_00032", "training_tag": "training_2025_20250829_20250901", "year": 2025, "split": "validation", "cluster_id": 2, "dominant_interpretation": "built_up", "weak_source_fraction": 0.743332, "anomaly_score": 0.458659, "review_priority": "embedding_supported", "review_reason": "embedding cluster has compatible weak-source interpretation", "area_m2": 1638400.0}, "geometry": {"type": "Polygon", "coordinates": [[[29.983226647, -1.888665175], [29.994720132, -1.888645273], [29.994740009, -1.900209787], [29.983246449, -1.90022981], [29.983226647, -1.888665175]]]}}, {"type": "Feature", "id": "training_2025_20250829_20250901_r003_c002_00033", "properties": {"patch_id": "training_2025_20250829_20250901_r003_c002_00033", "training_tag": "training_2025_20250829_20250901", "year": 2025, "split": "validation", "cluster_id": 8, "dominant_interpretation": "built_up", "weak_source_fraction": 0.965529, "anomaly_score": 0.103245, "review_priority": "embedding_supported", "review_reason": "embedding cluster has compatible weak-source interpretation", "area_m2": 1638400.0}, "geometry": {"type": "Polygon", "coordinates": [[[29.994720132, -1.888645273], [30.006213495, -1.888625296], [30.006233448, -1.900189687], [29.994740009, -1.900209787], [29.994720132, -1.888645273]]]}}, {"type": "Feature", "id": "training_2025_20250829_20250901_r003_c003_00034", "properties": {"patch_id": "training_2025_20250829_20250901_r003_c003_00034", "training_tag": "training_2025_20250829_20250901", "year": 2025, "split": "validation", "cluster_id": 8, "dominant_interpretation": "built_up", "weak_source_fraction": 0.956385, "anomaly_score": 0.115557, "review_priority": "embedding_supported", "review_reason": "embedding cluster has compatible weak-source interpretation", "area_m2": 1638400.0}, "geometry": {"type": "Polygon", "coordinates": [[[30.006213495, -1.888625296], [30.017706736, -1.888605242], [30.017726765, -1.90016951], [30.006233448, -1.900189687], [30.006213495, -1.888625296]]]}}, {"type": "Feature", "id": "training_2025_20250829_20250901_r003_c004_00035", "properties": {"patch_id": "training_2025_20250829_20250901_r003_c004_00035", "training_tag": "training_2025_20250829_20250901", "year": 2025, "split": "validation", "cluster_id": 8, "dominant_interpretation": "built_up", "weak_source_fraction": 0.980159, "anomaly_score": 0.13019, "review_priority": "embedding_supported", "review_reason": "embedding cluster has compatible weak-source interpretation", "area_m2": 1638400.0}, "geometry": {"type": "Polygon", "coordinates": [[[30.017706736, -1.888605242], [30.029199854, -1.888585112], [30.02921996, -1.900149256], [30.017726765, -1.90016951], [30.017706736, -1.888605242]]]}}, {"type": "Feature", "id": "training_2025_20250829_20250901_r003_c005_00036", "properties": {"patch_id": "training_2025_20250829_20250901_r003_c005_00036", "training_tag": "training_2025_20250829_20250901", "year": 2025, "split": "validation", "cluster_id": 1, "dominant_interpretation": "vegetation", "weak_source_fraction": 0.806591, "anomaly_score": 0.799588, "review_priority": "embedding_supported", "review_reason": "embedding cluster has compatible weak-source interpretation", "area_m2": 1638400.0}, "geometry": {"type": "Polygon", "coordinates": [[[30.029199854, -1.888585112], [30.04069285, -1.888564906], [30.040713031, -1.900128926], [30.02921996, -1.900149256], [30.029199854, -1.888585112]]]}}, {"type": "Feature", "id": "training_2025_20250829_20250901_r003_c006_00037", "properties": {"patch_id": "training_2025_20250829_20250901_r003_c006_00037", "training_tag": "training_2025_20250829_20250901", "year": 2025, "split": "validation", "cluster_id": 1, "dominant_interpretation": "vegetation", "weak_source_fraction": 0.52439, "anomaly_score": 0.46311, "review_priority": "weak_support_review", "review_reason": "mixed or weak-source support", "area_m2": 1638400.0}, "geometry": {"type": "Polygon", "coordinates": [[[30.04069285, -1.888564906], [30.052185722, -1.888544623], [30.05220598, -1.900108519], [30.040713031, -1.900128926], [30.04069285, -1.888564906]]]}}, {"type": "Feature", "id": "training_2025_20250829_20250901_r003_c007_00038", "properties": {"patch_id": "training_2025_20250829_20250901_r003_c007_00038", "training_tag": "training_2025_20250829_20250901", "year": 2025, "split": "validation", "cluster_id": 5, "dominant_interpretation": "vegetation", "weak_source_fraction": 0.888723, "anomaly_score": 0.45586, "review_priority": "embedding_supported", "review_reason": "embedding cluster has compatible weak-source interpretation", "area_m2": 1638400.0}, "geometry": {"type": "Polygon", "coordinates": [[[30.052185722, -1.888544623], [30.06367847, -1.888524264], [30.063698804, -1.900088036], [30.05220598, -1.900108519], [30.052185722, -1.888544623]]]}}, {"type": "Feature", "id": "training_2025_20250829_20250901_r003_c008_00039", "properties": {"patch_id": "training_2025_20250829_20250901_r003_c008_00039", "training_tag": "training_2025_20250829_20250901", "year": 2025, "split": "validation", "cluster_id": 3, "dominant_interpretation": "vegetation", "weak_source_fraction": 0.820609, "anomaly_score": 0.562626, "review_priority": "embedding_supported", "review_reason": "embedding cluster has compatible weak-source interpretation", "area_m2": 1638400.0}, "geometry": {"type": "Polygon", "coordinates": [[[30.06367847, -1.888524264], [30.075171094, -1.888503829], [30.075191504, -1.900067476], [30.063698804, -1.900088036], [30.06367847, -1.888524264]]]}}, {"type": "Feature", "id": "training_2025_20250829_20250901_r003_c009_00040", "properties": {"patch_id": "training_2025_20250829_20250901_r003_c009_00040", "training_tag": "training_2025_20250829_20250901", "year": 2025, "split": "validation", "cluster_id": 3, "dominant_interpretation": "vegetation", "weak_source_fraction": 0.968607, "anomaly_score": 0.600094, "review_priority": "embedding_supported", "review_reason": "embedding cluster has compatible weak-source interpretation", "area_m2": 1638400.0}, "geometry": {"type": "Polygon", "coordinates": [[[30.075171094, -1.888503829], [30.086663593, -1.888483318], [30.086684079, -1.900046839], [30.075191504, -1.900067476], [30.075171094, -1.888503829]]]}}, {"type": "Feature", "id": "training_2025_20250829_20250901_r003_c010_00041", "properties": {"patch_id": "training_2025_20250829_20250901_r003_c010_00041", "training_tag": "training_2025_20250829_20250901", "year": 2025, "split": "validation", "cluster_id": 5, "dominant_interpretation": "vegetation", "weak_source_fraction": 1.0, "anomaly_score": 0.35773, "review_priority": "embedding_supported", "review_reason": "embedding cluster has compatible weak-source interpretation", "area_m2": 1638400.0}, "geometry": {"type": "Polygon", "coordinates": [[[30.086663593, -1.888483318], [30.098155967, -1.888462731], [30.098176529, -1.900026125], [30.086684079, -1.900046839], [30.086663593, -1.888483318]]]}}, {"type": "Feature", "id": "training_2025_20250829_20250901_r003_c011_00042", "properties": {"patch_id": "training_2025_20250829_20250901_r003_c011_00042", "training_tag": "training_2025_20250829_20250901", "year": 2025, "split": "validation", "cluster_id": 1, "dominant_interpretation": "vegetation", "weak_source_fraction": 0.975898, "anomaly_score": 0.516478, "review_priority": "embedding_supported", "review_reason": "embedding cluster has compatible weak-source interpretation", "area_m2": 1638400.0}, "geometry": {"type": "Polygon", "coordinates": [[[30.098155967, -1.888462731], [30.109648215, -1.888442067], [30.109668853, -1.900005335], [30.098176529, -1.900026125], [30.098155967, -1.888462731]]]}}, {"type": "Feature", "id": "training_2025_20250829_20250901_r003_c012_00043", "properties": {"patch_id": "training_2025_20250829_20250901_r003_c012_00043", "training_tag": "training_2025_20250829_20250901", "year": 2025, "split": "validation", "cluster_id": 5, "dominant_interpretation": "vegetation", "weak_source_fraction": 0.997862, "anomaly_score": 0.248918, "review_priority": "embedding_supported", "review_reason": "embedding cluster has compatible weak-source interpretation", "area_m2": 1638400.0}, "geometry": {"type": "Polygon", "coordinates": [[[30.109648215, -1.888442067], [30.121140337, -1.888421327], [30.121161051, -1.899984468], [30.109668853, -1.900005335], [30.109648215, -1.888442067]]]}}, {"type": "Feature", "id": "training_2025_20250829_20250901_r003_c013_00044", "properties": {"patch_id": "training_2025_20250829_20250901_r003_c013_00044", "training_tag": "training_2025_20250829_20250901", "year": 2025, "split": "validation", "cluster_id": 1, "dominant_interpretation": "vegetation", "weak_source_fraction": 0.999441, "anomaly_score": 0.224983, "review_priority": "embedding_supported", "review_reason": "embedding cluster has compatible weak-source interpretation", "area_m2": 1638400.0}, "geometry": {"type": "Polygon", "coordinates": [[[30.121140337, -1.888421327], [30.132632332, -1.888400511], [30.132653122, -1.899963524], [30.121161051, -1.899984468], [30.121140337, -1.888421327]]]}}, {"type": "Feature", "id": "training_2025_20250829_20250901_r003_c014_00045", "properties": {"patch_id": "training_2025_20250829_20250901_r003_c014_00045", "training_tag": "training_2025_20250829_20250901", "year": 2025, "split": "validation", "cluster_id": 1, "dominant_interpretation": "vegetation", "weak_source_fraction": 1.0, "anomaly_score": 0.262565, "review_priority": "embedding_supported", "review_reason": "embedding cluster has compatible weak-source interpretation", "area_m2": 1638400.0}, "geometry": {"type": "Polygon", "coordinates": [[[30.132632332, -1.888400511], [30.1441242, -1.888379619], [30.144145066, -1.899942504], [30.132653122, -1.899963524], [30.132632332, -1.888400511]]]}}, {"type": "Feature", "id": "training_2025_20250829_20250901_r004_c000_00046", "properties": {"patch_id": "training_2025_20250829_20250901_r004_c000_00046", "training_tag": "training_2025_20250829_20250901", "year": 2025, "split": "validation", "cluster_id": 3, "dominant_interpretation": "vegetation", "weak_source_fraction": 0.537215, "anomaly_score": 0.843572, "review_priority": "weak_support_review", "review_reason": "mixed or weak-source support", "area_m2": 1638400.0}, "geometry": {"type": "Polygon", "coordinates": [[[29.971752767, -1.900249756], [29.983246449, -1.90022981], [29.983266371, -1.911794443], [29.971772613, -1.911814511], [29.971752767, -1.900249756]]]}}, {"type": "Feature", "id": "training_2025_20250829_20250901_r004_c001_00047", "properties": {"patch_id": "training_2025_20250829_20250901_r004_c001_00047", "training_tag": "training_2025_20250829_20250901", "year": 2025, "split": "validation", "cluster_id": 2, "dominant_interpretation": "vegetation", "weak_source_fraction": 0.518096, "anomaly_score": 0.324987, "review_priority": "weak_support_review", "review_reason": "mixed or weak-source support", "area_m2": 1638400.0}, "geometry": {"type": "Polygon", "coordinates": [[[29.983246449, -1.90022981], [29.994740009, -1.900209787], [29.994760009, -1.911774298], [29.983266371, -1.911794443], [29.983246449, -1.90022981]]]}}, {"type": "Feature", "id": "training_2025_20250829_20250901_r004_c002_00048", "properties": {"patch_id": "training_2025_20250829_20250901_r004_c002_00048", "training_tag": "training_2025_20250829_20250901", "year": 2025, "split": "validation", "cluster_id": 2, "dominant_interpretation": "built_up", "weak_source_fraction": 0.739619, "anomaly_score": 0.25961, "review_priority": "embedding_supported", "review_reason": "embedding cluster has compatible weak-source interpretation", "area_m2": 1638400.0}, "geometry": {"type": "Polygon", "coordinates": [[[29.994740009, -1.900209787], [30.006233448, -1.900189687], [30.006253524, -1.911754076], [29.994760009, -1.911774298], [29.994740009, -1.900209787]]]}}, {"type": "Feature", "id": "training_2025_20250829_20250901_r004_c003_00049", "properties": {"patch_id": "training_2025_20250829_20250901_r004_c003_00049", "training_tag": "training_2025_20250829_20250901", "year": 2025, "split": "validation", "cluster_id": 8, "dominant_interpretation": "built_up", "weak_source_fraction": 0.960394, "anomaly_score": 0.0, "review_priority": "embedding_supported", "review_reason": "embedding cluster has compatible weak-source interpretation", "area_m2": 1638400.0}, "geometry": {"type": "Polygon", "coordinates": [[[30.006233448, -1.900189687], [30.017726765, -1.90016951], [30.017746918, -1.911733776], [30.006253524, -1.911754076], [30.006233448, -1.900189687]]]}}, {"type": "Feature", "id": "training_2025_20250829_20250901_r004_c004_00050", "properties": {"patch_id": "training_2025_20250829_20250901_r004_c004_00050", "training_tag": "training_2025_20250829_20250901", "year": 2025, "split": "validation", "cluster_id": 8, "dominant_interpretation": "built_up", "weak_source_fraction": 0.915593, "anomaly_score": 0.072385, "review_priority": "embedding_supported", "review_reason": "embedding cluster has compatible weak-source interpretation", "area_m2": 1638400.0}, "geometry": {"type": "Polygon", "coordinates": [[[30.017726765, -1.90016951], [30.02921996, -1.900149256], [30.029240189, -1.911713399], [30.017746918, -1.911733776], [30.017726765, -1.90016951]]]}}, {"type": "Feature", "id": "training_2025_20250829_20250901_r004_c005_00051", "properties": {"patch_id": "training_2025_20250829_20250901_r004_c005_00051", "training_tag": "training_2025_20250829_20250901", "year": 2025, "split": "validation", "cluster_id": 2, "dominant_interpretation": "built_up", "weak_source_fraction": 0.601536, "anomaly_score": 0.705829, "review_priority": "weak_support_review", "review_reason": "mixed or weak-source support", "area_m2": 1638400.0}, "geometry": {"type": "Polygon", "coordinates": [[[30.02921996, -1.900149256], [30.040713031, -1.900128926], [30.040733337, -1.911692945], [30.029240189, -1.911713399], [30.02921996, -1.900149256]]]}}, {"type": "Feature", "id": "training_2025_20250829_20250901_r004_c006_00052", "properties": {"patch_id": "training_2025_20250829_20250901_r004_c006_00052", "training_tag": "training_2025_20250829_20250901", "year": 2025, "split": "validation", "cluster_id": 7, "dominant_interpretation": "vegetation", "weak_source_fraction": 1.0, "anomaly_score": 0.441742, "review_priority": "embedding_supported", "review_reason": "embedding cluster has compatible weak-source interpretation", "area_m2": 1638400.0}, "geometry": {"type": "Polygon", "coordinates": [[[30.040713031, -1.900128926], [30.05220598, -1.900108519], [30.052226361, -1.911672414], [30.040733337, -1.911692945], [30.040713031, -1.900128926]]]}}, {"type": "Feature", "id": "training_2025_20250829_20250901_r004_c007_00053", "properties": {"patch_id": "training_2025_20250829_20250901_r004_c007_00053", "training_tag": "training_2025_20250829_20250901", "year": 2025, "split": "validation", "cluster_id": 3, "dominant_interpretation": "vegetation", "weak_source_fraction": 0.545009, "anomaly_score": 0.697896, "review_priority": "weak_support_review", "review_reason": "mixed or weak-source support", "area_m2": 1638400.0}, "geometry": {"type": "Polygon", "coordinates": [[[30.05220598, -1.900108519], [30.063698804, -1.900088036], [30.063719262, -1.911651806], [30.052226361, -1.911672414], [30.05220598, -1.900108519]]]}}, {"type": "Feature", "id": "training_2025_20250829_20250901_r004_c008_00054", "properties": {"patch_id": "training_2025_20250829_20250901_r004_c008_00054", "training_tag": "training_2025_20250829_20250901", "year": 2025, "split": "validation", "cluster_id": 3, "dominant_interpretation": "vegetation", "weak_source_fraction": 0.61086, "anomaly_score": 0.230154, "review_priority": "weak_support_review", "review_reason": "mixed or weak-source support", "area_m2": 1638400.0}, "geometry": {"type": "Polygon", "coordinates": [[[30.063698804, -1.900088036], [30.075191504, -1.900067476], [30.075212038, -1.91163112], [30.063719262, -1.911651806], [30.063698804, -1.900088036]]]}}, {"type": "Feature", "id": "training_2025_20250829_20250901_r004_c009_00055", "properties": {"patch_id": "training_2025_20250829_20250901_r004_c009_00055", "training_tag": "training_2025_20250829_20250901", "year": 2025, "split": "validation", "cluster_id": 5, "dominant_interpretation": "vegetation", "weak_source_fraction": 0.980938, "anomaly_score": 0.009651, "review_priority": "embedding_supported", "review_reason": "embedding cluster has compatible weak-source interpretation", "area_m2": 1638400.0}, "geometry": {"type": "Polygon", "coordinates": [[[30.075191504, -1.900067476], [30.086684079, -1.900046839], [30.08670469, -1.911610358], [30.075212038, -1.91163112], [30.075191504, -1.900067476]]]}}, {"type": "Feature", "id": "training_2025_20250829_20250901_r004_c010_00056", "properties": {"patch_id": "training_2025_20250829_20250901_r004_c010_00056", "training_tag": "training_2025_20250829_20250901", "year": 2025, "split": "validation", "cluster_id": 3, "dominant_interpretation": "vegetation", "weak_source_fraction": 0.881593, "anomaly_score": 0.41035, "review_priority": "embedding_supported", "review_reason": "embedding cluster has compatible weak-source interpretation", "area_m2": 1638400.0}, "geometry": {"type": "Polygon", "coordinates": [[[30.086684079, -1.900046839], [30.098176529, -1.900026125], [30.098197216, -1.911589518], [30.08670469, -1.911610358], [30.086684079, -1.900046839]]]}}, {"type": "Feature", "id": "training_2025_20250829_20250901_r004_c011_00057", "properties": {"patch_id": "training_2025_20250829_20250901_r004_c011_00057", "training_tag": "training_2025_20250829_20250901", "year": 2025, "split": "validation", "cluster_id": 5, "dominant_interpretation": "vegetation", "weak_source_fraction": 0.998486, "anomaly_score": 0.089026, "review_priority": "embedding_supported", "review_reason": "embedding cluster has compatible weak-source interpretation", "area_m2": 1638400.0}, "geometry": {"type": "Polygon", "coordinates": [[[30.098176529, -1.900026125], [30.109668853, -1.900005335], [30.109689616, -1.911568601], [30.098197216, -1.911589518], [30.098176529, -1.900026125]]]}}, {"type": "Feature", "id": "training_2025_20250829_20250901_r004_c012_00058", "properties": {"patch_id": "training_2025_20250829_20250901_r004_c012_00058", "training_tag": "training_2025_20250829_20250901", "year": 2025, "split": "validation", "cluster_id": 5, "dominant_interpretation": "vegetation", "weak_source_fraction": 1.0, "anomaly_score": 0.103691, "review_priority": "embedding_supported", "review_reason": "embedding cluster has compatible weak-source interpretation", "area_m2": 1638400.0}, "geometry": {"type": "Polygon", "coordinates": [[[30.109668853, -1.900005335], [30.121161051, -1.899984468], [30.121181891, -1.911547607], [30.109689616, -1.911568601], [30.109668853, -1.900005335]]]}}, {"type": "Feature", "id": "training_2025_20250829_20250901_r004_c013_00059", "properties": {"patch_id": "training_2025_20250829_20250901_r004_c013_00059", "training_tag": "training_2025_20250829_20250901", "year": 2025, "split": "validation", "cluster_id": 5, "dominant_interpretation": "vegetation", "weak_source_fraction": 1.0, "anomaly_score": 0.159584, "review_priority": "embedding_supported", "review_reason": "embedding cluster has compatible weak-source interpretation", "area_m2": 1638400.0}, "geometry": {"type": "Polygon", "coordinates": [[[30.121161051, -1.899984468], [30.132653122, -1.899963524], [30.132674038, -1.911526536], [30.121181891, -1.911547607], [30.121161051, -1.899984468]]]}}, {"type": "Feature", "id": "training_2025_20250829_20250901_r004_c014_00060", "properties": {"patch_id": "training_2025_20250829_20250901_r004_c014_00060", "training_tag": "training_2025_20250829_20250901", "year": 2025, "split": "validation", "cluster_id": 1, "dominant_interpretation": "vegetation", "weak_source_fraction": 0.878728, "anomaly_score": 0.138297, "review_priority": "embedding_supported", "review_reason": "embedding cluster has compatible weak-source interpretation", "area_m2": 1638400.0}, "geometry": {"type": "Polygon", "coordinates": [[[30.132653122, -1.899963524], [30.144145066, -1.899942504], [30.144166059, -1.911505388], [30.132674038, -1.911526536], [30.132653122, -1.899963524]]]}}, {"type": "Feature", "id": "training_2025_20250829_20250901_r005_c000_00061", "properties": {"patch_id": "training_2025_20250829_20250901_r005_c000_00061", "training_tag": "training_2025_20250829_20250901", "year": 2025, "split": "validation", "cluster_id": 2, "dominant_interpretation": "built_up", "weak_source_fraction": 0.827149, "anomaly_score": 0.820876, "review_priority": "embedding_supported", "review_reason": "embedding cluster has compatible weak-source interpretation", "area_m2": 1638400.0}, "geometry": {"type": "Polygon", "coordinates": [[[29.971772613, -1.911814511], [29.983266371, -1.911794443], [29.983286415, -1.923359075], [29.97179258, -1.923379264], [29.971772613, -1.911814511]]]}}, {"type": "Feature", "id": "training_2025_20250829_20250901_r005_c001_00062", "properties": {"patch_id": "training_2025_20250829_20250901_r005_c001_00062", "training_tag": "training_2025_20250829_20250901", "year": 2025, "split": "validation", "cluster_id": 2, "dominant_interpretation": "built_up", "weak_source_fraction": 0.562196, "anomaly_score": 0.792547, "review_priority": "weak_support_review", "review_reason": "mixed or weak-source support", "area_m2": 1638400.0}, "geometry": {"type": "Polygon", "coordinates": [[[29.983266371, -1.911794443], [29.994760009, -1.911774298], [29.994780129, -1.923338808], [29.983286415, -1.923359075], [29.983266371, -1.911794443]]]}}, {"type": "Feature", "id": "training_2025_20250829_20250901_r005_c002_00063", "properties": {"patch_id": "training_2025_20250829_20250901_r005_c002_00063", "training_tag": "training_2025_20250829_20250901", "year": 2025, "split": "validation", "cluster_id": 4, "dominant_interpretation": "built_up", "weak_source_fraction": 0.694132, "anomaly_score": 0.249938, "review_priority": "embedding_supported", "review_reason": "embedding cluster has compatible weak-source interpretation", "area_m2": 1638400.0}, "geometry": {"type": "Polygon", "coordinates": [[[29.994760009, -1.911774298], [30.006253524, -1.911754076], [30.006273722, -1.923318463], [29.994780129, -1.923338808], [29.994760009, -1.911774298]]]}}, {"type": "Feature", "id": "training_2025_20250829_20250901_r005_c003_00064", "properties": {"patch_id": "training_2025_20250829_20250901_r005_c003_00064", "training_tag": "training_2025_20250829_20250901", "year": 2025, "split": "validation", "cluster_id": 8, "dominant_interpretation": "built_up", "weak_source_fraction": 0.829237, "anomaly_score": 0.528998, "review_priority": "embedding_supported", "review_reason": "embedding cluster has compatible weak-source interpretation", "area_m2": 1638400.0}, "geometry": {"type": "Polygon", "coordinates": [[[30.006253524, -1.911754076], [30.017746918, -1.911733776], [30.017767192, -1.92329804], [30.006273722, -1.923318463], [30.006253524, -1.911754076]]]}}, {"type": "Feature", "id": "training_2025_20250829_20250901_r005_c004_00065", "properties": {"patch_id": "training_2025_20250829_20250901_r005_c004_00065", "training_tag": "training_2025_20250829_20250901", "year": 2025, "split": "validation", "cluster_id": 2, "dominant_interpretation": "built_up", "weak_source_fraction": 0.762107, "anomaly_score": 0.379709, "review_priority": "embedding_supported", "review_reason": "embedding cluster has compatible weak-source interpretation", "area_m2": 1638400.0}, "geometry": {"type": "Polygon", "coordinates": [[[30.017746918, -1.911733776], [30.029240189, -1.911713399], [30.02926054, -1.92327754], [30.017767192, -1.92329804], [30.017746918, -1.911733776]]]}}, {"type": "Feature", "id": "training_2025_20250829_20250901_r005_c005_00066", "properties": {"patch_id": "training_2025_20250829_20250901_r005_c005_00066", "training_tag": "training_2025_20250829_20250901", "year": 2025, "split": "validation", "cluster_id": 1, "dominant_interpretation": "vegetation", "weak_source_fraction": 1.0, "anomaly_score": 0.269773, "review_priority": "embedding_supported", "review_reason": "embedding cluster has compatible weak-source interpretation", "area_m2": 1638400.0}, "geometry": {"type": "Polygon", "coordinates": [[[30.029240189, -1.911713399], [30.040733337, -1.911692945], [30.040753765, -1.923256962], [30.02926054, -1.92327754], [30.029240189, -1.911713399]]]}}, {"type": "Feature", "id": "training_2025_20250829_20250901_r005_c006_00067", "properties": {"patch_id": "training_2025_20250829_20250901_r005_c006_00067", "training_tag": "training_2025_20250829_20250901", "year": 2025, "split": "validation", "cluster_id": 3, "dominant_interpretation": "vegetation", "weak_source_fraction": 0.844808, "anomaly_score": 0.48004, "review_priority": "embedding_supported", "review_reason": "embedding cluster has compatible weak-source interpretation", "area_m2": 1638400.0}, "geometry": {"type": "Polygon", "coordinates": [[[30.040733337, -1.911692945], [30.052226361, -1.911672414], [30.052246867, -1.923236307], [30.040753765, -1.923256962], [30.040733337, -1.911692945]]]}}, {"type": "Feature", "id": "training_2025_20250829_20250901_r005_c007_00068", "properties": {"patch_id": "training_2025_20250829_20250901_r005_c007_00068", "training_tag": "training_2025_20250829_20250901", "year": 2025, "split": "validation", "cluster_id": 7, "dominant_interpretation": "vegetation", "weak_source_fraction": 0.916557, "anomaly_score": 0.472055, "review_priority": "embedding_supported", "review_reason": "embedding cluster has compatible weak-source interpretation", "area_m2": 1638400.0}, "geometry": {"type": "Polygon", "coordinates": [[[30.052226361, -1.911672414], [30.063719262, -1.911651806], [30.063739844, -1.923215574], [30.052246867, -1.923236307], [30.052226361, -1.911672414]]]}}, {"type": "Feature", "id": "training_2025_20250829_20250901_r005_c008_00069", "properties": {"patch_id": "training_2025_20250829_20250901_r005_c008_00069", "training_tag": "training_2025_20250829_20250901", "year": 2025, "split": "validation", "cluster_id": 7, "dominant_interpretation": "vegetation", "weak_source_fraction": 0.998414, "anomaly_score": 0.112144, "review_priority": "embedding_supported", "review_reason": "embedding cluster has compatible weak-source interpretation", "area_m2": 1638400.0}, "geometry": {"type": "Polygon", "coordinates": [[[30.063719262, -1.911651806], [30.075212038, -1.91163112], [30.075232698, -1.923194763], [30.063739844, -1.923215574], [30.063719262, -1.911651806]]]}}, {"type": "Feature", "id": "training_2025_20250829_20250901_r005_c009_00070", "properties": {"patch_id": "training_2025_20250829_20250901_r005_c009_00070", "training_tag": "training_2025_20250829_20250901", "year": 2025, "split": "validation", "cluster_id": 7, "dominant_interpretation": "vegetation", "weak_source_fraction": 0.995425, "anomaly_score": 0.0, "review_priority": "embedding_supported", "review_reason": "embedding cluster has compatible weak-source interpretation", "area_m2": 1638400.0}, "geometry": {"type": "Polygon", "coordinates": [[[30.075212038, -1.91163112], [30.08670469, -1.911610358], [30.086725426, -1.923173875], [30.075232698, -1.923194763], [30.075212038, -1.91163112]]]}}, {"type": "Feature", "id": "training_2025_20250829_20250901_r005_c010_00071", "properties": {"patch_id": "training_2025_20250829_20250901_r005_c010_00071", "training_tag": "training_2025_20250829_20250901", "year": 2025, "split": "validation", "cluster_id": 5, "dominant_interpretation": "vegetation", "weak_source_fraction": 0.993524, "anomaly_score": 0.689694, "review_priority": "embedding_supported", "review_reason": "embedding cluster has compatible weak-source interpretation", "area_m2": 1638400.0}, "geometry": {"type": "Polygon", "coordinates": [[[30.08670469, -1.911610358], [30.098197216, -1.911589518], [30.098218029, -1.923152909], [30.086725426, -1.923173875], [30.08670469, -1.911610358]]]}}, {"type": "Feature", "id": "training_2025_20250829_20250901_r005_c011_00072", "properties": {"patch_id": "training_2025_20250829_20250901_r005_c011_00072", "training_tag": "training_2025_20250829_20250901", "year": 2025, "split": "validation", "cluster_id": 5, "dominant_interpretation": "vegetation", "weak_source_fraction": 1.0, "anomaly_score": 0.168264, "review_priority": "embedding_supported", "review_reason": "embedding cluster has compatible weak-source interpretation", "area_m2": 1638400.0}, "geometry": {"type": "Polygon", "coordinates": [[[30.098197216, -1.911589518], [30.109689616, -1.911568601], [30.109710507, -1.923131866], [30.098218029, -1.923152909], [30.098197216, -1.911589518]]]}}, {"type": "Feature", "id": "training_2025_20250829_20250901_r005_c012_00073", "properties": {"patch_id": "training_2025_20250829_20250901_r005_c012_00073", "training_tag": "training_2025_20250829_20250901", "year": 2025, "split": "validation", "cluster_id": 5, "dominant_interpretation": "vegetation", "weak_source_fraction": 0.999523, "anomaly_score": 0.187445, "review_priority": "embedding_supported", "review_reason": "embedding cluster has compatible weak-source interpretation", "area_m2": 1638400.0}, "geometry": {"type": "Polygon", "coordinates": [[[30.109689616, -1.911568601], [30.121181891, -1.911547607], [30.121202858, -1.923110744], [30.109710507, -1.923131866], [30.109689616, -1.911568601]]]}}, {"type": "Feature", "id": "training_2025_20250829_20250901_r005_c013_00074", "properties": {"patch_id": "training_2025_20250829_20250901_r005_c013_00074", "training_tag": "training_2025_20250829_20250901", "year": 2025, "split": "validation", "cluster_id": 7, "dominant_interpretation": "vegetation", "weak_source_fraction": 0.925773, "anomaly_score": 0.401474, "review_priority": "embedding_supported", "review_reason": "embedding cluster has compatible weak-source interpretation", "area_m2": 1638400.0}, "geometry": {"type": "Polygon", "coordinates": [[[30.121181891, -1.911547607], [30.132674038, -1.911526536], [30.132695082, -1.923089546], [30.121202858, -1.923110744], [30.121181891, -1.911547607]]]}}, {"type": "Feature", "id": "training_2025_20250829_20250901_r005_c014_00075", "properties": {"patch_id": "training_2025_20250829_20250901_r005_c014_00075", "training_tag": "training_2025_20250829_20250901", "year": 2025, "split": "validation", "cluster_id": 1, "dominant_interpretation": "vegetation", "weak_source_fraction": 0.854466, "anomaly_score": 0.176651, "review_priority": "embedding_supported", "review_reason": "embedding cluster has compatible weak-source interpretation", "area_m2": 1638400.0}, "geometry": {"type": "Polygon", "coordinates": [[[30.132674038, -1.911526536], [30.144166059, -1.911505388], [30.14418718, -1.923068269], [30.132695082, -1.923089546], [30.132674038, -1.911526536]]]}}, {"type": "Feature", "id": "training_2025_20250829_20250901_r006_c000_00076", "properties": {"patch_id": "training_2025_20250829_20250901_r006_c000_00076", "training_tag": "training_2025_20250829_20250901", "year": 2025, "split": "validation", "cluster_id": 8, "dominant_interpretation": "built_up", "weak_source_fraction": 0.94611, "anomaly_score": 0.832527, "review_priority": "embedding_supported", "review_reason": "embedding cluster has compatible weak-source interpretation", "area_m2": 1638400.0}, "geometry": {"type": "Polygon", "coordinates": [[[29.97179258, -1.923379264], [29.983286415, -1.923359075], [29.98330658, -1.934923705], [29.971812668, -1.934944016], [29.97179258, -1.923379264]]]}}, {"type": "Feature", "id": "training_2025_20250829_20250901_r006_c001_00077", "properties": {"patch_id": "training_2025_20250829_20250901_r006_c001_00077", "training_tag": "training_2025_20250829_20250901", "year": 2025, "split": "validation", "cluster_id": 2, "dominant_interpretation": "built_up", "weak_source_fraction": 0.818321, "anomaly_score": 1.0, "review_priority": "high_anomaly", "review_reason": "high embedding anomaly", "area_m2": 1638400.0}, "geometry": {"type": "Polygon", "coordinates": [[[29.983286415, -1.923359075], [29.994780129, -1.923338808], [29.994800372, -1.934903315], [29.98330658, -1.934923705], [29.983286415, -1.923359075]]]}}, {"type": "Feature", "id": "training_2025_20250829_20250901_r006_c002_00078", "properties": {"patch_id": "training_2025_20250829_20250901_r006_c002_00078", "training_tag": "training_2025_20250829_20250901", "year": 2025, "split": "validation", "cluster_id": 4, "dominant_interpretation": "built_up", "weak_source_fraction": 0.870073, "anomaly_score": 0.364229, "review_priority": "embedding_supported", "review_reason": "embedding cluster has compatible weak-source interpretation", "area_m2": 1638400.0}, "geometry": {"type": "Polygon", "coordinates": [[[29.994780129, -1.923338808], [30.006273722, -1.923318463], [30.006294042, -1.934882848], [29.994800372, -1.934903315], [29.994780129, -1.923338808]]]}}, {"type": "Feature", "id": "training_2025_20250829_20250901_r006_c003_00079", "properties": {"patch_id": "training_2025_20250829_20250901_r006_c003_00079", "training_tag": "training_2025_20250829_20250901", "year": 2025, "split": "validation", "cluster_id": 1, "dominant_interpretation": "vegetation", "weak_source_fraction": 0.506482, "anomaly_score": 0.439292, "review_priority": "weak_support_review", "review_reason": "mixed or weak-source support", "area_m2": 1638400.0}, "geometry": {"type": "Polygon", "coordinates": [[[30.006273722, -1.923318463], [30.017767192, -1.92329804], [30.017787589, -1.934862303], [30.006294042, -1.934882848], [30.006273722, -1.923318463]]]}}]}